from_id,to_id,relation,anchor,evidence_quote,INFERRED,inferred_reason
REAL,SIM,replicates,大审查/衔尾蛇/reports/X1_静态基线.md:3,三探针全部复现报告代码审查的预测：并发丢更新 75%、截断攻击密码学层全盲、绕过引擎编辑被 doctor 当场抓住,no,实体总表§三：SIM→REAL 复现/检验关系；X1 实测复现报告代码审查三探针预测（规划书使命=复现并检验混元报告主张）
REAL,SIM,refutes,大审查/zcode/自演化实验总树与总报告-全轮次.md:57,真引擎仅浅谷（6/8），strict 7/8 自愈——E7 戏剧性分离是人工地形产物,no,实体总表§三：REAL→SIM 多处未复现/翻案（总树:57 E7 缩水——戏剧性分离是人工地形产物）
DS,SIM,replicates,库调试工作区/references/两轴模型与演化授权-v1.md:4,混元 26 轮离线推演（125 实验）+ 衔尾蛇真引擎六轮（280+ run）+ DeepSeek 线独立复现，三线交叉,no,实体总表§三：两轴模型称三线交叉验证——DeepSeek 线独立复现
REAL,DS,replicates,大审查/deepseek/DeepSeek交接验收报告-衔尾蛇线验收.md:23,独立收敛的结论**（三线互证）：灾难性遗忘 Pareto 防护（R1-1 复现 ✓）、eval 后根不一致 S7（双线同,no,实体总表§三：DS↔REAL 独立复现；衔尾蛇线验收 DS 交接，独立收敛结论三线互证（R1-1 复现✓）。时序说明：验收报告针对 DS 已完成的 v3.1.0 交接基线（R1-R5 后出具），from 晚于 to，非倒流
VERIF,SIM,replicates,猴子记忆库推演/reports/00-验证总报告.md:122,证实 26 项、部分证实/表述偏差 3 项、已被修复 1 项（P0-1b）、证伪 0 项、无法验证（材料缺失）11+ 项,no,实体总表§三：VERIF→SIM 逐条构造性复现（三态总表：证实26/部分3/已修1/证伪0/无法验证11+）
SIM-E14C,SIM-E14,refutes,大审查/混元/bootstrap_自演化推演_第四轮.md:244,**近因加权是毒** | **第三轮建议在漂移下放大污染** | **自我证伪**,no,E14c 自我证伪：近因加权是毒，第三轮建议在漂移下放大污染
SIM-E24,SIM-E10,supersedes,猴子记忆库推演/自演化推演_实验总报告17轮后.md:630,"13. **任何影响""是否被采纳""的参数必须冻结，或只能朝更严格方向演化**（E24 修正 E10）",no,E24 修正 E10：任何影响'是否被采纳'的参数必须冻结，或只能朝更严格方向演化
SIM-E28,SIM-E23,refutes,猴子记忆库推演/自演化推演_实验总报告17轮后.md:202,| **28** | **层次化归并** | **远差于平铺（0.12 vs 0.90）；推翻 E23 建议** | *,no,E28 层次化归并远差于平铺（0.12 vs 0.90），推翻 E23 建议
SIM-E31,SIM-E8,refutes,猴子记忆库推演/自演化推演_实验总报告17轮后.md:205,| 31 | 留出集轮换 | 未复现 E8 膨胀；结论不成立 | 否定性 |,no,E31 留出集轮换未复现 E8 膨胀，结论不成立
SIM-E36,SIM-E29b,replicates,大审查/混元/bootstrap_自演化推演_第八轮.md:88,margin **过大**（0.15） | **致命**：120 代零采纳，演化完全停摆（E29b）,no,E36 证实 E29b：margin 过大（0.15）致命——120 代零采纳，演化完全停摆
SIM-E38,SIM-E9,refutes,大审查/混元/bootstrap_自演化推演_第九轮.md:85,标注条数与终局效用的关系在本实验中不单调**（20 条 +0.096 > 50 条 +0.015）。这与 E9（样本越多,no,E38 标注条数与终局效用不单调（20条>50条），与 E9（样本越多τ越高）矛盾
SIM-E59,SIM-E48,refutes,大审查/混元/bootstrap_自演化推演_第十三轮.md:79,"等预算下多主线的收益不确定。** 12 个种子在此操作点的噪声较大（±0.05），本实验不足以给出可靠推荐。E48 的""",no,E59 等预算下 E48'多岛 +29%'未被复现（12 种子噪声 ±0.05）
SIM-E65,SIM-E29b,replicates,大审查/混元/bootstrap_自演化推演_第十四轮.md:106,唯一可信的是 `margin_large`（+0.1525）**——它复现了 E29b：margin 过大导致完全停摆（,no,margin_large 复现 E29b：margin 过大导致完全停摆（+0.0000=零采纳）
SIM-E67,SIM-E3,contradicts,大审查/混元/bootstrap_自演化推演_第十五轮.md:51,伪特征场景下，开护栏反而略差（−0.0065）。** 这与 E3（留出集门防过拟合）矛盾。,no,E67 伪特征场景开护栏反而略差（−0.0065），与 E3（留出集门防过拟合）矛盾
SIM-E68,SIM-E66,supersedes,大审查/混元/bootstrap_自演化推演_第十五轮.md:78,参数之间存在交互，但交互很弱**（联合最优仅比独立最优高 0.006，在噪声内）。**独立调优不是问题，跨场景套用才是问,yes,机械推断链：E66(14轮:58)断言'不要逐参数独立调优'（列 E30/E55/E36 组合风险）；E68(15轮:78)实测参数交互极弱（联合仅高 0.006，噪声内）'独立调优不是问题'→修正 E66
SIM-E88,SIM-E86,refutes,大审查/混元/bootstrap_自演化推演_第十九轮.md:138,推翻修正 57**：维度是否是稀释剂取决于算子能否协调多维。**真实系统（prompt 改写）应按协调式理解：维度越多越,yes,机械推断链：E86(18轮:80)结论'维度稀释危险'（维度64 真值为正）；19轮 E88 推翻修正57——'维度是否稀释取决于算子协调性，真实系统维度越多越危险'，主题即 E86 的维度稀释结论
SIM-E93,SIM-E64,supersedes,大审查/混元/bootstrap_自演化推演_第二十轮.md:50,修正 E64 的门槛**：150 → **300**（judge 可被操纵时的现实值,no,E93 修正 E64 的注意力门槛：150 → 300（judge 可被操纵时的现实值）
SIM-E95,SIM-E87,replicates,大审查/混元/bootstrap_自演化推演_第二十轮.md:90,盲评有效**：开启后从 −0.0035 变 +0.0127。这是 E87 在真实世界的复现,no,盲评开启后 −0.0035 → +0.0127，是 E87 在真实世界的复现
SIM-E95,SIM-E55,contradicts,大审查/混元/bootstrap_自演化推演_第二十轮.md:98,tol 与 E55 矛盾**：tol=0.15（宽松）最好 +0.0412，tol=0.04 最差 +0.0127。E5,no,tol 与 E55 矛盾：tol=0.15（宽松）最好 +0.0412，而 E55 推荐 0.02–0.06
SIM-E105,SIM-E97b,supersedes,大审查/混元/bootstrap_自演化推演_第二十二轮.md:153,修正 E97b / 修正 68**：审计的收益**不是无条件的**，它依赖变异幅度,no,E105 修正 E97b：审计的收益不是无条件的，它依赖变异幅度
SIM-E115,SIM-E108,contradicts,大审查/混元/bootstrap_自演化推演_第二十四轮.md:131,这与 E108（单一污染世界 v4-B +0.151 >> v4-A +0.064）**完全相反,no,E115 复合世界 v4-B +0.053 < v4-A +0.069，与 E108（单一污染世界 v4-B 远大于 v4-A）完全相反
SIM-E125,SIM-E112,replicates,大审查/混元/P0验证_展示权重爆炸.md:33,"回退 0 次而 surf 已到 11.4** —— E112 的""审计没拦住""复现",no,E112 的'审计没拦住'复现：回退 0 次而 surf 已到 11.4
SIM-E125,SIM-E112,supersedes,大审查/混元/P0验证_展示权重爆炸.md:6,现象真实，但定性需要重大修正。解药不是新机制，而是已有的盲评,no,现象真实但定性需重大修正：解药不是新机制，而是已有的盲评
SIM-WEB-E132,SIM-E27,supersedes,大审查/混元/bootstrap_自演化推演_第二十八轮-网页端.md:47,回滚后停止是最差策略**（t=−5.76）——E27 说它略好,no,网页端 E132：回滚后停止是最差策略（t=−5.76）——E27 说它略好
SIM-WEB-E133,SIM-E27,supersedes,大审查/混元/bootstrap_自演化推演_第二十八轮-网页端.md:130,"E27""可回滚不是主要应对"" | **反了：它是 corrupt 下最强的单一机制",no,E27'可回滚不是主要应对'——反了：corrupt 下它是最强的单一机制
SIM-WEB-R28,SIM-R28,refutes,大审查/混元/bootstrap_自演化推演_第二十八轮-网页端.md:153,三条全错，其中两条方向相反,no,网页端 44 对重测本地第二十八轮：三条阴性结论全错，其中两条方向相反（2a 已撤回）
KB-TASK-024,SIM-R28,supersedes,knowledge/trajectories/2026-09-09/task-024-混元实验接手.md:32,撤回：本地报告 2a「rollback 无收益稳健」（基于被否的 exp27 缺陷实现，44 种子只是噪声镀金）,no,接手复核撤回本地报告 2a'rollback 无收益稳健'（基于被否的 exp27 缺陷实现，44 种子只是噪声镀金）
KB-TASK-024,SIM-E131,replicates,knowledge/trajectories/2026-09-09/task-024-混元实验接手.md:12,P0-1 strict 反转（漂移下有害 t=−2.60）；P0-2 回滚分臂（rollback_then_evolve,yes,机械推断链：E131=strict 审计从'无效'改判'漂移下有害'（28轮:17）；task-024 复跑 P0-1 strict 反转 t=−2.60，证实该改判
KB-TASK-024,SIM-WEB-E133,replicates,knowledge/trajectories/2026-09-09/task-024-混元实验接手.md:30,回退价值取决于退化原因且符号相反（corrupt +0.179 t=9.14 / drift −0.080 t=−4.5,no,接手复跑证实：回退价值取决于退化原因且符号相反（corrupt +0.179 t=9.14 / drift −0.080 t=−4.52）
SIM-SUM14,SIM-SUM,supersedes,大审查/混元/自演化推演_实验总报告-14轮后.md:3,66 个实验** + 3 个架构原型 + **17 次实验设计失败记录** + **14 次自我推翻,yes,版本链机械推断：总报告初版（SIM-SUM）→14轮后版（66 实验/14 次推翻），轮数口径后者更高（1-版本谱系§三：版本号最高者优先）
SIM-SUM23,SIM-SUM14,supersedes,大审查/混元/自演化推演_实验总报告23轮后.md:3,110 个实验** + 3 个架构原型 + **21 次实验设计失败记录** + **20 次自我推翻,yes,版本链机械推断：14轮后（66 实验）→23轮后（110 实验/20 次推翻），同链递进
SIM-SUM25,SIM-SUM23,supersedes,大审查/混元/自演化推演_实验总报告25轮后.md:3,120 个实验** + 3 个架构原型 + **21 次实验设计失败记录** + **23 次自我推翻,yes,版本链机械推断：23轮后（110 实验）→25轮后（120 实验/23 次推翻），同链递进
SIM-WO-V39,SIM-WO-V38,supersedes,大审查/混元/v3.9bootstrap_v3_v4重构工单集.md:15,消掉 P0-4（并发丢更新 92%）与一个此前未发现的安全硬伤（截断攻击检不出）,yes,工单版本链机械推断：v3.8 修复工单（33 张 BUG/ARCH）→v3.9 重构工单集；v3.9 以消掉 P0-4（并发丢更新 92%）为目标
DS-R1-1,SIM-E16,replicates,大审查/deepseek/结果_R1-1_reward切换与灾难性遗忘.md:22,Pareto 历史档案防遗忘判别成立（6/6）**：pareto 当前输出同样追 B(uA_mainline=0)，但其,no,Pareto 历史档案防遗忘判别成立（6/6）——E16 灾难性遗忘/Pareto 缓解结论复现
DS-R1-1,DS-H3,supersedes,大审查/deepseek/结果_R1-1_reward切换与灾难性遗忘.md:23,"H3 状态更新**：从""场景未达判别条件""升级为**判别条件成立且 Pareto 收益实证**（reward-form ",no,H3 状态更新：从'场景未达判别条件'升级为判别条件成立且 Pareto 收益实证
DS-R1-1,DS-DESIGN,supersedes,大审查/deepseek/结果_批次R1_超详尽大报告.md:42,判别条件=奖励形式切换（非权重域内换目标）+ 基因双向激活 + 档案保留历史。设计文档 F3 相应改判：**PASS（条,no,设计文档 F3 相应改判：PASS（条件满足时）
DS-R1-2,SIM-E81,replicates,大审查/deepseek/结果_批次R1_超详尽大报告.md:66,同源门控退化**：晋升门金标=judge 时 bare==gatedJ-noAudit（门没有独立信息 → 退化为无门）,no,晋升门金标=judge 时门退化为无门——E81'同源评审失效'在复合场景的复现
DS-R1-3,SIM-REPORT,replicates,大审查/deepseek/结果_批次R1_超详尽大报告.md:19,v3 两 P0 复现：并发 append accum=55/60（丢更新）；审计截断后链连续+根自洽（密码学静默）——完,yes,机械推断链：v3 两 P0（并发 accum 55/60、截断链/根静默）复现——P0 清单属混元总报告代码审查（'报告'按 DS 线引用口径解析为 17 轮后总报告 SIM-REPORT）
DS-P3,SIM-E81,replicates,大审查/deepseek/结果_探针3_judge通道污染.md:22,"E81 复现**：锚定集/锚定审计若来自同一个被表象污染的 judge（""judge 自洽性""检查），**0 次触发",no,E81 复现：锚定集/锚定审计来自同一个被表象污染的 judge 时 0 次触发
DS-P3,SIM-E81c,replicates,大审查/deepseek/结果_探针3_judge通道污染.md:23,E81c 复现**：周期性真值抽样(独立 rv 通道)在漂移后**≤3 代内检出并回退,no,E81c 复现：周期性真值抽样（独立 rv 通道）在漂移后 ≤3 代内检出并回退
DS-P6,SIM-E80,refutes,大审查/deepseek/结果_结项总报告_完整版.md:209,E80 的护栏负交互（v4<v3）未复现**（归因：单一主导改进采纳机会少 + 晋升门 hold=真值较 v4 保守 +,no,E80 护栏负交互（v4<v3）未复现，归因：单一主导改进+晋升门保守+审计 0 触发
DS-P1,SIM-E16,contradicts,大审查/deepseek/结果_结项总报告_完整版.md:121,"机制发现 M2**：单参数、顺序保持的权重空间无法表达""改进 A 伤害 B""的参数冲突；要触发遗忘需 judge 通道不",no,机制发现 M2：单参数顺序保持权重空间无法表达'改进A伤害B'的参数冲突——与 E16 参数冲突式遗忘机制表述相抵（需 judge 通道不随域更新才触发）
DS-BATCH-R1,SIM-E16,replicates,大审查/deepseek/交接包_零损失/doc/batch_r1/结果_批次R1_超详尽大报告.md:43,Pareto 历史档案防遗忘 6/6：当前输出同样追 B，但档案保留 A 权衡方向（bestA=1.0）——E16 的 ,no,Pareto 防遗忘 6/6（bestA=1.0）——E16 的 0.719 vs 0.547 在本检索空间复现
DS-BATCH-R1,SIM-E81,replicates,大审查/deepseek/交接包_零损失/doc/batch_r1/结果_批次R1_超详尽大报告.md:68,"晋升门金标=judge 时 bare==gatedJ-noAudit（门没有独立信息 → 退化为无门）——E81""同源评",no,晋升门金标=judge 时 bare==gatedJ-noAudit——E81 同源评审失效在复合场景复现
DS-BATCH-R2,SIM-E57,replicates,大审查/deepseek/交接包_零损失/doc/batch_r2/结果_批次R2_超详尽大报告.md:28,**E57 剂量化复现**：相关噪声(共享偏差)侵蚀门控的信息优势——corr 0→1 时 gated−bare 从 +,no,E57 剂量化复现：corr 0→1 时 gated−bare 从 +0.028 单调降到 0（完全共享偏差时同化）
DS-R2-N2,SIM-E57,replicates,大审查/deepseek/交接包_零损失/doc/batch_r2/结果_R2-N2_相关噪声剂量.md:17,**E57 以剂量形式复现**：引擎可见真值越接近名义(与 judge/spur 相关)，双门(晋升 hold=污染真值,no,E57 以剂量形式复现：相关噪声（共享偏差）侵蚀门控的信息优势
DS-PROBE6,SIM-E80,refutes,大审查/deepseek/交接包_零损失/doc/结果_探针6_复合危险.md:19,**E80 的护栏负交互（v4 劣于 v3）未复现**，原因（诚实归因）：,no,E80 的护栏负交互（v4 劣于 v3）未复现（诚实归因）；H9 处置为增益有限、无额外伤害
DS-REPORT,SIM-E80,refutes,大审查/deepseek/对外完整版总报告_v3.0.0.md:123,E80 负交互未复现（需更强复合+污染晋升门+采纳密集，已留证,no,E80 负交互未复现（需更强复合+污染晋升门+采纳密集，已留证）
DS-REPORT,DS-H3,supersedes,大审查/deepseek/对外完整版总报告_v3.0.0.md:102,除 F3(H3)外全 PASS；F3 改判：判别条件成立时 PASS,no,F3 改判：判别条件成立时 PASS
DS-REPORT,SIM-E81,motivated_by,大审查/deepseek/对外完整版总报告_v3.0.0.md:126,无法同源自证（E81）→ 独立真值抽样+异质标注；无法自知失败（E78）→ 双通道 gap/τ 统计；自主性有注意力门槛,no,不可能性回应：无法同源自证（E81）→独立真值抽样+异质标注
DS-REPORT,SIM-E78,motivated_by,大审查/deepseek/对外完整版总报告_v3.0.0.md:126,无法同源自证（E81）→ 独立真值抽样+异质标注；无法自知失败（E78）→ 双通道 gap/τ 统计；自主性有注意力门槛,no,不可能性回应：无法自知失败（E78）→双通道 gap/τ 统计
DS-REPORT,SIM-E64,motivated_by,大审查/deepseek/对外完整版总报告_v3.0.0.md:126,无法同源自证（E81）→ 独立真值抽样+异质标注；无法自知失败（E78）→ 双通道 gap/τ 统计；自主性有注意力门槛,no,不可能性回应：自主性有注意力门槛（E64/H8）→预算账本，不足即关
DS-FINAL,SIM-E81,replicates,大审查/deepseek/交接包_零损失/doc/结果_结项总报告_完整版.md:160,E81 复现：锚定审计来自被污染的同源 judge（自洽性检查）→ **0 次触发**，自报 0.67→0.77、真值在,no,E81 复现：同源 judge 锚定审计 0 次触发，自报 0.67→0.77 而真值变差
DS-FINAL,SIM-E81c,replicates,大审查/deepseek/交接包_零损失/doc/结果_结项总报告_完整版.md:161,E81c 复现：周期性真值抽样 **≤3 代检出并回退**（5/8 种子触发），真值终局=static、w_show 拉,no,E81c 复现：周期性真值抽样 ≤3 代检出并回退（5/8 种子触发）
DS-FINAL,SIM-E80,refutes,大审查/deepseek/交接包_零损失/doc/结果_结项总报告_完整版.md:212,**E80 的护栏负交互（v4<v3）未复现**（归因：单一主导改进采纳机会少 + 晋升门 hold=真值较 v4 保守,no,E80 护栏负交互未复现（单一主导改进采纳机会少+晋升门 hold=真值较保守+审计 0 触发）
DS-STAT-PROTO,SIM-E81,replicates,大审查/deepseek/交接包_零损失/doc/结果_统计协议_full.md:33,"结论：**检索权重单参数空间里""裸演化自报膨胀""是窗口性的**；能在任意水平稳定复现自报-真值分歧的机制需要""可演化的展",no,能在任意水平稳定复现自报-真值分歧的机制需要'可演化的展示通道'（=探针 3 的 E81）
DS-HANDOVER-PKG,SIM-E80,extends,大审查/deepseek/交接包_零损失/00_交接文档_零损失.md:187,边界声明（勿越界推广）：E80 负交互需更强复合+污染晋升门+采纳密集才可能触发；相关噪声需完全共享偏差才同化(异质源是,no,边界声明（勿越界推广）：E80 负交互需更强复合+污染晋升门+采纳密集才可能触发
DS-HANDOVER-PKG,SIM-REPORT,replicates,大审查/deepseek/交接包_零损失/00_交接文档_零损失.md:77,并发 append accum 55/60(丢更新 P0-4 复现)；截断审计尾+重算根 → 链连续/根自洽(密码学静默,yes,机械推断链：并发 append accum 55/60（丢更新 P0-4 复现）+截断审计尾后链连续/根自洽——P0 清单属混元总报告（解析为 17 轮后口径 SIM-REPORT）
DS-SUM-V2,DS-FINAL,supersedes,大审查/deepseek/交接包_零损失/doc/报告版本索引.md:18,| **v2.0.0** | 滚动总报告_v2.0.0.md | 2026-09-09 | 合成卷：合并 v1.0-1.,no,报告版本索引：v2.0.0 滚动总报告合并 v1.0-1.3 全部结论（DS-FINAL=v1.0.0 结项总报告）
DS-SUM-V31,DS-SUM-V2,supersedes,大审查/deepseek/交接包_零损失/doc/报告版本索引.md:16,| **v3.1.0** | 对外完整版总报告_v3.1.0.md / .html | 2026-09-09 | **对,yes,版本链机械推断：v2.0.0 滚动总报告 → v3.1.0 对外完整版（完整档案版），版本号最高者优先
REAL-X0,SIM-REPORT,replicates,大审查/衔尾蛇/reports/X0_环境自检与等价性.md:11,"**复现源码 P0-1**：71 个自测只跑 9 个即静默中止（rc=1），与报告""第 10 个用例中止""分毫不差",yes,机械推断链：复现源码 P0-1（71 自测只跑 9 即静默中止 rc=1）——P0 清单属混元总报告代码审查（衔尾蛇线以 17 轮后版为检验对象，解析为 SIM-REPORT）
REAL-X0,SIM-E1,replicates,大审查/衔尾蛇/reports/X0_环境自检与等价性.md:29,基线低不是 bug，是演化空间,no,演化自修复方向（降 w_imp/w_age、开 filter_zero）与报告 E1 预测一致
REAL-X1,SIM-REPORT,replicates,大审查/衔尾蛇/reports/X1_静态基线.md:3,三探针全部复现报告代码审查的预测：并发丢更新 75%、截断攻击密码学层全盲、绕过引擎编辑被 doctor 当场抓住,no,三探针全部复现报告代码审查的预测：并发丢更新 75%、截断攻击密码学层全盲、绕过引擎编辑被 doctor 抓
REAL-X2c,SIM-E16,replicates,大审查/衔尾蛇/reports/X2bcd_防作弊遗忘重组.md:25,遗忘的量级是**目标冲突强度的函数**，这是对 E16 的边界细化,no,方向复现（Pareto 免疫、单一受损），效应量随冲突强度放大，但比 E16 的 0.547 vs 0.719 温和
REAL-X3,SIM-E14,replicates,大审查/衔尾蛇/reports/X3_危险矩阵.md:3,事件溯源内核四项全胜 v3 状态机。,no,报告 E14 的最深发现在真引擎完整复现：评判者被腐蚀时门控与无门控行为一致（8/8 vs 8/8）、内部指标全绿
REAL-X3,SIM-E3,refutes,大审查/衔尾蛇/reports/X3_危险矩阵.md:3,事件溯源内核四项全胜 v3 状态机。,no,伪特征危险（E3）在检索域未复现（机制诊断清楚，结构性免疫）
REAL-X3,SIM-E57,refutes,大审查/衔尾蛇/reports/X3_危险矩阵.md:37,"相关噪声未复现 E57 的""击穿双门""（−50% 级）",no,相关噪声未复现 E57 的'击穿双门'（−50% 级）
REAL-X3,REAL-PLAN,refutes,大审查/衔尾蛇/reports/总报告.md:28,评判者腐蚀通道复现 E14 核心：门控与无门控行为一致（8/8 vs 8/8）、内部全绿；锚定审计 8/8 检出 |,yes,机械推断链：H2 门控必要性按预注册口径证伪——H1/H2 矩阵预注册于规划书 v1.1（REAL-PLAN:49 对照组矩阵）
REAL-X3c,SIM-E80,refutes,大审查/衔尾蛇/reports/总报告.md:99,伪特征通道不咬合，实质为双危险 |,no,E80 护栏负交互未复现：G4 +1.2367 ≥ G2 +1.1867
REAL-X5,SIM-E14,replicates,大审查/衔尾蛇/reports/总报告.md:100,E14 方向第三度复现 |,no,评判者腐蚀（高宣称词偏好代理）下 G2 与 G4 行为仍一致——E14 方向第三度复现
REAL-X6,SIM-REPORT,motivated_by,大审查/衔尾蛇/reports/总报告.md:112,「发明新启发式 0/3，测量已有可观测量 3/3」——17 轮报告总法则的第六次独立验证,yes,机械推断链：'发明新启发式 0/3 vs 测量已有可观测量 3/3'——17 轮报告总法则的第六次独立验证（法则出处解析为 SIM-REPORT）
REAL-X6c,SIM-E32,refutes,大审查/衔尾蛇/reports/第三轮_X6_库内容推演.md:41,"实测派生连""备选默认值""都不合格，只能作为大规模交互后的叠加信号",no,E32 未在真实小库复现，且方向反转
REAL-W3,REAL-X0,replicates,大审查/衔尾蛇/reports/v3.9_法层参数与引擎修复工单.md:43,71 个自测只跑 9 个即静默退出（rc=1），本沙盒 X0-S2 复现。,no,71 个自测只跑 9 个即静默退出（rc=1），本沙盒 X0-S2 复现
REAL-TREE-ZC,SIM-E2,replicates,大审查/zcode/自演化实验总树与总报告-全轮次.md:45,纯贪婪（w_imp=10/100）连 G2 最宽门都进不去；w_imp 扫描单调不升 → E2 复现,no,纯贪婪（w_imp=10/100）连 G2 最宽门都进不去、w_imp 扫描单调不升——E2 复现
REAL-TREE-ZC,SIM-E16,replicates,大审查/zcode/自演化实验总树与总报告-全轮次.md:47,单一 0.981，差距随冲突系数 0.08→0.25 放大（0.9pp→2.1pp）——E16 方向复现+边界细化,no,单一 0.981，差距随冲突系数 0.08→0.25 放大——E16 方向复现+边界细化
REAL-TREE-ZC,SIM-E7,refutes,大审查/zcode/自演化实验总树与总报告-全轮次.md:57,真引擎仅浅谷（6/8），strict 7/8 自愈——E7 戏剧性分离是人工地形产物,no,E7 戏剧性分离是人工地形产物：真引擎仅浅谷（6/8），strict 7/8 自愈
REAL-TREE-ZC,SIM-E57,refutes,大审查/zcode/自演化实验总树与总报告-全轮次.md:56,相关噪声未击穿双门（E57 未复现，构造强度不足如实登记）,no,相关噪声未击穿双门（E57 未复现，构造强度不足如实登记）
REAL-TREE-ZC,SIM-E80,refutes,大审查/zcode/自演化实验总树与总报告-全轮次.md:62,E80 护栏负交互未复现（G4 +1.2367 ≥ G2 +1.1867）,no,E80 护栏负交互未复现（G4 +1.2367 ≥ G2 +1.1867）
REAL-TREE-ZC,SIM-REPORT,motivated_by,大审查/zcode/自演化实验总树与总报告-全轮次.md:131,17 轮（12 条证伪）+ 衔尾蛇 R5（0/3 vs 3/3）= **第 6 次独立验证**,yes,机械推断链：17 轮（12 条证伪）+衔尾蛇 R5（0/3 vs 3/3）=总法则第 6 次独立验证（法则出处解析为 SIM-REPORT）
REAL-总树,SIM-E14,replicates,knowledge/trajectories/2026-09-08/task-020-自演化沙盒.md:6,232 run，H1 在 24 种子坐实（+1.22，24/24 正），E14 门控盲区复现，锚定审计升 P0，伪特征危,no,232 run：H1 24 种子坐实（+1.22），E14 门控盲区复现，锚定审计升 P0
REAL-总树,SIM-REPORT,motivated_by,knowledge/trajectories/2026-09-08/task-020-自演化沙盒.md:36,新启发式 0/3 vs 测量已有量 3/3，总法则第六次独立验证,yes,机械推断链：新启发式 0/3 vs 测量已有量 3/3——总法则第六次独立验证（17 轮报告口径）
REAL-TREE-ZC,REAL-TREE-SNAP,supersedes,大审查/zcode/自演化实验总树与总报告-全轮次.md:98,门控必要性（伪特征通道） | R3/R5 | **✗ 证伪**,yes,版本链机械推断：总树 zcode 现行版（REAL-TREE-ZC，持续修订）取代衔尾蛇 attic 冻结快照副本（REAL-TREE-SNAP，2026-09-09 冻结、副本不回灌）
REAL-WO-V39-ZC,REAL-WO-V39-SNAP,supersedes,大审查/zcode/v3.9_法层参数与引擎修复工单.md:92,law_filter_zero 默认回撤为 0，降级为可选项**；修订版（sha256 前 16 位 c265530d）,yes,版本链机械推断：v3.9 工单 zcode 版（含 W-1 默认值被真实库否决→修订版 c265530d、filter_zero 默认回撤 0）取代 attic 冻结快照版
REAL-ACCEPT-HY,SIM-HANDOVER,replicates,大审查/衔尾蛇/attic/衔尾蛇副本-冻结快照-20260909/reports/混元交接验收报告.md:10,"✅ 交接无损 —— 可以开始工作""；内核 PASS 27 / FAIL 0",no,衔尾蛇线对混元交接包独立复核：交接无损——内核 PASS 27 / FAIL 0（独立复核 10/10）
SIM-HANDOVER-ACCEPT,SIM-HANDOVER,replicates,大审查/混元/混元交接验收报告-衔尾蛇线验收.md:33,独立收敛点 | 两级门控/锚定不衰减/实测重要度/停摆=零采纳/预算门槛 | 同左（真引擎复现）,no,独立收敛点（两级门控/锚定不衰减/实测重要度/停摆=零采纳/预算门槛）——同左（真引擎复现）
DEPLOY-V39,REAL-X5,contradicts,knowledge/trajectories/2026-09-08/task-020-自演化沙盒.md:45,filter_zero=1 首应用 recall@5 劣化 0.485→0.394（真实查询有零词法交叠金标，impor,no,filter_zero=1 首应用 recall@5 劣化 0.485→0.394（真实查询有零词法交叠金标），默认回撤为 0——与 X5'唯一双世界复现参数结论'的强形式相抵
R2A-T2-1,SIM-E81,replicates,大审查/zcode/progress.md:18,T2-1：E81 复现（w_show 2.256 / P 0.79 / T −0.119）＋通道切除判据①满足、②未触发,no,T2-1：E81 复现（w_show 2.256 / 自报 P 0.79 / 真值 T −0.119），'自我美化无解'悬案关闭
R2A-T1-1,SIM-E121,refutes,大审查/zcode/progress.md:19,α 梯度两构造未复现 → 收线；复现 writalloc 不漂移,no,E121 α 梯度两构造均未复现（Δ=0.005/0.002 皆塌缩）→按纪律收线
R2A-T3-1,DS-P1,replicates,大审查/zcode/批次R2-A报告.md:16,护栏代价符号随**世界改进结构**翻转——clean 世界复现 deepseek 负代价（**−0.0625，与 dee,no,clean 世界复现 deepseek 负代价（−0.0625，与 deepseek 探针 1 原始 0.7500−0.8125 同幅）
R2A-T4-4,DS-R1-3,replicates,大审查/zcode/批次R2-A报告.md:17,legacy doctor 仅 1/4 检出（截断/并发丢更新/孤儿写+重算根全静默——R1-3 密码学静默精确复现）；,no,legacy doctor 仅 1/4 检出（截断/并发丢更新/孤儿写+重算根全静默）——R1-3 密码学静默精确复现
R2A-T4-4a,DS-R1-3,replicates,大审查/zcode/批次R2-A报告.md:85,A1 截断尾 2 行 | **静默**（前缀链自洽、集合根不变——R1-3 精确复现,no,A1 截断尾 2 行静默（前缀链自洽、集合根不变）——R1-3 精确复现
R2A-T1-1c2,SIM-E123,replicates,大审查/zcode/批次R2-A报告.md:58,"curate_truth 是唯一转正臂（+0.034~+0.045）**——E123""整理是数据空间的前提""的同构复现，",no,curate_truth 是唯一转正臂——E123'整理是数据空间的前提'的同构复现
R2A-C6,SIM-E77,refutes,大审查/zcode/批次R2-A报告.md:79,"各自在其世界为真**；架构文档应改为条件式表述（护栏代价符号=世界改进结构的函数），任何""护栏免费/护栏有价""的无条件表",yes,机械推断链：C6 判定'护栏免费/护栏有价'的无条件表述都不成立（代价符号=世界改进结构的函数）；SIM 侧无条件正收益表述出自 E77（第十七轮:44'安全性与性能不冲突'，PART2-JUDGE C6 列引混元 E77 +0.0331）
R2-SUM-T3,SIM-E42,replicates,大审查/zcode/R2全批次总报告.md:18,C6 关闭；E42 复现；修正 85 部分升格 | C6 关闭；C2 部分关闭；C3 关闭（带新边界）,no,C6 关闭；E42 复现；修正 85 部分升格
R2-T1-2b,SIM-E122,replicates,大审查/zcode/R2全批次总报告.md:42,"判据 b（混合裁判 N4≥纯真值 80%）**不成立**：α=0.3 的 judge 连""挑出待整理候选""都做不好（E1",no,E122'judge 低效'在候选选择层的复现（α=0.3 的 judge 连挑候选都做不好）
R2-T1-4,SIM-E123,refutes,大审查/zcode/R2全批次总报告.md:52,三开不是正交互，**复合失配台账 +1**（第 9 例）。E123 锚点格（有审计无整理最差）未复现——本 harnes,no,E123 锚点格（有审计无整理最差）未复现——本 harness 的审计=cfg 回退，在数据空间几乎无害
R2-T2-2,SIM-E80,refutes,大审查/zcode/R2全批次总报告.md:63,"全部 ≥ static（0.0813）。**三振**：与 deepseek 探针 6、R1-2 并列，""E80 负交互在",no,三振（与 deepseek 探针 6、R1-2 并列）：E80 负交互在修正架构下结构性不可达，升格定理候选
R2-T3-2a,SIM-E42,replicates,大审查/zcode/R2全批次总报告.md:71,"E41 原始""严格 +0.165 反而更好""未在本网格任何地形复现**→ C2 裁决为部分关闭：谷地形下宽松严格立判（E",no,valley 地形精确复现 E42 语义：strict 步进贪心被 dip 锁死（f=0.913，达峰 9/12）vs loose 跨谷
R2-T3-2b,SIM-E41,refutes,大审查/zcode/R2全批次总报告.md:71,"E41 原始""严格 +0.165 反而更好""未在本网格任何地形复现**→ C2 裁决为部分关闭：谷地形下宽松严格立判（E",no,E41 原始'严格 +0.165 反而更好'未在本网格任何地形复现→C2 部分关闭
R2-T4-5,SIM-E26,replicates,大审查/zcode/R2全批次总报告.md:91,触发式刷新 T=0.4062 > never/p10/p25 0.3563**（E26/E69 方向复现：重锚有效,no,触发式刷新 T=0.4062 最优——E26/E69 方向复现：重锚有效
R2-T4-5,SIM-E69,replicates,大审查/zcode/R2全批次总报告.md:91,触发式刷新 T=0.4062 > never/p10/p25 0.3563**（E26/E69 方向复现：重锚有效,no,触发式刷新 T=0.4062 最优——E26/E69 方向复现：重锚有效
R2-M5,SIM-E80,refutes,大审查/zcode/R2全批次总报告.md:109,E80 级负交互在修正架构下结构性不可达**（三振；同源门天然不放大） | T2-2 + 探针6 + R1-2 | 定理,no,E80 级负交互在修正架构下结构性不可达（三振；同源门天然不放大）——定理候选
R2-ANCH-1,SIM-E121,refutes,大审查/zcode/R2全批次总报告.md:123,E121 α 梯度 −0.067→−0.004 | T1-1 v1/v2 | **未复现（两次）→收线**，梯度噪声稳健,no,E121 α 梯度 −0.067→−0.004 未复现（两次）→收线，梯度噪声稳健性存疑
R2A-T1-1,PLAN-T1-1,motivated_by,大审查/zcode/第二批推演沙盒实验树_规划.md:97,"若某通道冻结后 |Δ|≤0.01，判该通道为主传导路径；若各通道单独冻结均不消失，判""弥散性伤害""假说成立（多通道共担）",yes,机械推断链：R2-A 批次按《第二批推演沙盒实验树_规划》执行——T1-1 通道冻结/弥散性伤害判据预注册于规划（PLAN-T1-1），R2A-T1-1 为其实测
R2A-T2-1,PLAN-T2-1,motivated_by,大审查/zcode/第二批推演沙盒实验树_规划.md:133,"①分离臂展示类操纵空间=0（基因表中无呈交维度可动，构造性成立）且真值增益 ≥ 现行−0.01 → 判""通道切除可行""；",yes,机械推断链：T2-1 通道切除判据①②（含预注册反面判据）预注册于规划树（PLAN-T2-1），R2A-T2-1 执行
R2A-T3-1,PLAN-T3-1,motivated_by,大审查/zcode/第二批推演沙盒实验树_规划.md:154,若两配置在两场景代价同号（都正或都负）→ C6 消解为此前构造差异，两源架构文档各加注记；②若仍反号 → 逐参数交换 a,yes,机械推断链：T3-1 护栏代价符号判据（同号→C6 消解/反号→逐参数交换 ablation）预注册于规划树（PLAN-T3-1），R2A-T3-1 执行
VERIF-S5-01,SIM-E7,replicates,猴子记忆库推演/reports/05-阶段5-统计复核.md:6,E7 两级门控 —— ✅ 证实（完美分离精确复现）,no,E7 两级门控——✅ 证实（完美分离精确复现）
VERIF-S5-02,SIM-E7,replicates,猴子记忆库推演/reports/05-阶段5-统计复核.md:13,「完美分离，无一例外」在 24 种子下复现。地形自检：f(0.5)=0.500 局部最优 / f(0.9)=0.900 ,no,'完美分离，无一例外'在 24 种子下复现（地形自检 f(0.5)/f(0.9)/谷底全对）
VERIF-A4,SIM-REPORT,replicates,knowledge/trajectories/2026-09-09/task-022-bootstrap对抗验证.md:16,barrier 20/20 轮精确复现报告 5/60=92%，natural 61%，另发现撕裂读崩溃（报告未提）,yes,机械推断链：barrier 20/20 轮精确复现报告 5/60=92%（natural 61%）——对抗验证对象为 17 轮后总报告（解析为 SIM-REPORT）
VERIF-B4,SIM-REPORT,replicates,猴子记忆库推演/reports/00-验证总报告.md:35,12 进程丢更新 92%，accum=5≠60 | repro_p04（spawn 真进程×20 轮×2 时序） | b,yes,机械推断链：12 进程丢更新 92%（accum=5≠60）barrier 20/20 复现——报告 P0-4 动态复现（17 轮后口径 SIM-REPORT）
VERIF-E1,SIM-REPORT,replicates,猴子记忆库推演/reports/00-验证总报告.md:63,公理 D 不成立：审计链不含 payload，四条平行真相 | repro_a1① | e0 审计行=时间戳+prev+,no,repro_a1① 构造性复现报告架构层发现：公理 D 不成立——审计链不含 payload，四条平行真相
VERIF-X5,SIM-REPORT,refutes,猴子记忆库推演/reports/00-验证总报告.md:92,自我推翻计数口径不统一**：报告头「15 次自我推翻」vs 摘要「14 次判断」vs 第四部分表题「七次自我推翻」（表实,no,自我推翻计数口径不统一（报告头 15/摘要 14/表题 7）——报告内部账目一致性被证伪
VERIF-FINAL,SIM-REPORT,replicates,猴子记忆库推演/reports/00-验证总报告.md:124,可数结论零误差，机制性结论全部动态复现，动态数字（92%、60、五态全一致、doctor 首行输出）精确到逐字；唯一「与,no,可数结论零误差，机制性结论全部动态复现，动态数字（92%、60、五态全一致、doctor 首行）精确到逐字
PART2-RND-2,PART2-RND-1,motivated_by,大审查/reports/progress.md:89,噪声敏感性机制成立但阈值先验错 REFUTED（0.085→0.433→0.546）/ margin内点最优 INCON,yes,机械推断链：PART2 假设循环按轮次编号顺序执行（round-2 报告承接 round-1；data-archive/meta_log round 列单调），R2 motivated_by R1
PART2-RND-3,PART2-RND-2,motivated_by,大审查/reports/round-3-报告.md:14,single 臂切换后 A 能力平均掉 0.3782（retA=−0.3782，阈值 −0.10）。灾难性遗忘在最小引擎,yes,机械推断链：PART2 假设循环按轮次编号顺序执行（round-3 报告承接 round-2；data-archive/meta_log round 列单调），R3 motivated_by R2
PART2-RND-4,PART2-RND-3,motivated_by,大审查/reports/round-4-报告.md:12,尖峰世界终值均值 0.3508（平坦对照 0.7567，掉落 0.4059），中位数 0.0000，双峰分布（30% r,yes,机械推断链：PART2 假设循环按轮次编号顺序执行（round-4 报告承接 round-3；data-archive/meta_log round 列单调），R4 motivated_by R3
PART2-RND-5,PART2-RND-4,motivated_by,大审查/reports/round-5-报告.md:13,Pearson r=0.3605——早斜率能定符号，定不了幅度。早看方向、晚知终点。,yes,机械推断链：PART2 假设循环按轮次编号顺序执行（round-5 报告承接 round-4；data-archive/meta_log round 列单调），R5 motivated_by R4
PART2-RND-6,PART2-RND-5,motivated_by,大审查/reports/round-6-报告.md:13,"median trap_ratio=0.8319（终值达全局峰高的 83%），落在不确定带 [0.80,0.95)。91",yes,机械推断链：PART2 假设循环按轮次编号顺序执行（round-6 报告承接 round-5；data-archive/meta_log round 列单调），R6 motivated_by R5
PART2-RND-7,PART2-RND-6,motivated_by,大审查/reports/progress.md:95,双守卫INCONCLUSIVE：档案无小增益run(n=0)无其他源长序列(n=0)——R5双结论证据底盘=单族大增益;,yes,机械推断链：PART2 假设循环按轮次编号顺序执行（round-7 报告承接 round-6；data-archive/meta_log round 列单调），R7 motivated_by R6
PART2-RND-8,PART2-RND-7,motivated_by,大审查/reports/round-8-报告.md:12,两阶段门控假采纳率 0.2991（单阶段 0.5243，理论预测 ≈0.27），采纳机会天然减半（331 vs 639 ,yes,机械推断链：PART2 假设循环按轮次编号顺序执行（round-8 报告承接 round-7；data-archive/meta_log round 列单调），R8 motivated_by R7
PART2-RND-9,PART2-RND-8,motivated_by,大审查/reports/round-9-报告.md:12,尖峰世界两阶段终值 0.3372，非但不优于单阶段（0.3508），还略低 0.0136；收敛率 30%→20%。,yes,机械推断链：PART2 假设循环按轮次编号顺序执行（round-9 报告承接 round-8；data-archive/meta_log round 列单调），R9 motivated_by R8
PART2-RND-10,PART2-RND-9,motivated_by,大审查/reports/progress.md:98,NARRATIVE三区定律被REFUTED——真相U形(缓坡0.015<<峰0.32<荒漠0.854)/尖峰守卫INC,yes,机械推断链：PART2 假设循环按轮次编号顺序执行（round-10 报告承接 round-9；data-archive/meta_log round 列单调），R10 motivated_by R9
PART2-RND-11,PART2-RND-10,motivated_by,大审查/reports/round-11-报告.md:13,低带 0.8914 > 中带 0.6118 > 高带 0.1568（n=267/85/287，两段 gap 0.2796,yes,机械推断链：PART2 假设循环按轮次编号顺序执行（round-11 报告承接 round-10；data-archive/meta_log round 列单调），R11 motivated_by R10
PART2-RND-12,PART2-RND-11,motivated_by,大审查/reports/progress.md:101,红队失败=梯度律鲁棒(两套扰动带严格单调min gap 0.688)/池化跨世界SUPPORTED 0.848>0.59,yes,机械推断链：PART2 假设循环按轮次编号顺序执行（round-12 报告承接 round-11；data-archive/meta_log round 列单调），R12 motivated_by R11
PART2-RND-1,PART2-PREREG-1,motivated_by,大审查/reports/round-1-预注册.md:34,RED_TEAM: 1 0,yes,机械推断链：round-1 报告按 round-1 预注册执行（先锁后跑纪律，meta_log），RND-1 motivated_by PREREG-1
PART2-RND-2,PART2-PREREG-2,motivated_by,大审查/reports/round-2-预注册.md:12,"格设计：H-R2-1 用 (σ∈{0.02,0.06,0.10}, margin=0.05)；H-R2-2 用 (σ=0",yes,机械推断链：round-2 报告按 round-2 预注册执行（先锁后跑纪律，meta_log），RND-2 motivated_by PREREG-2
PART2-RND-3,PART2-PREREG-3,motivated_by,大审查/reports/round-3-预注册.md:11,**pareto**（K=5）：parent=档案中 obs_当前最高者；候选加入档案后，若超容：优先淘汰**被支配**,yes,机械推断链：round-3 报告按 round-3 预注册执行（先锁后跑纪律，meta_log），RND-3 motivated_by PREREG-3
PART2-RND-4,PART2-PREREG-4,motivated_by,大审查/reports/round-4-预注册.md:13,U_sharp(x)=exp(−‖x−t‖²/(2·0.15²))（窄高斯峰，r=0.15；远场梯度趋零=超平坦荒漠）。,yes,机械推断链：round-4 报告按 round-4 预注册执行（先锁后跑纪律，meta_log），RND-4 motivated_by PREREG-4
PART2-RND-5,PART2-PREREG-5,motivated_by,大审查/reports/round-5-预注册.md:31,初稿手算有误（A 早斜率算成 0.0600，正确 0.0650——分子应为 0.32+0.06+0.09+0.18=0.,yes,机械推断链：round-5 报告按 round-5 预注册执行（先锁后跑纪律，meta_log），RND-5 motivated_by PREREG-5
PART2-RND-6,PART2-PREREG-6,motivated_by,大审查/reports/round-6-预注册.md:48,档案与 E 系列均无多峰景观实验（E12 平台期三态是时间形态非空间形态；R2-R4 全单峰）。REVIEW-DRIVE,yes,机械推断链：round-6 报告按 round-6 预注册执行（先锁后跑纪律，meta_log），RND-6 motivated_by PREREG-6
PART2-RND-7,PART2-PREREG-7,motivated_by,大审查/reports/round-7-预注册.md:28,初稿手算两处错（A 早斜率 0.019→**0.0150**；B 0.13→**0.1400**——分子求和错误），自测,yes,机械推断链：round-7 报告按 round-7 预注册执行（先锁后跑纪律，meta_log），RND-7 motivated_by PREREG-7
PART2-RND-8,PART2-PREREG-8,motivated_by,大审查/reports/round-8-预注册.md:46,两阶段 vs margin 的头对头是新的。NOVELTY=1 ×2。,yes,机械推断链：round-8 报告按 round-8 预注册执行（先锁后跑纪律，meta_log），RND-8 motivated_by PREREG-8
PART2-RND-9,PART2-PREREG-9,motivated_by,大审查/reports/round-9-预注册.md:7,与 engine_r4 完全同构（窄高斯峰 r=0.15、σ=0.08、margin=0.05、step=0.35、G=,yes,机械推断链：round-9 报告按 round-9 预注册执行（先锁后跑纪律，meta_log），RND-9 motivated_by PREREG-9
PART2-RND-10,PART2-PREREG-10,motivated_by,大审查/reports/round-10-预注册.md:46,区域边界 0.6/0.2 是我自选的，若排序对边界敏感则结论脆弱——boundary_conditions 必须注明。,yes,机械推断链：round-10 报告按 round-10 预注册执行（先锁后跑纪律，meta_log），RND-10 motivated_by PREREG-10
PART2-RND-11,PART2-PREREG-11,motivated_by,大审查/reports/round-11-预注册.md:12,"梯度带（锁定）：低 <0.1；中 [0.1,0.5)；高 ≥0.5。",yes,机械推断链：round-11 报告按 round-11 预注册执行（先锁后跑纪律，meta_log），RND-11 motivated_by PREREG-11
PART2-RND-12,PART2-PREREG-12,motivated_by,大审查/reports/round-12-预注册.md:3,sandbox/out/r11_gradient.json（hash 4f9e05d4…，零新模拟）。,yes,机械推断链：round-12 报告按 round-12 预注册执行（先锁后跑纪律，meta_log），RND-12 motivated_by PREREG-12
PART2-RND-2,SIM-E41,replicates,大审查/reports/round-2-报告.md:14,"margin=0.30 确实饿死采纳（125 事件 vs 968）且终值最低（0.7053）——E41""margin 太",no,margin=0.30 确实饿死采纳（125 事件 vs 968）且终值最低——E41'margin 太大饿死采纳'方向复现
PART2-RND-3,SIM-E18,replicates,大审查/reports/round-3-报告.md:16,"E18 引申部分成立**：""跨库/多目标有代价""的方向在最小引擎中出现（−0.0656），但幅度落入不确定带",no,E18 引申部分成立：'跨库/多目标有代价'的方向在最小引擎中出现（−0.0656，幅度落入不确定带）
PART2-RND-5,SIM-E12,replicates,大审查/reports/round-5-报告.md:14,"87.5% 的 ≥8 点 run 末 5 代 |斜率|<0.005。E12 平台期三态的""平台普遍性""一侧在统一档案中量",no,87.5% 的 ≥8 点 run 末 5 代趋平——E12 平台期三态的'平台普遍性'一侧在统一档案中量化坐实
PART2-PREREG-3,SIM-E16,replicates,大审查/reports/round-3-预注册.md:4,H-R3-1 复现 E16（灾难性遗忘，单一档案）；H-R3-2 复现 E11（Pareto 档案恢复力）；H-R3-3,yes,机械推断链：round-3 预注册声明'H-R3-1 复现 E16（灾难性遗忘，单一档案）'，data-archive 记 SUPPORTED → 复现成立
PART2-PREREG-3,SIM-E11,replicates,大审查/reports/round-3-预注册.md:4,H-R3-1 复现 E16（灾难性遗忘，单一档案）；H-R3-2 复现 E11（Pareto 档案恢复力）；H-R3-3,yes,机械推断链：round-3 预注册声明'H-R3-2 复现 E11（Pareto 档案恢复力）'，data-archive 记 SUPPORTED
PART2-FINAL,SIM-E16,replicates,大审查/reports/98-反思与报告.md:20,E16 灾难性遗忘强复现（retention −0.3782）；Pareto 档案缓解 +0.343（配对 61%）但塑,no,E16 灾难性遗忘强复现（retention −0.3782）；Pareto 档案缓解 +0.343（配对 61%）
PART2-FINAL,SIM-E7,replicates,大审查/reports/98-反思与报告.md:53,E16 遗忘、E13/E7 两阶段门控复现 | R3/R8 锁定输出，效应量 0.38/0.22 级,no,E16 遗忘、E13/E7 两阶段门控复现（R3/R8 锁定输出，效应量 0.38/0.22 级）
PART2-FINAL,SIM-E13,replicates,大审查/reports/98-反思与报告.md:53,E16 遗忘、E13/E7 两阶段门控复现 | R3/R8 锁定输出，效应量 0.38/0.22 级,no,E16 遗忘、E13/E7 两阶段门控复现（R3/R8 锁定输出，效应量 0.38/0.22 级）
PART2-H-R8-2,PART2-H-R8-1,extends,大审查/data-archive.csv:19,"8,H-R8-2,LIT-REPLICATE,机制,0.7984,0.55,0.85,0.0417,SUPPORTED,",yes,机械推断链：同轮假设 H-R8-2（两阶段）以 H-R8-1（单阶段）为对照并扩展——终值 0.7984 非劣且优于单阶段
PART2-H-R4-1,PART2-LAB,refutes,大审查/reports/round-4-预注册.md:20,尖峰世界终值塌缩——mean_final_sharp < 0.45（吸收论被证伪：景观尖锐度是假采纳代价的调节变量）。,yes,机械推断链：吸收论被证伪（景观尖锐度是假采纳代价的调节变量）——'吸收普遍论'直觉出自 lab-notebook（PART2-LAB:29'最自信的直觉'）
PART2-ANALYSIS,SIM-E14,contradicts,大审查/reports/06-ANALYSIS-FINAL.md:31,混元 E14 第四轮侧数据建议整体降权——第五轮重跑值与其构成 DUP_CONFLICT 且混元自述修正（该自述属原始日,no,混元 E14 第四轮侧数据与第五轮重跑值构成 DUP_CONFLICT 且混元自述修正——建议整体降权
PART2-JUDGE,SIM-E14,contradicts,大审查/reports/05-研判.md:46,| C1 | 混元 E14 两轮数据不一致（DUP_CONFLICT×6，03-flags §2） | 第四轮 L24：,no,C1：混元 E14 两轮数据不一致（DUP_CONFLICT×6，03-flags §2）
PART2-FLAGS,SIM-E14,contradicts,大审查/reports/03-flags.md:35,附注：起点列也不同（0.7844 vs 0.2594）——两轮的世界/起点并非同一设置，冲突值未裁决，如实并陈,no,E14 第四轮 vs 第五轮起点列不同（0.7844 vs 0.2594）——两轮世界/起点非同一设置，冲突值未裁决如实并陈
CB-MEMEVOLVE,SIM-SUM14,replicates,大审查/codebuddy/mem-evolve-sandbox_交接/docs/实验设计.md:169,铁律 2 **未拦截**（空串绕过，复现 P0-2）；铁律 5 拦截正常,yes,机械推断链：复现报告 P0-2（铁律 2 空串绕过拦截失败）——codebuddy 依据混元 14 轮后版总报告（1-版本谱系§三），解析为 SIM-SUM14
CB-MEMEVOLVE,SIM-E7,refutes,大审查/codebuddy/mem-evolve-sandbox_交接/docs/任务报告.md:277,地形塑形项是基因组级的，必须摊到逐任务分上，否则留出集配对比较看不见它（E7 直接复现失败,no,E7 直接复现失败：地形塑形项是基因组级的，必须摊到逐任务分，否则留出集配对比较看不见它（E7 欺骗地形缩水）
CB-MEMEVOLVE,SIM-E52,refutes,大审查/codebuddy/mem-evolve-sandbox_交接/docs/实验报告.md:300,"**E52 未复现**（报告称 70% 独立噪声几乎无损）：本沙盒噪声是""把金标替换成随机条目",no,E52 未复现（报告称 70% 独立噪声几乎无损；本沙盒噪声=金标替换为随机条目）
CB-MEMEVOLVE,SIM-E64,refutes,大审查/codebuddy/mem-evolve-sandbox_交接/docs/任务报告.md:315,"E64 预算 < 150 终局恒为负 | **未复现** | 预算模型缺少""演化的固定成本""项，结构上不可能为负",no,E64'预算 <150 时终局恒为负'未复现——本沙盒预算模型只限制代数，缺演化固定成本项，结构上不可能为负
CB-MEMEVOLVE,SIM-E26,replicates,大审查/codebuddy/mem-evolve-sandbox_交接/docs/实验设计.md:358,冻结后自报−真实缺口仍残留 +0.14~+0.21。这与报告 E26/E27 一致——真正解决问题的是**重锚**（重新,no,冻结后自报−真实缺口仍残留——与报告 E26/E27 一致：真正解决问题的是重锚，不是冻结/回滚
CB-MEMEVOLVE,SIM-E27,replicates,大审查/codebuddy/mem-evolve-sandbox_交接/docs/实验设计.md:358,冻结后自报−真实缺口仍残留 +0.14~+0.21。这与报告 E26/E27 一致——真正解决问题的是**重锚**（重新,no,冻结后自报−真实缺口仍残留——与报告 E26/E27 一致：真正解决问题的是重锚，不是冻结/回滚
GLM-WO-v3.10,GLM-WO-v3.8,supersedes,大审查/glm/v3.10.md:44,daemon 常驻进程                                                 ,yes,工单版本链机械推断：glm v3.8 修复工单 → v3.10 架构优化工单（版本号最高者优先，目录文件名序）
GLM-WEB-v4.0,GLM-WO-v3.10,refutes,大审查/glm/v4.0-1.md:34,v4 工单 D-1 的裁决需要推翻**。当时的理由是“审计面是证明面，不是存储，重建会让链膨胀为第二存储”。那个裁决在“,no,v4 工单 D-1 的裁决需要推翻——当时理由在'改造成本最小化'前提下成立，该前提已变
REVIEW-GLM,GLM-WO-v3.10,refutes,大审查/复审/GLM-裁决.md:41,属实且是全场最深的架构洞察**。推翻自家 v3.10 D-1 的理由（前提变了：完全重构下成本约束消失）符合 ADR 制,no,复审认定：推翻自家 v3.10 D-1 的理由（前提变了）符合 ADR 制度精神
REVIEW-Qwen,GLM-WO-v3.10,refutes,大审查/复审/Qwen-裁决.md:27,三方收敛于「做实」**，GLM D-1 是早期裁决且其 v4.0-1 已自我推翻,no,三方收敛于'做实'；GLM D-1 是早期裁决且其 v4.0-1 已自我推翻
REVIEW-GLM,GLM-WEB-v4.0,contradicts,大审查/复审/GLM-裁决.md:34,**与「单文件+纯标准库」公理冲突**——GLM 自己提出 zipapp bundle 替代单 .py 形态。这是方向性,no,zipapp bundle 替代单 .py 与'单文件+纯标准库'公理冲突——方向性变更，列 v5 另议
REVIEW-GLM,SIM,replicates,大审查/复审/GLM-裁决.md:58,与混元实验独立趋同**：GLM 纸面设计（hypothesis 可证伪/隐判据人侧/E0 优先）≈ 混元沙盒验证（双门/,no,GLM 纸面设计（hypothesis 可证伪/隐判据人侧/E0 优先）≈ 混元沙盒验证（双门/判据人侧/E0 优先）——两个模型独立趋同
QWEN-v3.10-AR,QWEN-v3.8,motivated_by,大审查/qwen/工单 v3.8.extract.txt:198,全树重算 O(n)”为已知扩展性项，非本工单缺陷；建议 v3.10 单独立项做增量哈希树,no,v3.8 工单建议：'全树重算 O(n)'为已知扩展性项，建议 v3.10 单独立项做增量哈希树
SYN-报告一,QWEN-v3.8,replicates,大审查/统合报告/报告一_v3.8改进建议综合报告.md:26,MIGRATED 渲染 KeyError**：migrate 库上 build-docs --lib / install,yes,机械推断链：统合报告核验 MIGRATED 渲染 KeyError（GLM Q-005）——Q-005 为 qwen 工单 v3.8 条目，核验=复现其发现
KB-TASK-022,SYN-报告一,supersedes,knowledge/trajectories/2026-09-07/task-022-v38执行.md:35,用户判定为「审的一坨」，统合报告目录与核验脚本已整体删除（用户指令）。本条为修正记录，原追加内容保留作历史但其中「落盘」,no,用户判定'审的一坨'，统合报告目录与核验脚本整体删除（用户指令）——原'落盘'状态作废
KB-TASK-022,REVIEW-GLM,supersedes,knowledge/trajectories/2026-09-07/task-022-v38执行.md:43,混元 BUG-001 对 render_quickref 的批评比 GLM 深（{N}/{N} 恒等式冒充测量，违反公理,no,混元 BUG-001 对 render_quickref 的批评比 GLM 深——修正对 GLM 的部分判决
REVIEW-混元,SIM-REPORT,contradicts,大审查/复审/混元-裁决.md:44,原型清单列 evolve2.py（缺失）；17 轮报告复现段列 evolve4.py/run_e9.py（缺失）；run,yes,机械推断链：17 轮报告复现段所列 evolve2.py/evolve4.py/run_e9.py 等脚本缺失——可复现性主张与交接材料不符（对象为 17 轮后总报告）
DB-V4-WO,DB-V4-EXPLORE,motivated_by,大审查/豆包/v4.0library-bootstrap v4 完全重构工单.md:14,`bootstrap_v3.py`（单文件，2416 行，v3.8.1） |,yes,机械推断链：v4 完全重构工单以《架构可能性深度探索》为前置（探索报告评估事件溯源/CQRS/六边形→工单立项）
META-HANDOVER,SIM-E14,replicates,HANDOVER.md:97,事件溯源内核四项全胜 v3 状态机,no,锚定审计是唯一不可替代护栏（E14 真引擎复现）
META-HANDOVER,SIM-E7,refutes,HANDOVER.md:94,层次化归并/近因加权/1/5 步长/简单恢复/回滚/元参数开放/跨库迁移/逐参独立调优（17 轮 12 条全败）,no,E7 欺骗地形真引擎仅浅谷
META-HANDOVER,SIM-E32,refutes,HANDOVER.md:94,层次化归并/近因加权/1/5 步长/简单恢复/回滚/元参数开放/跨库迁移/逐参独立调优（17 轮 12 条全败）,no,E32 实测重要度冷启动失败
META-HANDOVER,SIM-E57,refutes,HANDOVER.md:94,层次化归并/近因加权/1/5 步长/简单恢复/回滚/元参数开放/跨库迁移/逐参独立调优（17 轮 12 条全败）,no,E57 相关噪声击穿未复现
META-HANDOVER,SIM-E80,refutes,HANDOVER.md:94,层次化归并/近因加权/1/5 步长/简单恢复/回滚/元参数开放/跨库迁移/逐参独立调优（17 轮 12 条全败）,no,E80 复合负交互未复现
KB-TASK-020,SIM-HANDOVER,motivated_by,knowledge/trajectories/2026-09-08/task-020-自演化沙盒.md:79,交付 26 轮推演交接包（125 实验 / kernel.py v1 内核 / HANDOVER 交接文档 / veri,no,HANDOVER 指名交本会话：交付 26 轮推演交接包（125 实验/kernel.py v1/HANDOVER/verify 脚本）
