章节号	人名	次数
0003	涡波	7
0003	拉丝缇娅拉	7
0003	缇娅拉	7
0003	弗茨亚茨	5
0003	相川涡波	7
0003	考虑到	1
0004	涡波	5
0004	拉丝缇娅拉	29
0004	缇亚	89
0004	缇娅拉	29
0004	弗茨亚茨	11
0004	相川涡波	5
0004	考虑到	2
0005	涡波	10
0005	玛利亚	3
0005	缇亚	205
0005	阳滝	15
0005	格连	3
0005	缇达	1
0005	阿雷亚斯	2
0005	相川涡波	8
0005	缇亚拉	1
0005	考虑到	2
0006	涡波	1
0006	缇亚	99
0006	阿尔缇	11
0006	格连	2
0006	缇达	129
0006	相川涡波	1
0006	缇亚拉	1
0006	考虑到	1
0007	涡波	2
0007	缇亚	79
0007	阿尔缇	24
0007	缇达	20
0007	阿雷亚斯	3
0007	相川涡波	2
0007	考虑到	1
0008	涡波	4
0008	拉丝缇娅拉	1
0008	斯诺	1
0008	玛利亚	1
0008	缇亚	1
0008	诺文	1
0008	缇娅拉	2
0008	弗茨亚茨	1
0008	相川涡波	1
0008	考虑到	1
0009	缇亚	2
0012	涡波	1
0012	莱纳	18
0012	斯诺	23
0012	缇亚	8
0012	阿尔缇	113
0012	缇达	6
0012	弗茨亚茨	1
0012	相川涡波	1
0012	赫勒比勒夏	7
0012	沃克	1
0012	芙兰琉莱	51
0012	考虑到	2
0013	涡波	1
0013	玛利亚	345
0013	帕林库洛	16
0013	缇亚	31
0013	阳滝	1
0013	阿尔缇	52
0013	缇达	8
0013	阿雷亚斯	4
0013	弗茨亚茨	4
0013	相川涡波	1
0013	赫勒比勒夏	2
0013	勒伽西	2
0013	芙兰琉莱	31
0014	涡波	13
0014	拉丝缇娅拉	70
0014	玛利亚	39
0014	帕林库洛	3
0014	缇亚	10
0014	阳滝	1
0014	阿尔缇	1
0014	缇娅拉	73
0014	缇达	4
0014	弗茨亚茨	10
0014	相川涡波	1
0014	塞拉	3
0014	芙兰琉莱	2
0014	元老院	1
0014	考虑到	2
0015	涡波	3
0015	拉丝缇娅拉	194
0015	玛利亚	193
0015	缇亚	3
0015	拉古涅	34
0015	阿尔缇	1
0015	格连	5
0015	缇娅拉	247
0015	缇达	3
0015	弗茨亚茨	1
0015	相川涡波	2
0015	赫勒比勒夏	1
0015	塞拉	5
0015	沃克	3
0015	考虑到	3
0016	涡波	1
0016	拉丝缇娅拉	245
0016	玛利亚	260
0016	缇亚	65
0016	拉古涅	1
0016	阿尔缇	75
0016	格连	1
0016	缇娅拉	301
0016	缇达	2
0016	弗茨亚茨	12
0016	芙兰琉莱	1
0016	考虑到	3
0017	拉丝缇娅拉	3
0017	玛利亚	3
0017	拉古涅	1
0017	缇娅拉	3
0018	涡波	1
0018	拉丝缇娅拉	1
0018	缇娅拉	1
0019	拉丝缇娅拉	1
0019	帕林库洛	1
0019	缇娅拉	2
0019	弗茨亚茨	3
0019	塞拉	1
0020	帕林库洛	7
0020	缇亚	1
0020	拉古涅	9
0020	拉斯缇亚拉	1
0020	缇亚拉	1
0020	芙茨亚茨	3
0023	涡波	2
0023	拉丝缇娅拉	249
0023	玛利亚	143
0023	帕林库洛	52
0023	缇亚	71
0023	拉古涅	2
0023	阿尔缇	23
0023	格连	2
0023	缇娅拉	278
0023	弗茨亚茨	40
0023	相川涡波	2
0023	赫勒比勒夏	2
0023	塞拉	1
0023	斐勒卢托	1
0023	勒伽西	2
0023	芙兰琉莱	1
0023	元老院	1
0023	考虑到	2
0024	涡波	11
0024	拉丝缇娅拉	21
0024	玛利亚	1
0024	帕林库洛	31
0024	阿尔缇	6
0024	格连	2
0024	缇娅拉	39
0024	缇达	2
0024	弗茨亚茨	17
0024	赫勒比勒夏	12
0024	塞拉	6
0024	沃克	1
0024	斐勒卢托	9
0024	考虑到	1
0025	涡波	2
0025	拉丝缇娅拉	93
0025	玛利亚	50
0025	帕林库洛	2
0025	阿尔缇	104
0025	缇娅拉	94
0025	弗茨亚茨	16
0025	芙兰琉莱	1
0026	涡波	1
0026	拉丝缇娅拉	93
0026	斯诺	5
0026	玛利亚	22
0026	帕林库洛	62
0026	缇亚	33
0026	拉古涅	17
0026	阿尔缇	6
0026	格连	11
0026	缇娅拉	109
0026	阿雷亚斯	1
0026	弗茨亚茨	15
0026	相川涡波	1
0026	赫勒比勒夏	1
0026	塞拉	2
0026	沃克	2
0026	斐勒卢托	50
0026	勒伽西	1
0026	元老院	3
0026	考虑到	3
0027	涡波	20
0027	拉丝缇娅拉	27
0027	玛利亚	236
0027	帕林库洛	29
0027	缇亚	13
0027	阳滝	4
0027	阿尔缇	169
0027	缇娅拉	29
0027	缇达	11
0027	弗茨亚茨	1
0027	相川涡波	6
0027	塞拉	3
0027	勒伽西	1
0028	涡波	9
0028	玛利亚	15
0028	帕林库洛	48
0028	阿尔缇	5
0028	缇达	17
0028	弗茨亚茨	1
0028	相川涡波	2
0028	勒伽西	2
0029	涡波	22
0029	拉丝缇娅拉	14
0029	玛利亚	27
0029	帕林库洛	63
0029	缇亚	6
0029	阿尔缇	6
0029	缇娅拉	14
0029	缇达	4
0029	弗茨亚茨	5
0029	相川涡波	3
0029	赫勒比勒夏	1
0029	塞拉	2
0029	斐勒卢托	2
0029	勒伽西	2
0029	考虑到	1
0030	涡波	3
0030	拉丝缇娅拉	2
0030	斯诺	3
0030	玛利亚	9
0030	帕林库洛	1
0030	缇亚	1
0030	拉古涅	1
0030	缇娅拉	2
0030	弗茨亚茨	1
0030	相川涡波	1
0030	沃克	1
0031	涡波	1
0031	拉丝缇娅拉	10
0031	玛利亚	11
0031	帕林库洛	29
0031	缇亚	60
0031	拉古涅	5
0031	阿尔缇	9
0031	缇娅拉	10
0031	弗茨亚茨	11
0031	赫勒比勒夏	1
0031	塞拉	24
0031	勒伽西	2
0031	考虑到	1
0032	涡波	1
0032	拉丝缇娅拉	2
0032	阿尔缇	1
0032	缇娅拉	2
0033	涡波	2
0033	拉丝缇娅拉	3
0033	玛利亚	9
0033	帕林库洛	9
0033	缇亚	7
0033	拉古涅	5
0033	阿尔缇	12
0033	缇娅拉	6
0033	弗茨亚茨	3
0033	赫勒比勒夏	8
0033	塞拉	11
0034	莱纳	1
0034	帕林库洛	26
0034	缇亚	5
0034	格连	1
0034	拉斯缇亚拉	5
0034	赫勒比勒夏	3
0034	缇亚拉	5
0034	芙茨亚茨	1
0037	涡波	42
0037	斯诺	52
0037	玛利亚	40
0037	帕林库洛	109
0037	格连	2
0037	沃克	2
0037	勒伽西	2
0037	考虑到	1
0038	涡波	18
0038	斯诺	84
0038	玛利亚	4
0038	帕林库洛	19
0038	阿雷亚斯	7
0038	弗茨亚茨	1
0038	沃克	2
0038	考虑到	7
0039	涡波	40
0039	拉丝缇娅拉	21
0039	斯诺	120
0039	玛利亚	21
0039	帕林库洛	45
0039	缇亚	8
0039	格连	2
0039	缇娅拉	21
0039	弗茨亚茨	20
0039	相川涡波	4
0039	沃克	7
0039	考虑到	1
0040	涡波	42
0040	斯诺	113
0040	玛利亚	1
0040	帕林库洛	7
0040	诺文	88
0040	莉帕	33
0040	格连	4
0040	阿雷亚斯	1
0040	弗茨亚茨	2
0040	相川涡波	6
0040	赫勒比勒夏	1
0040	沃克	5
0040	艾尔米拉德	7
0040	勒伽西	1
0040	希达尔克	127
0040	考虑到	6
0041	涡波	31
0041	拉丝缇娅拉	43
0041	斯诺	45
0041	玛利亚	35
0041	帕林库洛	4
0041	缇亚	4
0041	诺文	114
0041	莉帕	90
0041	格连	1
0041	缇娅拉	47
0041	弗茨亚茨	10
0041	相川涡波	4
0041	塞拉	1
0041	缇亚拉	2
0041	勒伽西	2
0041	希达尔克	1
0041	考虑到	1
0042	涡波	43
0042	拉丝缇娅拉	8
0042	斯诺	11
0042	玛利亚	22
0042	帕林库洛	26
0042	缇亚	2
0042	诺文	165
0042	阳滝	1
0042	莉帕	11
0042	缇娅拉	8
0042	阿雷亚斯	8
0042	弗茨亚茨	3
0042	相川涡波	2
0042	勒伽西	2
0043	涡波	36
0043	拉丝缇娅拉	3
0043	斯诺	167
0043	玛利亚	2
0043	帕林库洛	12
0043	诺文	20
0043	莉帕	14
0043	格连	24
0043	缇娅拉	3
0043	相川涡波	5
0043	沃克	27
0043	艾尔米拉德	3
0043	勒伽西	3
0043	希达尔克	15
0043	考虑到	2
0044	涡波	1
0044	斯诺	1
0044	沃克	1
0045	涡波	4
0045	拉丝缇娅拉	1
0045	斯诺	4
0045	帕林库洛	1
0045	缇亚	1
0045	缇娅拉	1
0045	考虑到	1
0046	涡波	19
0046	拉丝缇娅拉	10
0046	斯诺	2
0046	玛利亚	11
0046	帕林库洛	30
0046	缇亚	60
0046	诺文	12
0046	莉帕	34
0046	拉古涅	5
0046	阿尔缇	9
0046	格连	1
0046	缇娅拉	10
0046	阿雷亚斯	4
0046	弗茨亚茨	11
0046	赫勒比勒夏	1
0046	塞拉	24
0046	沃克	1
0046	勒伽西	2
0046	考虑到	1
0049	涡波	54
0049	莱纳	4
0049	斯诺	158
0049	玛利亚	4
0049	帕林库洛	4
0049	诺文	167
0049	莉帕	143
0049	拉古涅	7
0049	格连	17
0049	阿雷亚斯	14
0049	弗茨亚茨	7
0049	相川涡波	3
0049	赫勒比勒夏	12
0049	沃克	13
0049	勒伽西	1
0049	芙兰琉莱	7
0049	考虑到	2
0050	涡波	131
0050	拉丝缇娅拉	243
0050	莱纳	105
0050	斯诺	138
0050	玛利亚	6
0050	帕林库洛	12
0050	缇亚	135
0050	诺文	158
0050	莉帕	59
0050	拉古涅	49
0050	格连	7
0050	缇娅拉	243
0050	阿雷亚斯	8
0050	弗茨亚茨	26
0050	相川涡波	5
0050	赫勒比勒夏	12
0050	塞拉	28
0050	沃克	5
0050	艾尔米拉德	2
0050	希达尔克	2
0050	芙兰琉莱	83
0050	考虑到	6
0051	涡波	10
0051	拉丝缇娅拉	11
0051	莱纳	1
0051	斯诺	40
0051	帕林库洛	1
0051	缇亚	8
0051	诺文	7
0051	莉帕	1
0051	格连	2
0051	缇娅拉	11
0051	塞拉	1
0051	沃克	9
0051	艾尔米拉德	48
0051	希达尔克	23
0052	涡波	191
0052	拉丝缇娅拉	108
0052	斯诺	219
0052	玛利亚	8
0052	帕林库洛	16
0052	缇亚	83
0052	诺文	29
0052	阳滝	2
0052	莉帕	18
0052	拉古涅	1
0052	阿尔缇	5
0052	格连	6
0052	缇娅拉	109
0052	缇达	1
0052	阿雷亚斯	9
0052	弗茨亚茨	5
0052	相川涡波	1
0052	赫勒比勒夏	3
0052	塞拉	16
0052	沃克	11
0052	艾尔米拉德	4
0052	斐勒卢托	1
0052	芙兰琉莱	1
0052	元老院	1
0052	考虑到	2
0053	莉帕	2
0053	弗茨亚茨	1
0054	涡波	3
0054	诺文	6
0054	莉帕	3
0055	涡波	5
0055	斯诺	11
0055	诺文	20
0055	莉帕	32
0055	格连	5
0055	阿雷亚斯	1
0055	沃克	9
0058	涡波	57
0058	拉丝缇娅拉	66
0058	斯诺	245
0058	玛利亚	119
0058	帕林库洛	27
0058	缇亚	6
0058	诺文	73
0058	莉帕	204
0058	阿尔缇	14
0058	格连	3
0058	缇娅拉	66
0058	缇达	2
0058	阿雷亚斯	3
0058	弗茨亚茨	1
0058	相川涡波	1
0058	塞拉	1
0058	沃克	53
0058	艾尔米拉德	3
0058	勒伽西	3
0058	希达尔克	1
0058	考虑到	1
0059	涡波	10
0059	莱纳	2
0059	斯诺	3
0059	诺文	13
0059	莉帕	6
0059	格连	21
0059	阿雷亚斯	26
0059	赫勒比勒夏	1
0059	沃克	4
0059	考虑到	2
0060	涡波	67
0060	拉丝缇娅拉	19
0060	莱纳	3
0060	斯诺	14
0060	玛利亚	13
0060	帕林库洛	1
0060	缇亚	18
0060	诺文	385
0060	莉帕	54
0060	拉古涅	2
0060	阿尔缇	5
0060	格连	4
0060	缇娅拉	19
0060	缇达	2
0060	阿雷亚斯	33
0060	弗茨亚茨	1
0060	相川涡波	6
0060	赫勒比勒夏	2
0060	塞拉	6
0060	沃克	4
0060	艾尔米拉德	2
0060	勒伽西	1
0060	芙兰琉莱	2
0060	考虑到	1
0061	涡波	34
0061	拉丝缇娅拉	31
0061	莱纳	44
0061	斯诺	43
0061	玛利亚	11
0061	帕林库洛	16
0061	缇亚	22
0061	诺文	268
0061	莉帕	148
0061	拉古涅	13
0061	阿尔缇	3
0061	格连	18
0061	缇娅拉	31
0061	缇达	2
0061	阿雷亚斯	32
0061	弗茨亚茨	21
0061	相川涡波	1
0061	赫勒比勒夏	5
0061	塞拉	7
0061	沃克	17
0061	艾尔米拉德	29
0061	斐勒卢托	7
0061	希达尔克	5
0061	芙兰琉莱	4
0061	元老院	6
0062	涡波	6
0062	拉丝缇娅拉	23
0062	斯诺	5
0062	玛利亚	4
0062	帕林库洛	9
0062	缇亚	8
0062	诺文	2
0062	莉帕	14
0062	阿尔缇	1
0062	缇娅拉	23
0062	缇达	1
0062	弗茨亚茨	1
0062	相川涡波	3
0062	塞拉	4
0062	考虑到	1
0063	诺文	2
0063	阿雷亚斯	2
0064	涡波	1
0064	诺文	1
0065	涡波	3
0065	诺文	9
0065	莉帕	3
0066	涡波	5
0066	拉丝缇娅拉	1
0066	莱纳	2
0066	斯诺	25
0066	玛利亚	32
0066	缇亚	1
0066	诺文	8
0066	莉帕	1
0066	拉古涅	15
0066	缇娅拉	1
0066	阿雷亚斯	1
0066	相川涡波	2
0066	芙兰琉莱	6
0066	考虑到	1
0069	涡波	52
0069	拉丝缇娅拉	112
0069	斯诺	67
0069	玛利亚	92
0069	帕林库洛	16
0069	缇亚	24
0069	诺文	11
0069	阳滝	2
0069	莉帕	26
0069	阿尔缇	6
0069	缇娅拉	112
0069	缇达	6
0069	阿雷亚斯	2
0069	弗茨亚茨	3
0069	相川涡波	5
0069	塞拉	1
0069	沃克	1
0069	艾尔米拉德	1
0069	勒伽西	1
0070	涡波	64
0070	拉丝缇娅拉	147
0070	莱纳	1
0070	斯诺	112
0070	玛利亚	107
0070	帕林库洛	16
0070	缇亚	79
0070	诺文	59
0070	阳滝	1
0070	莉帕	60
0070	阿尔缇	7
0070	格连	23
0070	缇娅拉	148
0070	缇达	1
0070	阿雷亚斯	25
0070	弗茨亚茨	3
0070	相川涡波	4
0070	塞拉	17
0070	沃克	5
0070	缇亚拉	1
0070	考虑到	2
0071	涡波	61
0071	拉丝缇娅拉	206
0071	莱纳	5
0071	斯诺	16
0071	玛利亚	45
0071	帕林库洛	17
0071	缇亚	99
0071	诺文	8
0071	阳滝	12
0071	莉帕	101
0071	格连	1
0071	缇娅拉	213
0071	海莉	94
0071	阿雷亚斯	5
0071	弗茨亚茨	5
0071	相川涡波	6
0071	赫勒比勒夏	13
0071	塞拉	96
0071	勒伽西	11
0071	考虑到	3
0072	涡波	34
0072	拉丝缇娅拉	61
0072	斯诺	75
0072	玛利亚	56
0072	帕林库洛	12
0072	缇亚	68
0072	诺文	14
0072	莉帕	53
0072	阿尔缇	4
0072	缇娅拉	76
0072	海莉	5
0072	缇达	4
0072	阿雷亚斯	2
0072	弗茨亚茨	2
0072	相川涡波	1
0072	塞拉	7
0072	迪普拉库拉	1
0072	缇亚拉	2
0072	勒伽西	1
0072	考虑到	2
0073	涡波	2
0073	阳滝	1
0073	海莉	1
0074	涡波	28
0074	拉丝缇娅拉	8
0074	斯诺	13
0074	玛利亚	4
0074	帕林库洛	6
0074	诺文	6
0074	莉帕	1
0074	缇娅拉	8
0074	阿雷亚斯	1
0074	艾尔米拉德	2
0074	勒伽西	1
0074	希达尔克	12
0077	涡波	3
0077	帕林库洛	12
0077	格连	1
0077	缇娅拉	1
0077	弗茨亚茨	1
0077	相川涡波	1
0077	赫勒比勒夏	1
0077	迪普拉库拉	1
0077	沃克	1
0077	勒伽西	13
0078	涡波	52
0078	拉丝缇娅拉	48
0078	莱纳	179
0078	斯诺	6
0078	玛利亚	42
0078	帕林库洛	31
0078	缇亚	87
0078	诺文	9
0078	莉帕	9
0078	艾德	69
0078	阿尔缇	3
0078	缇娅拉	48
0078	海莉	46
0078	缇达	3
0078	阿雷亚斯	3
0078	弗茨亚茨	3
0078	相川涡波	5
0078	赫勒比勒夏	4
0078	塞拉	4
0078	斐勒卢托	1
0078	露洁	42
0078	勒伽西	9
0078	诺瓦露	36
0078	芙兰琉莱	1
0078	考虑到	2
0079	涡波	69
0079	拉丝缇娅拉	45
0079	莱纳	2
0079	斯诺	3
0079	玛利亚	59
0079	帕林库洛	32
0079	缇亚	115
0079	诺文	15
0079	阳滝	30
0079	莉帕	6
0079	罗德	1
0079	艾德	16
0079	阿尔缇	4
0079	缇娅拉	66
0079	海莉	79
0079	缇达	2
0079	阿雷亚斯	2
0079	弗茨亚茨	1
0079	相川涡波	16
0079	塞拉	4
0079	迪普拉库拉	1
0079	勒伽西	9
0079	考虑到	1
0080	涡波	52
0080	拉丝缇娅拉	53
0080	莱纳	7
0080	斯诺	71
0080	玛利亚	88
0080	帕林库洛	278
0080	缇亚	20
0080	诺文	11
0080	阳滝	35
0080	莉帕	30
0080	艾德	24
0080	阿尔缇	8
0080	缇娅拉	79
0080	海莉	47
0080	缇达	7
0080	阿雷亚斯	3
0080	弗茨亚茨	3
0080	相川涡波	10
0080	赫勒比勒夏	1
0080	塞拉	39
0080	露洁	1
0080	勒伽西	13
0080	诺瓦露	1
0080	考虑到	4
0081	涡波	35
0081	拉丝缇娅拉	2
0081	莱纳	15
0081	斯诺	1
0081	玛利亚	135
0081	帕林库洛	313
0081	缇亚	11
0081	诺文	3
0081	阳滝	33
0081	艾德	2
0081	阿尔缇	6
0081	缇娅拉	3
0081	海莉	98
0081	缇达	9
0081	相川涡波	6
0081	赫勒比勒夏	6
0081	缇亚拉	3
0081	勒伽西	18
0082	涡波	128
0082	拉丝缇娅拉	2
0082	莱纳	94
0082	斯诺	2
0082	玛利亚	8
0082	帕林库洛	263
0082	缇亚	3
0082	诺文	20
0082	阳滝	96
0082	莉帕	1
0082	艾德	3
0082	阿尔缇	3
0082	格连	1
0082	缇娅拉	43
0082	海莉	107
0082	缇达	13
0082	阿雷亚斯	6
0082	相川涡波	8
0082	赫勒比勒夏	5
0082	塞拉	1
0082	缇亚拉	1
0082	勒伽西	15
0082	考虑到	1
0083	涡波	4
0083	拉丝缇娅拉	2
0083	莱纳	5
0083	帕林库洛	4
0083	诺文	11
0083	艾德	23
0083	缇娅拉	2
0083	海莉	1
0083	缇达	1
0083	阿雷亚斯	2
0083	弗茨亚茨	3
0083	赫勒比勒夏	2
0083	勒伽西	3
0084	涡波	4
0084	莱纳	2
0084	玛利亚	1
0084	帕林库洛	3
0084	诺文	3
0084	阳滝	3
0084	罗德	22
0084	阿尔缇	1
0084	缇缇	1
0084	海莉	1
0084	缇达	3
0084	阿雷亚斯	1
0084	相川涡波	1
0084	涡涡	11
0085	涡波	2
0085	阳滝	3
0086	涡波	10
0086	拉丝缇娅拉	11
0086	斯诺	33
0086	玛利亚	8
0086	缇亚	28
0086	莉帕	20
0086	缇娅拉	12
0086	塞拉	2
0089	涡波	29
0089	拉丝缇娅拉	3
0089	莱纳	180
0089	斯诺	1
0089	玛利亚	1
0089	帕林库洛	13
0089	缇亚	1
0089	诺文	39
0089	阳滝	14
0089	莉帕	4
0089	罗德	293
0089	艾德	24
0089	阿尔缇	5
0089	缇缇	2
0089	格连	1
0089	缇娅拉	5
0089	海莉	1
0089	缇达	2
0089	阿雷亚斯	14
0089	相川涡波	4
0089	赫勒比勒夏	4
0089	塞拉	1
0089	雷纳尔多	95
0089	勒伽西	1
0089	涡涡	40
0089	考虑到	1
0090	涡波	5
0090	拉丝缇娅拉	2
0090	莱纳	173
0090	斯诺	1
0090	玛利亚	4
0090	缇亚	2
0090	诺文	4
0090	莉帕	1
0090	罗德	47
0090	艾德	4
0090	阿尔缇	1
0090	缇娅拉	3
0090	海莉	1
0090	缇达	1
0090	阿雷亚斯	1
0090	相川涡波	3
0090	赫勒比勒夏	2
0090	雷纳尔多	21
0090	芙兰琉莱	1
0090	涡涡	6
0090	考虑到	2
0091	涡波	68
0091	拉丝缇娅拉	3
0091	莱纳	172
0091	诺斯菲	334
0091	玛利亚	1
0091	帕林库洛	1
0091	缇亚	2
0091	诺文	7
0091	阳滝	1
0091	莉帕	2
0091	罗德	290
0091	艾德	4
0091	阿尔缇	4
0091	缇娅拉	9
0091	缇达	2
0091	阿雷亚斯	3
0091	相川涡波	2
0091	赫勒比勒夏	8
0091	雷纳尔多	49
0091	勒伽西	2
0091	涡涡	21
0091	考虑到	6
0092	涡波	75
0092	拉丝缇娅拉	5
0092	莱纳	94
0092	诺斯菲	205
0092	帕林库洛	3
0092	诺文	2
0092	阳滝	5
0092	罗德	150
0092	艾德	23
0092	阿尔缇	4
0092	缇娅拉	9
0092	弗茨亚茨	1
0092	赫勒比勒夏	2
0092	雷纳尔多	2
0092	勒伽西	1
0092	涡涡	4
0092	考虑到	2
0093	涡波	30
0093	莱纳	11
0093	诺斯菲	29
0093	诺文	1
0093	阳滝	1
0093	罗德	94
0093	艾德	9
0093	相川涡波	1
0093	赫勒比勒夏	1
0093	雷纳尔多	3
0093	考虑到	1
0094	诺斯菲	3
0094	罗德	1
0094	考虑到	1
0095	涡波	11
0095	诺斯菲	14
0095	玛利亚	2
0095	弗茨亚茨	1
0095	考虑到	2
0096	涡波	19
0096	拉丝缇娅拉	9
0096	莱纳	8
0096	斯诺	4
0096	玛利亚	20
0096	帕林库洛	8
0096	缇亚	3
0096	莉帕	17
0096	罗德	21
0096	缇娅拉	10
0096	赫勒比勒夏	2
0096	塞拉	1
0096	沃克	1
0096	勒伽西	2
0096	考虑到	1
0099	拉丝缇娅拉	1
0099	莱纳	2
0099	斯诺	1
0099	缇亚	1
0099	莉帕	1
0099	缇缇	22
0099	缇娅拉	1
0099	涡涡	4
0099	考虑到	1
0100	涡波	2
0100	拉丝缇娅拉	1
0100	拉古涅	5
0100	缇娅拉	1
0100	弗茨亚茨	1
0100	塞拉	2
0109	涡波	2
0109	拉丝缇娅拉	5
0109	诺文	1
0109	缇娅拉	5
0109	弗茨亚茨	3
0109	塞拉	37
0110	涡波	14
0110	拉丝缇娅拉	40
0110	斯诺	7
0110	玛利亚	16
0110	帕林库洛	9
0110	诺文	5
0110	莉帕	15
0110	阿尔缇	2
0110	缇娅拉	40
0110	缇达	2
0110	弗茨亚茨	1
0110	相川涡波	1
0110	塞拉	26
0112	涡波	28
0112	拉丝缇娅拉	5
0112	斯诺	1
0112	玛利亚	63
0112	帕林库洛	2
0112	缇亚	1
0112	诺文	2
0112	莉帕	1
0112	阿尔缇	6
0112	缇娅拉	5
0112	阿雷亚斯	1
0112	相川涡波	2
0113	涡波	22
0113	拉丝缇娅拉	2
0113	斯诺	64
0113	玛利亚	24
0113	帕林库洛	11
0113	缇亚	2
0113	阳滝	1
0113	莉帕	2
0113	缇娅拉	2
0113	缇达	6
0113	相川涡波	2
0113	塞拉	1
0113	沃克	1
0113	艾尔米拉德	1
0114	涡波	6
0114	拉丝缇娅拉	72
0114	诺文	1
0114	阳滝	1
0114	缇娅拉	72
0114	弗茨亚茨	3
0114	相川涡波	2
0115	涡波	3
0115	拉丝缇娅拉	32
0115	斯诺	6
0115	玛利亚	7
0115	帕林库洛	3
0115	缇亚	21
0115	诺文	8
0115	阳滝	1
0115	莉帕	24
0115	缇娅拉	32
0115	阿雷亚斯	1
0115	勒伽西	1
0116	涡波	18
0116	拉丝缇娅拉	36
0116	斯诺	35
0116	玛利亚	12
0116	帕林库洛	2
0116	缇亚	20
0116	诺文	1
0116	阳滝	1
0116	莉帕	3
0116	缇娅拉	37
0116	缇达	1
0116	弗茨亚茨	1
0116	塞拉	3
0116	考虑到	1
0117	涡波	7
0117	拉丝缇娅拉	16
0117	斯诺	15
0117	玛利亚	11
0117	帕林库洛	1
0117	缇亚	8
0117	诺文	5
0117	莉帕	11
0117	阿尔缇	5
0117	格连	1
0117	缇娅拉	16
0117	阿雷亚斯	1
0117	弗茨亚茨	1
0117	相川涡波	1
0117	塞拉	8
0117	考虑到	1
0118	涡波	2
0118	拉丝缇娅拉	28
0118	玛利亚	38
0118	缇亚	36
0118	诺文	12
0118	莉帕	2
0118	阿尔缇	2
0118	缇娅拉	28
0118	阿雷亚斯	8
0119	涡波	13
0119	拉丝缇娅拉	43
0119	玛利亚	15
0119	缇亚	10
0119	诺文	1
0119	缇娅拉	43
0119	阿雷亚斯	1
0119	弗茨亚茨	1
0119	相川涡波	1
0120	涡波	3
0120	拉丝缇娅拉	14
0120	斯诺	17
0120	玛利亚	3
0120	帕林库洛	2
0120	诺文	28
0120	莉帕	8
0120	缇娅拉	14
0120	阿雷亚斯	13
0120	相川涡波	1
0120	沃克	1
0121	涡波	16
0121	拉丝缇娅拉	1
0121	斯诺	31
0121	帕林库洛	10
0121	诺文	2
0121	格连	22
0121	缇娅拉	1
0121	相川涡波	1
0121	沃克	3
0122	拉丝缇娅拉	1
0122	莱纳	1
0122	玛利亚	3
0122	帕林库洛	1
0122	缇亚	2
0122	诺文	5
0122	莉帕	3
0122	缇娅拉	1
0122	阿雷亚斯	1
0122	塞拉	1
0122	沃克	1
0123	涡波	6
0123	拉丝缇娅拉	12
0123	斯诺	16
0123	玛利亚	25
0123	缇亚	4
0123	诺文	4
0123	莉帕	33
0123	缇娅拉	12
0123	阿雷亚斯	1
0123	塞拉	6
0124	涡波	5
0124	拉丝缇娅拉	32
0124	斯诺	1
0124	帕林库洛	3
0124	缇亚	1
0124	诺文	2
0124	莉帕	54
0124	格连	1
0124	缇娅拉	32
0124	阿雷亚斯	2
0124	赫勒比勒夏	2
0124	塞拉	33
0124	勒伽西	1
0125	涡波	3
0125	拉丝缇娅拉	47
0125	玛利亚	3
0125	缇亚	3
0125	诺文	3
0125	莉帕	12
0125	缇娅拉	47
0125	阿雷亚斯	1
0125	塞拉	21
0125	考虑到	1
0126	涡波	4
0126	拉丝缇娅拉	28
0126	帕林库洛	1
0126	诺文	1
0126	莉帕	8
0126	缇娅拉	28
0126	海莉	1
0126	阿雷亚斯	1
0126	赫勒比勒夏	1
0126	塞拉	20
0126	考虑到	1
0127	涡波	1
0127	拉丝缇娅拉	19
0127	莱纳	5
0127	帕林库洛	1
0127	诺文	1
0127	莉帕	8
0127	缇娅拉	19
0127	海莉	2
0127	阿雷亚斯	1
0127	赫勒比勒夏	1
0127	塞拉	2
0128	涡波	4
0128	拉丝缇娅拉	34
0128	斯诺	5
0128	玛利亚	17
0128	缇亚	6
0128	莉帕	15
0128	缇娅拉	34
0128	塞拉	7
0129	涡波	24
0129	拉丝缇娅拉	18
0129	斯诺	9
0129	玛利亚	15
0129	缇亚	68
0129	莉帕	2
0129	缇娅拉	18
0129	弗茨亚茨	3
0129	塞拉	10
0130	涡波	3
0130	拉丝缇娅拉	14
0130	斯诺	1
0130	玛利亚	6
0130	帕林库洛	7
0130	缇亚	3
0130	诺文	1
0130	莉帕	2
0130	缇娅拉	15
0130	海莉	44
0130	弗茨亚茨	2
0130	赫勒比勒夏	8
0130	塞拉	3
0130	勒伽西	1
0130	考虑到	1
0131	涡波	11
0131	拉丝缇娅拉	18
0131	斯诺	1
0131	玛利亚	3
0131	帕林库洛	5
0131	缇亚	18
0131	阳滝	12
0131	缇娅拉	25
0131	海莉	45
0131	相川涡波	7
0131	赫勒比勒夏	1
0131	勒伽西	9
0132	涡波	4
0132	拉丝缇娅拉	1
0132	斯诺	47
0132	玛利亚	9
0132	缇亚	15
0132	诺文	4
0132	莉帕	11
0132	缇娅拉	1
0132	海莉	1
0132	相川涡波	1
0132	勒伽西	1
0133	涡波	10
0133	拉丝缇娅拉	14
0133	斯诺	14
0133	玛利亚	16
0133	缇亚	5
0133	莉帕	9
0133	缇娅拉	14
0133	海莉	1
0133	塞拉	2
0134	涡波	5
0134	拉丝缇娅拉	19
0134	斯诺	2
0134	玛利亚	15
0134	缇亚	2
0134	诺文	8
0134	莉帕	16
0134	阿尔缇	3
0134	缇娅拉	36
0134	缇达	2
0134	弗茨亚茨	2
0134	塞拉	1
0134	迪普拉库拉	1
0134	考虑到	1
0135	涡波	2
0135	拉丝缇娅拉	1
0135	斯诺	2
0135	缇亚	14
0135	莉帕	4
0135	缇娅拉	1
0135	阿雷亚斯	2
0135	塞拉	1
0136	涡波	12
0136	拉丝缇娅拉	26
0136	斯诺	10
0136	玛利亚	16
0136	帕林库洛	12
0136	缇亚	29
0136	诺文	2
0136	莉帕	13
0136	阿尔缇	1
0136	缇娅拉	26
0136	海莉	3
0136	缇达	2
0136	塞拉	3
0137	涡波	9
0137	拉丝缇娅拉	11
0137	莱纳	71
0137	斯诺	2
0137	玛利亚	6
0137	帕林库洛	12
0137	缇亚	12
0137	诺文	3
0137	莉帕	6
0137	阿尔缇	1
0137	缇娅拉	11
0137	海莉	7
0137	弗茨亚茨	3
0137	相川涡波	1
0137	赫勒比勒夏	2
0137	塞拉	1
0137	斐勒卢托	1
0137	勒伽西	4
0138	涡波	7
0138	拉丝缇娅拉	2
0138	莱纳	54
0138	玛利亚	1
0138	帕林库洛	6
0138	缇亚	5
0138	艾德	2
0138	缇娅拉	2
0138	海莉	26
0138	相川涡波	4
0138	赫勒比勒夏	1
0138	露洁	7
0138	勒伽西	3
0138	诺瓦露	4
0138	芙兰琉莱	1
0139	涡波	8
0139	莱纳	36
0139	玛利亚	1
0139	帕林库洛	2
0139	缇亚	1
0139	诺文	5
0139	罗德	1
0139	艾德	24
0139	海莉	3
0139	阿雷亚斯	3
0139	相川涡波	1
0139	赫勒比勒夏	1
0139	露洁	18
0139	诺瓦露	16
0139	考虑到	1
0140	涡波	12
0140	拉丝缇娅拉	27
0140	莱纳	17
0140	玛利亚	20
0140	帕林库洛	1
0140	缇亚	39
0140	艾德	41
0140	阿尔缇	2
0140	缇娅拉	27
0140	海莉	2
0140	缇达	1
0140	露洁	17
0140	勒伽西	1
0140	诺瓦露	15
0141	涡波	9
0141	拉丝缇娅拉	2
0141	玛利亚	4
0141	缇亚	3
0141	诺文	7
0141	阳滝	11
0141	罗德	1
0141	艾德	6
0141	阿尔缇	1
0141	缇娅拉	18
0141	海莉	1
0141	阿雷亚斯	1
0141	相川涡波	6
0141	勒伽西	1
0142	涡波	19
0142	拉丝缇娅拉	5
0142	莱纳	1
0142	玛利亚	16
0142	帕林库洛	4
0142	缇亚	60
0142	诺文	2
0142	阳滝	3
0142	阿尔缇	3
0142	缇娅拉	9
0142	缇达	2
0142	相川涡波	2
0142	迪普拉库拉	1
0142	勒伽西	5
0143	涡波	4
0143	拉丝缇娅拉	17
0143	玛利亚	16
0143	帕林库洛	1
0143	缇亚	15
0143	诺文	2
0143	艾德	2
0143	缇娅拉	17
0143	阿雷亚斯	1
0143	塞拉	1
0143	勒伽西	1
0144	涡波	9
0144	拉丝缇娅拉	18
0144	玛利亚	20
0144	帕林库洛	12
0144	缇亚	1
0144	诺文	1
0144	莉帕	1
0144	艾德	2
0144	缇娅拉	18
0144	海莉	1
0144	弗茨亚茨	1
0144	相川涡波	1
0145	涡波	19
0145	拉丝缇娅拉	2
0145	帕林库洛	4
0145	缇亚	13
0145	诺文	2
0145	阳滝	2
0145	艾德	2
0145	缇娅拉	3
0145	海莉	39
0145	相川涡波	6
0146	涡波	8
0146	拉丝缇娅拉	6
0146	斯诺	9
0146	玛利亚	5
0146	帕林库洛	12
0146	缇亚	18
0146	阳滝	14
0146	莉帕	5
0146	艾德	3
0146	缇娅拉	6
0146	海莉	32
0146	缇达	2
0146	相川涡波	3
0146	塞拉	3
0147	涡波	1
0147	拉丝缇娅拉	17
0147	斯诺	18
0147	玛利亚	6
0147	帕林库洛	72
0147	缇亚	9
0147	莉帕	9
0147	艾德	16
0147	缇娅拉	17
0147	缇达	2
0147	塞拉	23
0147	勒伽西	1
0147	考虑到	1
0148	涡波	2
0148	拉丝缇娅拉	2
0148	帕林库洛	1
0148	阳滝	24
0148	缇娅拉	26
0148	海莉	1
0148	弗茨亚茨	1
0148	相川涡波	2
0149	涡波	19
0149	拉丝缇娅拉	10
0149	斯诺	16
0149	玛利亚	6
0149	帕林库洛	37
0149	缇亚	1
0149	诺文	2
0149	阳滝	7
0149	莉帕	17
0149	阿尔缇	1
0149	缇娅拉	12
0149	海莉	3
0149	缇达	1
0149	弗茨亚茨	1
0149	相川涡波	7
0149	塞拉	14
0150	涡波	8
0150	斯诺	3
0150	玛利亚	22
0150	帕林库洛	32
0150	缇亚	6
0150	诺文	1
0150	阿尔缇	1
0150	海莉	8
0150	勒伽西	1
0151	涡波	1
0151	莱纳	7
0151	斯诺	20
0151	玛利亚	4
0151	帕林库洛	33
0151	缇亚	2
0151	诺文	1
0151	阳滝	4
0151	莉帕	1
0151	艾德	7
0151	海莉	31
0151	阿雷亚斯	1
0151	弗茨亚茨	1
0151	赫勒比勒夏	1
0151	露洁	1
0151	勒伽西	7
0151	诺瓦露	1
0151	考虑到	1
0152	涡波	8
0152	拉丝缇娅拉	24
0152	斯诺	13
0152	玛利亚	29
0152	帕林库洛	23
0152	缇亚	1
0152	诺文	5
0152	莉帕	3
0152	艾德	1
0152	阿尔缇	3
0152	缇娅拉	24
0152	海莉	2
0152	缇达	1
0152	阿雷亚斯	1
0152	塞拉	2
0152	考虑到	2
0153	涡波	4
0153	斯诺	1
0153	玛利亚	18
0153	帕林库洛	56
0153	缇亚	1
0153	诺文	2
0153	阿尔缇	3
0153	海莉	1
0153	缇达	3
0153	阿雷亚斯	1
0153	相川涡波	1
0153	勒伽西	2
0154	涡波	7
0154	玛利亚	21
0154	帕林库洛	83
0154	缇亚	2
0154	诺文	2
0154	阿尔缇	1
0154	缇达	2
0154	勒伽西	8
0155	涡波	2
0155	玛利亚	25
0155	帕林库洛	58
0155	阿尔缇	1
0155	勒伽西	8
0156	涡波	11
0156	拉丝缇娅拉	1
0156	斯诺	1
0156	玛利亚	54
0156	帕林库洛	53
0156	缇亚	1
0156	诺文	1
0156	阿尔缇	4
0156	缇娅拉	1
0156	海莉	5
0156	缇达	4
0156	勒伽西	1
0157	涡波	9
0157	拉丝缇娅拉	3
0157	玛利亚	29
0157	帕林库洛	67
0157	缇亚	3
0157	阳滝	25
0157	艾德	2
0157	缇娅拉	4
0157	海莉	12
0157	缇达	3
0157	相川涡波	3
0157	勒伽西	1
0158	涡波	6
0158	拉丝缇娅拉	1
0158	莱纳	15
0158	玛利亚	6
0158	帕林库洛	68
0158	缇亚	2
0158	阳滝	8
0158	缇娅拉	1
0158	海莉	81
0158	相川涡波	3
0158	赫勒比勒夏	6
0159	涡波	7
0159	拉丝缇娅拉	1
0159	莱纳	35
0159	斯诺	1
0159	帕林库洛	53
0159	诺文	1
0159	阳滝	1
0159	艾德	1
0159	格连	1
0159	缇娅拉	2
0159	海莉	66
0159	赫勒比勒夏	4
0159	勒伽西	1
0160	莱纳	32
0160	玛利亚	2
0160	帕林库洛	46
0160	诺文	10
0160	艾德	1
0160	海莉	6
0160	缇达	1
0160	阿雷亚斯	4
0160	赫勒比勒夏	1
0160	勒伽西	1
0160	考虑到	1
0161	涡波	1
0161	拉丝缇娅拉	1
0161	莱纳	9
0161	帕林库洛	30
0161	诺文	1
0161	阳滝	7
0161	艾德	1
0161	缇娅拉	1
0161	海莉	20
0161	缇达	1
0162	涡波	44
0162	莱纳	2
0162	玛利亚	1
0162	帕林库洛	7
0162	诺文	2
0162	阳滝	30
0162	阿尔缇	1
0162	缇娅拉	38
0162	海莉	10
0162	勒伽西	11
0163	涡波	16
0163	莱纳	15
0163	玛利亚	2
0163	帕林库洛	44
0163	缇亚	1
0163	诺文	3
0163	阳滝	12
0163	阿尔缇	1
0163	缇娅拉	1
0163	海莉	4
0163	缇达	4
0163	阿雷亚斯	1
0163	相川涡波	3
0163	勒伽西	1
0164	涡波	53
0164	帕林库洛	31
0164	诺文	2
0164	阳滝	21
0164	阿尔缇	1
0164	海莉	1
0164	缇达	2
0164	相川涡波	3
0165	涡波	8
0165	拉丝缇娅拉	1
0165	莱纳	4
0165	斯诺	1
0165	玛利亚	3
0165	帕林库洛	53
0165	缇亚	1
0165	诺文	2
0165	阳滝	27
0165	莉帕	1
0165	缇娅拉	2
0165	海莉	3
0165	缇达	5
0165	阿雷亚斯	1
0165	相川涡波	2
0165	塞拉	1
0165	勒伽西	1
0166	涡波	4
0166	拉丝缇娅拉	2
0166	莱纳	5
0166	帕林库洛	4
0166	诺文	11
0166	艾德	23
0166	缇娅拉	2
0166	海莉	1
0166	缇达	1
0166	阿雷亚斯	2
0166	弗茨亚茨	3
0166	赫勒比勒夏	2
0166	勒伽西	3
0168	涡波	4
0168	莱纳	2
0168	玛利亚	1
0168	帕林库洛	3
0168	诺文	3
0168	阳滝	3
0168	罗德	21
0168	阿尔缇	1
0168	缇缇	1
0168	海莉	1
0168	缇达	3
0168	阿雷亚斯	1
0168	相川涡波	1
0168	涡涡	11
0169	涡波	6
0169	拉丝缇娅拉	1
0169	莱纳	33
0169	帕林库洛	7
0169	诺文	3
0169	阳滝	12
0169	莉帕	2
0169	罗德	47
0169	艾德	9
0169	阿尔缇	2
0169	缇缇	1
0169	缇娅拉	1
0169	海莉	1
0169	赫勒比勒夏	1
0169	勒伽西	1
0169	涡涡	16
0170	涡波	4
0170	拉丝缇娅拉	1
0170	莱纳	29
0170	斯诺	1
0170	帕林库洛	2
0170	诺文	5
0170	阳滝	3
0170	莉帕	1
0170	罗德	9
0170	缇娅拉	1
0170	海莉	1
0170	阿雷亚斯	2
0170	相川涡波	1
0170	赫勒比勒夏	2
0170	考虑到	1
0171	涡波	8
0171	莱纳	48
0171	玛利亚	1
0171	帕林库洛	1
0171	缇亚	1
0171	诺文	2
0171	罗德	58
0171	阿尔缇	1
0171	缇娅拉	4
0171	海莉	2
0171	阿雷亚斯	1
0171	弗茨亚茨	2
0171	相川涡波	3
0171	雷纳尔多	15
0171	涡涡	6
0172	涡波	4
0172	莱纳	15
0172	诺文	3
0172	阳滝	2
0172	罗德	25
0172	阿尔缇	1
0172	相川涡波	1
0172	塞拉	1
0172	雷纳尔多	32
0172	涡涡	6
0173	涡波	7
0173	莱纳	26
0173	帕林库洛	1
0173	诺文	24
0173	莉帕	1
0173	罗德	60
0173	艾德	1
0173	缇缇	1
0173	格连	1
0173	缇达	3
0173	阿雷亚斯	7
0173	雷纳尔多	21
0173	涡涡	3
0173	考虑到	1
0174	涡波	1
0174	莱纳	29
0174	诺文	1
0174	罗德	28
0174	阿尔缇	3
0174	涡涡	6
0175	涡波	6
0175	莱纳	7
0175	诺文	1
0175	罗德	55
0175	艾德	3
0175	缇缇	1
0175	雷纳尔多	4
0175	涡涡	3
0176	涡波	1
0176	拉丝缇娅拉	1
0176	莱纳	3
0176	诺文	4
0176	阳滝	2
0176	罗德	20
0176	艾德	10
0176	缇娅拉	1
0176	阿雷亚斯	4
0176	赫勒比勒夏	1
0176	雷纳尔多	27
0177	涡波	6
0177	莱纳	60
0177	诺斯菲	2
0177	诺文	4
0177	阳滝	2
0177	罗德	30
0177	艾德	1
0177	赛尔德拉	1
0177	缇娅拉	1
0177	缇达	4
0177	阿雷亚斯	1
0177	弗茨亚茨	2
0177	法芙纳	3
0177	相川涡波	1
0177	赫勒比勒夏	5
0177	雷纳尔多	9
0177	涡涡	2
0178	涡波	5
0178	拉丝缇娅拉	1
0178	莱纳	31
0178	斯诺	1
0178	诺文	3
0178	罗德	15
0178	艾德	1
0178	阿尔缇	1
0178	缇娅拉	2
0178	相川涡波	3
0178	塞拉	1
0178	雷纳尔多	18
0178	涡涡	3
0179	莱纳	68
0179	诺文	1
0179	罗德	11
0179	艾德	1
0179	海莉	1
0179	阿雷亚斯	1
0179	塞拉	1
0179	雷纳尔多	6
0179	涡涡	4
0180	涡波	2
0180	拉丝缇娅拉	1
0180	莱纳	74
0180	玛利亚	4
0180	缇亚	2
0180	诺文	1
0180	莉帕	1
0180	罗德	5
0180	艾德	1
0180	阿尔缇	1
0180	缇娅拉	1
0180	海莉	2
0180	缇达	2
0180	芙兰琉莱	1
0180	考虑到	2
0181	涡波	15
0181	拉丝缇娅拉	2
0181	莱纳	25
0181	诺斯菲	67
0181	缇亚	1
0181	诺文	2
0181	莉帕	2
0181	罗德	44
0181	艾德	1
0181	缇娅拉	6
0181	缇达	1
0181	相川涡波	1
0181	赫勒比勒夏	4
0181	勒伽西	1
0181	涡涡	8
0181	考虑到	1
0182	涡波	10
0182	莱纳	10
0182	诺斯菲	44
0182	罗德	32
0182	缇娅拉	2
0182	勒伽西	1
0182	涡涡	2
0182	考虑到	1
0183	涡波	8
0183	莱纳	46
0183	斯诺	2
0183	诺斯菲	32
0183	玛利亚	1
0183	罗德	19
0183	艾德	1
0183	赫勒比勒夏	1
0183	沃克	1
0183	雷纳尔多	1
0184	涡波	6
0184	莱纳	12
0184	诺斯菲	66
0184	缇亚	1
0184	诺文	1
0184	罗德	52
0184	缇达	1
0184	涡涡	4
0184	考虑到	1
0185	涡波	6
0185	莱纳	15
0185	诺斯菲	32
0185	诺文	1
0185	罗德	29
0185	艾尔米拉德	1
0185	涡涡	2
0186	涡波	10
0186	莱纳	23
0186	诺斯菲	28
0186	阳滝	1
0186	罗德	43
0186	阿尔缇	1
0186	涡涡	3
0187	涡波	11
0187	莱纳	18
0187	诺斯菲	64
0187	罗德	64
0187	雷纳尔多	2
0187	涡涡	2
0187	考虑到	1
0188	涡波	3
0188	拉丝缇娅拉	1
0188	莱纳	54
0188	诺斯菲	19
0188	帕林库洛	1
0188	诺文	4
0188	罗德	26
0188	艾德	2
0188	阿尔缇	3
0188	缇娅拉	1
0188	阿雷亚斯	3
0188	相川涡波	1
0188	赫勒比勒夏	6
0188	雷纳尔多	51
0189	涡波	48
0189	拉丝缇娅拉	1
0189	诺斯菲	63
0189	阳滝	6
0189	罗德	20
0189	缇娅拉	5
0189	弗茨亚茨	2
0189	勒伽西	1
0190	涡波	7
0190	拉丝缇娅拉	4
0190	莱纳	11
0190	斯诺	1
0190	诺斯菲	49
0190	玛利亚	1
0190	缇亚	1
0190	诺文	1
0190	阳滝	1
0190	莉帕	1
0190	罗德	15
0190	阿尔缇	2
0190	缇娅拉	4
0190	塞拉	1
0191	涡波	4
0191	莱纳	13
0191	诺斯菲	25
0191	罗德	76
0191	艾德	14
0191	雷纳尔多	1
0191	涡涡	4
0192	拉丝缇娅拉	1
0192	莱纳	56
0192	诺斯菲	8
0192	帕林库洛	3
0192	罗德	13
0192	艾德	2
0192	缇娅拉	1
0192	雷纳尔多	1
0193	涡波	17
0193	莱纳	41
0193	诺斯菲	79
0193	帕林库洛	2
0193	诺文	1
0193	罗德	33
0193	艾德	7
0193	阿尔缇	1
0193	赫勒比勒夏	1
0194	涡波	34
0194	莱纳	12
0194	诺斯菲	30
0194	诺文	2
0194	阳滝	1
0194	罗德	115
0194	艾德	9
0194	缇缇	2
0194	阿雷亚斯	1
0194	相川涡波	1
0194	赫勒比勒夏	1
0194	雷纳尔多	3
0194	考虑到	1
0195	涡波	3
0195	莱纳	4
0195	斯诺	1
0195	诺斯菲	2
0195	罗德	8
0195	雷纳尔多	8
0196	涡波	20
0196	莱纳	1
0196	诺斯菲	18
0196	玛利亚	1
0196	罗德	20
0196	艾德	3
0196	赫勒比勒夏	1
0196	雷纳尔多	16
0196	考虑到	1
0197	涡波	24
0197	莱纳	7
0197	诺斯菲	36
0197	帕林库洛	2
0197	诺文	1
0197	罗德	6
0197	阿尔缇	3
0197	弗茨亚茨	1
0197	相川涡波	1
0197	雷纳尔多	34
0197	考虑到	1
0198	涡波	8
0198	莱纳	40
0198	诺斯菲	12
0198	帕林库洛	3
0198	诺文	1
0198	罗德	21
0198	艾德	6
0198	海莉	3
0198	阿雷亚斯	1
0198	相川涡波	2
0198	赫勒比勒夏	4
0198	雷纳尔多	44
0199	涡波	16
0199	莱纳	11
0199	诺斯菲	7
0199	罗德	52
0199	阿雷亚斯	1
0200	涡波	10
0200	莱纳	1
0200	诺斯菲	3
0200	诺文	2
0200	罗德	74
0200	阿雷亚斯	2
0201	涡波	2
0201	莱纳	4
0201	诺斯菲	53
0201	诺文	14
0201	罗德	18
0201	艾德	2
0201	海莉	1
0201	阿雷亚斯	3
0201	弗茨亚茨	3
0201	赫勒比勒夏	13
0202	涡波	1
0202	莱纳	5
0202	诺斯菲	2
0202	帕林库洛	1
0202	阳滝	1
0202	罗德	45
0203	涡波	2
0203	莱纳	6
0203	诺斯菲	76
0203	诺文	4
0203	罗德	7
0203	海莉	2
0203	阿雷亚斯	3
0203	弗茨亚茨	2
0203	法芙纳	1
0203	赫勒比勒夏	17
0204	涡波	11
0204	莱纳	1
0204	诺文	2
0204	莉帕	1
0204	罗德	86
0204	相川涡波	4
0204	雷纳尔多	1
0205	涡波	1
0205	罗德	18
0205	考虑到	2
0206	涡波	72
0206	莱纳	1
0206	诺斯菲	32
0206	诺文	1
0206	罗德	23
0206	艾德	56
0206	缇缇	14
0206	缇达	1
0206	阿雷亚斯	1
0206	弗茨亚茨	5
0206	法芙纳	1
0206	相川涡波	1
0206	赫勒比勒夏	1
0206	迪普拉库拉	1
0206	涡涡	2
0207	涡波	2
0207	莱纳	1
0207	诺斯菲	1
0207	罗德	2
0207	艾德	59
0207	缇缇	38
0207	元老院	2
0208	涡波	10
0208	莱纳	6
0208	诺斯菲	7
0208	罗德	35
0208	艾德	15
0208	缇缇	114
0208	缇娅拉	1
0208	相川涡波	1
0208	雷纳尔多	16
0208	勒伽西	1
0208	涡涡	8
0209	涡波	23
0209	拉丝缇娅拉	2
0209	莱纳	34
0209	斯诺	2
0209	诺斯菲	108
0209	帕林库洛	1
0209	诺文	9
0209	阳滝	2
0209	莉帕	1
0209	罗德	28
0209	艾德	5
0209	阿尔缇	1
0209	缇缇	67
0209	缇娅拉	2
0209	海莉	1
0209	缇达	1
0209	阿雷亚斯	4
0209	相川涡波	1
0209	赫勒比勒夏	1
0209	雷纳尔多	2
0209	涡涡	3
0210	涡波	7
0210	拉丝缇娅拉	16
0210	莱纳	17
0210	斯诺	2
0210	诺斯菲	1
0210	玛利亚	2
0210	缇亚	1
0210	诺文	1
0210	阳滝	1
0210	莉帕	1
0210	艾德	3
0210	缇缇	44
0210	缇娅拉	17
0210	阿雷亚斯	1
0210	弗茨亚茨	16
0210	相川涡波	5
0210	塞拉	1
0210	沃克	5
0210	涡涡	14
0212	涡波	6
0212	拉丝缇娅拉	14
0212	莱纳	36
0212	诺斯菲	2
0212	玛利亚	1
0212	帕林库洛	3
0212	诺文	4
0212	莉帕	1
0212	拉古涅	17
0212	艾德	16
0212	阿尔缇	1
0212	缇缇	27
0212	缇娅拉	16
0212	弗茨亚茨	17
0212	赫勒比勒夏	4
0212	斐勒卢托	30
0212	涡涡	7
0213	涡波	26
0213	拉丝缇娅拉	89
0213	莱纳	6
0213	斯诺	19
0213	玛利亚	24
0213	帕林库洛	7
0213	缇亚	9
0213	阳滝	4
0213	莉帕	5
0213	拉古涅	2
0213	艾德	16
0213	阿尔缇	1
0213	缇缇	4
0213	缇娅拉	89
0213	海莉	4
0213	弗茨亚茨	3
0213	相川涡波	2
0213	塞拉	7
0213	沃克	1
0213	斐勒卢托	9
0213	元老院	1
0214	涡波	1
0214	拉丝缇娅拉	11
0214	莱纳	26
0214	诺斯菲	2
0214	帕林库洛	3
0214	缇缇	17
0214	缇娅拉	11
0214	相川涡波	1
0214	涡涡	6
0215	涡波	5
0215	拉丝缇娅拉	18
0215	莱纳	45
0215	诺斯菲	2
0215	帕林库洛	1
0215	缇亚	1
0215	诺文	5
0215	艾德	3
0215	缇缇	26
0215	缇娅拉	18
0215	阿雷亚斯	1
0215	弗茨亚茨	6
0215	相川涡波	1
0215	塞拉	41
0215	沃克	1
0215	雷纳尔多	2
0215	涡涡	5
0216	涡波	7
0216	拉丝缇娅拉	1
0216	莱纳	14
0216	斯诺	8
0216	玛利亚	1
0216	帕林库洛	1
0216	缇亚	2
0216	诺文	1
0216	阳滝	1
0216	艾德	1
0216	缇缇	24
0216	格连	6
0216	缇娅拉	1
0216	阿雷亚斯	1
0216	弗茨亚茨	7
0216	相川涡波	2
0216	塞拉	2
0216	沃克	2
0216	涡涡	5
0217	涡波	2
0217	诺斯菲	1
0217	玛利亚	2
0217	缇亚	2
0217	诺文	7
0217	缇缇	41
0217	阿雷亚斯	2
0217	相川涡波	1
0217	雷纳尔多	1
0217	涡涡	4
0217	考虑到	1
0218	涡波	5
0218	莱纳	5
0218	玛利亚	1
0218	阳滝	1
0218	艾德	1
0218	缇缇	24
0218	缇娅拉	2
0218	弗茨亚茨	6
0218	相川涡波	4
0218	塞拉	1
0218	沃克	4
0218	涡涡	2
0218	考虑到	1
0219	涡波	2
0219	拉丝缇娅拉	1
0219	莱纳	3
0219	玛利亚	9
0219	阳滝	1
0219	艾德	2
0219	缇缇	25
0219	缇娅拉	1
0219	弗茨亚茨	2
0219	相川涡波	2
0219	塞拉	1
0219	沃克	2
0219	涡涡	3
0220	涡波	7
0220	拉丝缇娅拉	12
0220	莱纳	4
0220	诺斯菲	1
0220	玛利亚	1
0220	帕林库洛	6
0220	缇亚	1
0220	艾德	3
0220	阿尔缇	1
0220	缇缇	24
0220	缇娅拉	25
0220	弗茨亚茨	9
0220	相川涡波	1
0220	赫勒比勒夏	1
0220	塞拉	14
0220	沃克	1
0220	勒伽西	1
0220	考虑到	1
0221	涡波	28
0221	拉丝缇娅拉	52
0221	莱纳	10
0221	斯诺	5
0221	诺斯菲	1
0221	玛利亚	7
0221	缇亚	1
0221	诺文	2
0221	艾德	1
0221	阿尔缇	1
0221	缇娅拉	89
0221	弗茨亚茨	5
0221	赫勒比勒夏	5
0221	塞拉	22
0221	沃克	3
0221	斐勒卢托	1
0222	涡波	1
0222	斯诺	43
0222	罗德	1
0222	艾德	1
0222	缇缇	1
0222	弗茨亚茨	6
0222	相川涡波	1
0222	沃克	7
0222	艾尔米拉德	1
0222	希达尔克	3
0223	涡波	6
0223	玛利亚	1
0223	阳滝	1
0223	缇缇	60
0223	弗茨亚茨	4
0223	相川涡波	4
0223	沃克	4
0223	艾尔米拉德	1
0223	希达尔克	4
0223	涡涡	10
0223	考虑到	1
0224	涡波	25
0224	拉丝缇娅拉	2
0224	斯诺	3
0224	阳滝	1
0224	艾德	2
0224	缇缇	61
0224	缇娅拉	3
0224	古奈尔	66
0224	弗茨亚茨	3
0224	相川涡波	5
0224	沃克	3
0224	勒伽西	3
0224	希达尔克	2
0224	涡涡	7
0224	考虑到	2
0225	涡波	22
0225	拉丝缇娅拉	3
0225	斯诺	70
0225	帕林库洛	2
0225	诺文	1
0225	艾德	1
0225	缇缇	20
0225	缇娅拉	3
0225	古奈尔	6
0225	阿雷亚斯	1
0225	弗茨亚茨	3
0225	相川涡波	2
0225	塞拉	1
0225	沃克	4
0225	艾尔米拉德	1
0225	希达尔克	1
0225	涡涡	3
0226	涡波	19
0226	拉丝缇娅拉	9
0226	莱纳	3
0226	斯诺	119
0226	诺斯菲	17
0226	玛利亚	5
0226	帕林库洛	1
0226	缇亚	2
0226	诺文	3
0226	阳滝	2
0226	艾德	4
0226	缇缇	85
0226	格连	1
0226	缇娅拉	11
0226	古奈尔	1
0226	缇达	1
0226	弗茨亚茨	5
0226	希达尔克	1
0226	涡涡	19
0227	涡波	11
0227	拉丝缇娅拉	2
0227	斯诺	40
0227	诺斯菲	1
0227	玛利亚	1
0227	帕林库洛	2
0227	诺文	2
0227	阳滝	1
0227	莉帕	1
0227	缇缇	31
0227	缇娅拉	2
0227	古奈尔	3
0227	法芙纳	2
0227	迪普拉库拉	1
0227	涡涡	5
0228	涡波	5
0228	拉丝缇娅拉	1
0228	莱纳	1
0228	斯诺	34
0228	玛利亚	2
0228	帕林库洛	2
0228	诺文	1
0228	阳滝	1
0228	莉帕	3
0228	罗德	1
0228	艾德	13
0228	缇缇	69
0228	缇娅拉	1
0228	古奈尔	51
0228	相川涡波	1
0228	沃克	1
0228	涡涡	6
0228	考虑到	1
0229	涡波	6
0229	斯诺	7
0229	诺斯菲	1
0229	玛利亚	28
0229	帕林库洛	4
0229	诺文	1
0229	莉帕	9
0229	艾德	44
0229	阿尔缇	7
0229	缇缇	36
0229	格连	10
0229	缇娅拉	3
0229	古奈尔	1
0229	缇达	3
0229	阿雷亚斯	2
0229	弗茨亚茨	3
0229	法芙纳	1
0229	赫勒比勒夏	1
0229	迪普拉库拉	4
0229	沃克	1
0229	勒伽西	4
0229	涡涡	2
0230	涡波	15
0230	拉丝缇娅拉	1
0230	莱纳	1
0230	斯诺	14
0230	诺斯菲	1
0230	诺文	3
0230	艾德	36
0230	缇缇	41
0230	缇娅拉	1
0230	海莉	1
0230	古奈尔	3
0230	阿雷亚斯	2
0230	相川涡波	1
0230	沃克	1
0230	露洁	18
0230	诺瓦露	48
0230	涡涡	4
0231	涡波	14
0231	拉丝缇娅拉	1
0231	莱纳	1
0231	斯诺	5
0231	玛利亚	3
0231	帕林库洛	1
0231	缇亚	2
0231	阳滝	3
0231	莉帕	2
0231	艾德	73
0231	缇缇	43
0231	格连	2
0231	缇娅拉	1
0231	海莉	8
0231	古奈尔	2
0231	相川涡波	5
0231	露洁	33
0231	勒伽西	1
0231	诺瓦露	14
0231	涡涡	7
0232	涡波	4
0232	阳滝	1
0232	艾德	24
0232	缇缇	1
0232	迪普拉库拉	2
0232	雷纳尔多	1
0232	勒伽西	9
0233	涡波	24
0233	斯诺	1
0233	诺斯菲	1
0233	缇亚	15
0233	阳滝	7
0233	艾德	7
0233	海莉	2
0233	迪普拉库拉	2
0233	露洁	2
0233	诺瓦露	1
0233	考虑到	1
0234	涡波	6
0234	拉丝缇娅拉	2
0234	斯诺	6
0234	诺斯菲	1
0234	缇亚	5
0234	阳滝	3
0234	拉古涅	1
0234	艾德	30
0234	缇缇	52
0234	缇娅拉	2
0234	弗茨亚茨	3
0234	相川涡波	3
0234	露洁	41
0234	涡涡	2
0234	元老院	1
0234	考虑到	1
0235	涡波	13
0235	拉丝缇娅拉	1
0235	斯诺	2
0235	玛利亚	1
0235	帕林库洛	1
0235	缇亚	58
0235	诺文	1
0235	阳滝	56
0235	罗德	1
0235	艾德	8
0235	阿尔缇	1
0235	缇缇	7
0235	缇娅拉	3
0235	缇达	1
0235	相川涡波	1
0235	迪普拉库拉	3
0235	露洁	2
0235	勒伽西	3
0235	考虑到	1
0236	涡波	17
0236	斯诺	9
0236	诺斯菲	47
0236	诺文	2
0236	阳滝	8
0236	罗德	5
0236	艾德	45
0236	缇缇	33
0236	阿雷亚斯	2
0236	沃克	1
0236	露洁	4
0236	诺瓦露	1
0236	涡涡	2
0237	涡波	19
0237	诺斯菲	30
0237	帕林库洛	1
0237	诺文	1
0237	阳滝	1
0237	艾德	28
0237	阿尔缇	1
0237	缇缇	3
0237	阿雷亚斯	1
0237	弗茨亚茨	1
0237	相川涡波	1
0237	斐勒卢托	1
0238	涡波	61
0238	诺斯菲	4
0238	诺文	5
0238	艾德	6
0238	缇达	1
0239	涡波	73
0239	诺斯菲	4
0239	诺文	1
0239	罗德	3
0239	艾德	21
0239	缇缇	9
0239	相川涡波	1
0240	涡波	29
0240	阳滝	1
0240	艾德	3
0240	迪普拉库拉	1
0240	露洁	7
0241	涡波	35
0241	拉丝缇娅拉	1
0241	斯诺	1
0241	帕林库洛	1
0241	缇亚	1
0241	艾德	12
0241	缇缇	8
0241	缇娅拉	1
0241	海莉	5
0241	露洁	40
0241	勒伽西	2
0241	诺瓦露	1
0242	涡波	10
0242	斯诺	9
0242	诺斯菲	18
0242	阳滝	43
0242	罗德	2
0242	艾德	64
0242	缇缇	12
0242	相川涡波	2
0242	露洁	1
0242	涡涡	1
0243	涡波	4
0243	斯诺	5
0243	缇亚	2
0243	诺文	4
0243	阳滝	50
0243	艾德	82
0243	阿尔缇	2
0243	缇缇	36
0243	缇娅拉	5
0243	相川涡波	1
0243	勒伽西	3
0243	涡涡	1
0244	涡波	8
0244	诺斯菲	1
0244	玛利亚	1
0244	帕林库洛	4
0244	缇亚	43
0244	诺文	1
0244	阳滝	15
0244	艾德	5
0244	缇缇	3
0244	海莉	1
0244	缇达	1
0244	相川涡波	5
0244	迪普拉库拉	2
0244	勒伽西	4
0245	涡波	1
0245	斯诺	3
0245	诺斯菲	4
0245	缇亚	1
0245	阳滝	1
0245	艾德	14
0245	缇缇	21
0245	涡涡	7
0246	涡波	6
0246	拉丝缇娅拉	2
0246	斯诺	7
0246	缇亚	15
0246	阳滝	11
0246	艾德	37
0246	缇缇	11
0246	缇娅拉	2
0246	古奈尔	47
0246	弗茨亚茨	2
0246	相川涡波	1
0246	沃克	1
0246	雷纳尔多	1
0246	露洁	46
0246	诺瓦露	5
0246	元老院	1
0247	涡波	22
0247	拉丝缇娅拉	1
0247	斯诺	36
0247	玛利亚	5
0247	帕林库洛	1
0247	缇亚	87
0247	诺文	1
0247	阳滝	13
0247	艾德	16
0247	阿尔缇	1
0247	缇缇	13
0247	缇娅拉	1
0247	海莉	1
0247	古奈尔	1
0247	阿雷亚斯	1
0247	弗茨亚茨	2
0247	相川涡波	2
0247	迪普拉库拉	6
0247	沃克	1
0247	露洁	4
0248	涡波	32
0248	斯诺	1
0248	诺斯菲	3
0248	阳滝	3
0248	罗德	2
0248	艾德	11
0248	缇缇	1
0248	弗茨亚茨	3
0248	法芙纳	2
0248	相川涡波	3
0250	拉丝缇娅拉	31
0250	莱纳	7
0250	诺文	3
0250	拉古涅	7
0250	艾德	6
0250	缇缇	6
0250	缇娅拉	35
0250	海莉	1
0250	弗茨亚茨	24
0250	赫勒比勒夏	5
0250	塞拉	12
0250	斐勒卢托	2
0250	芙兰琉莱	1
0250	元老院	1
0250	考虑到	1
0251	涡波	8
0251	拉丝缇娅拉	2
0251	莱纳	11
0251	诺斯菲	1
0251	帕林库洛	1
0251	缇亚	1
0251	缇缇	2
0251	缇娅拉	5
0251	弗茨亚茨	9
0251	相川涡波	2
0251	赫勒比勒夏	18
0251	沃克	2
0251	芙兰琉莱	1
0251	元老院	1
0252	涡波	11
0252	拉丝缇娅拉	18
0252	莱纳	7
0252	帕林库洛	1
0252	阳滝	3
0252	莉帕	2
0252	缇缇	2
0252	缇娅拉	65
0252	海莉	2
0252	相川涡波	5
0252	赫勒比勒夏	4
0253	拉丝缇娅拉	2
0253	莱纳	15
0253	斯诺	1
0253	诺斯菲	1
0253	帕林库洛	4
0253	诺文	2
0253	阳滝	9
0253	拉古涅	1
0253	艾德	2
0253	缇缇	4
0253	缇娅拉	44
0253	赫勒比勒夏	2
0253	迪普拉库拉	1
0253	勒伽西	4
0254	拉丝缇娅拉	5
0254	莱纳	10
0254	帕林库洛	1
0254	诺文	6
0254	拉古涅	1
0254	缇娅拉	51
0254	阿雷亚斯	1
0254	赫勒比勒夏	2
0254	塞拉	1
0254	雷纳尔多	2
0255	涡波	13
0255	拉丝缇娅拉	60
0255	莱纳	9
0255	斯诺	2
0255	玛利亚	2
0255	帕林库洛	5
0255	缇亚	1
0255	诺文	1
0255	拉古涅	8
0255	艾德	1
0255	缇缇	1
0255	缇娅拉	109
0255	弗茨亚茨	11
0255	赫勒比勒夏	5
0255	塞拉	20
0255	斐勒卢托	4
0255	勒伽西	3
0255	元老院	1
0256	涡波	1
0256	拉丝缇娅拉	49
0256	莱纳	8
0256	帕林库洛	1
0256	诺文	3
0256	拉古涅	40
0256	格连	1
0256	缇娅拉	81
0256	赫勒比勒夏	1
0256	艾尔米拉德	1
0256	希达尔克	1
0256	考虑到	1
0257	拉丝缇娅拉	38
0257	莱纳	12
0257	拉古涅	3
0257	缇缇	2
0257	缇娅拉	57
0257	弗茨亚茨	2
0257	赫勒比勒夏	10
0257	塞拉	2
0257	斐勒卢托	49
0257	芙兰琉莱	1
0257	元老院	1
0258	涡波	3
0258	拉丝缇娅拉	67
0258	莱纳	11
0258	诺斯菲	2
0258	玛利亚	1
0258	艾德	1
0258	缇缇	2
0258	缇娅拉	141
0258	弗茨亚茨	5
0258	斐勒卢托	2
0259	拉丝缇娅拉	42
0259	莱纳	5
0259	诺斯菲	1
0259	缇缇	1
0259	缇娅拉	57
0259	弗茨亚茨	9
0259	赫勒比勒夏	1
0259	元老院	1
0259	考虑到	1
0260	涡波	11
0260	拉丝缇娅拉	54
0260	莱纳	15
0260	诺斯菲	2
0260	艾德	1
0260	缇娅拉	100
0260	弗茨亚茨	8
0260	相川涡波	1
0260	赫勒比勒夏	2
0260	塞拉	1
0260	斐勒卢托	34
0260	芙兰琉莱	1
0261	涡波	21
0261	拉丝缇娅拉	48
0261	莱纳	9
0261	诺斯菲	2
0261	阳滝	2
0261	罗德	1
0261	艾德	1
0261	阿尔缇	1
0261	缇缇	1
0261	缇娅拉	126
0261	古奈尔	1
0261	弗茨亚茨	10
0261	相川涡波	3
0261	沃克	2
0261	勒伽西	1
0261	考虑到	2
0262	涡波	15
0262	拉丝缇娅拉	62
0262	莱纳	6
0262	斯诺	1
0262	阳滝	2
0262	缇娅拉	137
0262	弗茨亚茨	7
0262	斐勒卢托	1
0262	勒伽西	1
0262	考虑到	1
0263	涡波	31
0263	拉丝缇娅拉	30
0263	莱纳	1
0263	斯诺	3
0263	玛利亚	6
0263	帕林库洛	2
0263	缇亚	3
0263	莉帕	1
0263	拉古涅	1
0263	缇娅拉	42
0263	弗茨亚茨	7
0263	塞拉	4
0263	斐勒卢托	1
0264	涡波	9
0264	拉丝缇娅拉	3
0264	阳滝	2
0264	缇娅拉	10
0264	弗茨亚茨	17
0264	相川涡波	2
0264	迪普拉库拉	1
0265	涡波	10
0265	拉丝缇娅拉	9
0265	莱纳	2
0265	阳滝	3
0265	阿尔缇	2
0265	缇娅拉	42
0265	弗茨亚茨	3
0265	相川涡波	4
0265	赫勒比勒夏	2
0265	勒伽西	3
0267	涡波	23
0267	拉丝缇娅拉	79
0267	莱纳	3
0267	斯诺	104
0267	玛利亚	1
0267	帕林库洛	1
0267	缇亚	23
0267	阳滝	5
0267	艾德	2
0267	格连	1
0267	缇娅拉	87
0267	古奈尔	1
0267	弗茨亚茨	6
0267	塞拉	2
0267	斐勒卢托	9
0267	露洁	1
0268	涡波	19
0268	拉丝缇娅拉	35
0268	斯诺	11
0268	诺斯菲	5
0268	玛利亚	7
0268	缇亚	33
0268	阳滝	4
0268	莉帕	1
0268	缇缇	1
0268	缇娅拉	40
0268	弗茨亚茨	4
0268	塞拉	2
0269	涡波	13
0269	拉丝缇娅拉	63
0269	斯诺	1
0269	诺斯菲	17
0269	玛利亚	8
0269	帕林库洛	1
0269	缇亚	3
0269	诺文	4
0269	莉帕	3
0269	拉古涅	1
0269	艾德	2
0269	缇缇	4
0269	缇娅拉	65
0269	阿雷亚斯	1
0269	弗茨亚茨	2
0269	相川涡波	1
0269	塞拉	1
0270	涡波	2
0270	拉丝缇娅拉	23
0270	莱纳	46
0270	斯诺	3
0270	诺斯菲	1
0270	缇亚	3
0270	拉古涅	30
0270	缇缇	3
0270	缇娅拉	25
0270	弗茨亚茨	8
0270	相川涡波	1
0270	赫勒比勒夏	1
0270	塞拉	2
0270	沃克	1
0270	斐勒卢托	6
0270	考虑到	1
0271	涡波	8
0271	拉丝缇娅拉	9
0271	莱纳	2
0271	斯诺	55
0271	诺斯菲	5
0271	玛利亚	2
0271	缇亚	90
0271	莉帕	2
0271	缇缇	5
0271	缇娅拉	9
0271	缇达	1
0271	阿雷亚斯	1
0271	弗茨亚茨	2
0271	迪普拉库拉	1
0271	考虑到	1
0272	涡波	13
0272	莱纳	1
0272	诺斯菲	9
0272	玛利亚	16
0272	诺文	1
0272	阳滝	5
0272	阿尔缇	5
0272	格连	16
0272	缇娅拉	5
0272	阿雷亚斯	1
0272	弗茨亚茨	27
0272	法芙纳	1
0272	相川涡波	2
0272	赫勒比勒夏	1
0272	迪普拉库拉	6
0272	沃克	1
0272	艾尔米拉德	1
0272	勒伽西	30
0272	希达尔克	1
0272	元老院	1
0272	考虑到	1
0273	涡波	14
0273	拉丝缇娅拉	2
0273	诺斯菲	3
0273	缇亚	1
0273	诺文	1
0273	阳滝	32
0273	艾德	1
0273	阿尔缇	1
0273	缇缇	1
0273	缇娅拉	4
0273	缇达	1
0273	弗茨亚茨	4
0273	法芙纳	1
0273	相川涡波	11
0273	迪普拉库拉	1
0273	考虑到	1
0274	涡波	3
0274	拉丝缇娅拉	10
0274	莱纳	6
0274	斯诺	4
0274	诺斯菲	1
0274	缇亚	3
0274	阳滝	2
0274	拉古涅	4
0274	缇娅拉	11
0274	弗茨亚茨	4
0274	相川涡波	1
0274	赫勒比勒夏	1
0274	迪普拉库拉	5
0274	沃克	1
0275	涡波	14
0275	拉丝缇娅拉	24
0275	莱纳	12
0275	斯诺	9
0275	诺斯菲	10
0275	玛利亚	1
0275	缇亚	7
0275	诺文	3
0275	阳滝	1
0275	拉古涅	19
0275	艾德	5
0275	缇娅拉	24
0275	弗茨亚茨	11
0275	相川涡波	1
0275	迪普拉库拉	1
0275	元老院	1
0276	涡波	10
0276	拉丝缇娅拉	14
0276	莱纳	7
0276	斯诺	6
0276	诺斯菲	10
0276	玛利亚	28
0276	帕林库洛	1
0276	缇亚	6
0276	诺文	2
0276	阳滝	1
0276	莉帕	11
0276	拉古涅	4
0276	艾德	1
0276	阿尔缇	7
0276	缇缇	1
0276	缇娅拉	14
0276	阿雷亚斯	1
0276	弗茨亚茨	4
0276	元老院	1
0277	涡波	12
0277	拉丝缇娅拉	51
0277	莱纳	16
0277	斯诺	3
0277	诺斯菲	43
0277	玛利亚	82
0277	缇亚	3
0277	阳滝	2
0277	莉帕	7
0277	拉古涅	2
0277	艾德	1
0277	阿尔缇	4
0277	缇娅拉	51
0277	弗茨亚茨	4
0277	迪普拉库拉	1
0277	考虑到	2
0278	涡波	29
0278	拉丝缇娅拉	15
0278	莱纳	11
0278	斯诺	3
0278	诺斯菲	49
0278	玛利亚	19
0278	缇亚	2
0278	诺文	5
0278	阳滝	2
0278	莉帕	3
0278	拉古涅	52
0278	艾德	1
0278	阿尔缇	1
0278	缇缇	4
0278	缇娅拉	15
0278	阿雷亚斯	2
0278	弗茨亚茨	16
0278	法芙纳	24
0278	相川涡波	4
0278	赫勒比勒夏	4
0278	沃克	1
0278	勒伽西	1
0278	元老院	1
0279	涡波	33
0279	拉丝缇娅拉	2
0279	诺斯菲	21
0279	玛利亚	7
0279	帕林库洛	1
0279	缇亚	1
0279	诺文	6
0279	阳滝	4
0279	拉古涅	8
0279	艾德	1
0279	阿尔缇	1
0279	缇缇	3
0279	缇娅拉	2
0279	缇达	1
0279	阿雷亚斯	17
0279	弗茨亚茨	2
0279	法芙纳	134
0279	相川涡波	3
0279	赫勒比勒夏	4
0279	迪普拉库拉	3
0279	诺伊	12
0280	涡波	21
0280	诺斯菲	13
0280	玛利亚	1
0280	诺文	1
0280	拉古涅	59
0280	艾德	4
0280	阿尔缇	1
0280	缇缇	3
0280	缇娅拉	1
0280	弗茨亚茨	2
0280	法芙纳	96
0280	相川涡波	1
0280	赫勒比勒夏	2
0280	芙兰琉莱	1
0281	涡波	9
0281	拉丝缇娅拉	4
0281	斯诺	2
0281	诺斯菲	23
0281	玛利亚	1
0281	帕林库洛	3
0281	莉帕	1
0281	罗德	1
0281	拉古涅	22
0281	缇缇	3
0281	缇娅拉	5
0281	缇达	1
0281	弗茨亚茨	25
0281	法芙纳	13
0281	相川涡波	1
0281	迪普拉库拉	3
0281	沃克	2
0281	斐勒卢托	2
0281	元老院	34
0281	考虑到	1
0282	涡波	9
0282	拉丝缇娅拉	16
0282	莱纳	5
0282	诺斯菲	40
0282	玛利亚	24
0282	帕林库洛	1
0282	阳滝	1
0282	莉帕	1
0282	拉古涅	1
0282	阿尔缇	1
0282	格连	10
0282	缇娅拉	19
0282	缇达	3
0282	法芙纳	18
0282	赫勒比勒夏	1
0282	塞拉	1
0282	迪普拉库拉	1
0282	沃克	1
0282	勒伽西	4
0282	元老院	7
0282	考虑到	2
0283	涡波	16
0283	拉丝缇娅拉	56
0283	莱纳	1
0283	斯诺	4
0283	诺斯菲	28
0283	玛利亚	5
0283	帕林库洛	3
0283	缇亚	4
0283	阳滝	5
0283	莉帕	2
0283	拉古涅	2
0283	艾德	1
0283	缇娅拉	58
0283	弗茨亚茨	1
0283	法芙纳	2
0283	相川涡波	1
0283	诺伊	1
0284	涡波	13
0284	拉丝缇娅拉	8
0284	莱纳	36
0284	斯诺	3
0284	诺斯菲	28
0284	玛利亚	2
0284	缇亚	1
0284	诺文	2
0284	阳滝	1
0284	莉帕	1
0284	拉古涅	20
0284	艾德	7
0284	缇缇	1
0284	缇娅拉	8
0284	阿雷亚斯	1
0284	弗茨亚茨	2
0284	法芙纳	2
0284	赫勒比勒夏	3
0284	艾尔米拉德	51
0284	露洁	1
0284	勒伽西	7
0284	诺瓦露	13
0284	希达尔克	7
0284	考虑到	1
0285	涡波	12
0285	拉丝缇娅拉	3
0285	莱纳	4
0285	斯诺	1
0285	诺斯菲	6
0285	玛利亚	2
0285	缇亚	1
0285	诺文	3
0285	莉帕	1
0285	拉古涅	3
0285	缇娅拉	4
0285	缇达	2
0285	阿雷亚斯	2
0285	弗茨亚茨	1
0285	相川涡波	1
0285	沃克	1
0285	艾尔米拉德	57
0285	勒伽西	1
0285	诺瓦露	25
0285	希达尔克	6
0285	考虑到	1
0286	涡波	37
0286	拉丝缇娅拉	13
0286	莱纳	13
0286	斯诺	2
0286	诺斯菲	92
0286	玛利亚	13
0286	缇亚	1
0286	罗德	1
0286	拉古涅	22
0286	艾德	1
0286	阿尔缇	4
0286	缇缇	1
0286	格连	25
0286	缇娅拉	13
0286	缇达	1
0286	阿雷亚斯	1
0286	弗茨亚茨	5
0286	法芙纳	10
0286	赫勒比勒夏	2
0286	塞拉	4
0286	沃克	2
0286	艾尔米拉德	16
0286	勒伽西	1
0286	诺瓦露	2
0286	希达尔克	2
0286	元老院	1
0287	涡波	18
0287	拉丝缇娅拉	71
0287	莱纳	47
0287	斯诺	22
0287	诺斯菲	12
0287	玛利亚	17
0287	缇亚	23
0287	诺文	4
0287	阳滝	3
0287	莉帕	9
0287	拉古涅	12
0287	艾德	1
0287	阿尔缇	3
0287	缇缇	1
0287	格连	1
0287	缇娅拉	74
0287	阿雷亚斯	3
0287	弗茨亚茨	1
0287	赫勒比勒夏	2
0287	塞拉	1
0287	艾尔米拉德	2
0287	斐勒卢托	2
0287	诺瓦露	1
0288	涡波	1
0288	拉丝缇娅拉	79
0288	莱纳	19
0288	斯诺	5
0288	诺斯菲	1
0288	玛利亚	1
0288	缇亚	77
0288	诺文	1
0288	拉古涅	1
0288	艾德	1
0288	阿尔缇	3
0288	缇缇	1
0288	格连	2
0288	缇娅拉	81
0288	缇达	1
0288	法芙纳	1
0288	相川涡波	1
0289	涡波	8
0289	拉丝缇娅拉	63
0289	莱纳	12
0289	斯诺	54
0289	诺斯菲	4
0289	玛利亚	16
0289	缇亚	26
0289	诺文	1
0289	拉古涅	1
0289	阿尔缇	1
0289	缇娅拉	64
0290	涡波	14
0290	拉丝缇娅拉	12
0290	莱纳	3
0290	斯诺	1
0290	诺斯菲	29
0290	玛利亚	2
0290	帕林库洛	3
0290	缇亚	1
0290	阳滝	2
0290	拉古涅	38
0290	缇缇	2
0290	缇娅拉	13
0290	弗茨亚茨	2
0290	相川涡波	3
0290	元老院	1
0291	涡波	36
0291	诺斯菲	114
0291	阳滝	11
0291	罗德	1
0291	艾德	2
0291	缇娅拉	23
0291	缇达	1
0291	弗茨亚茨	26
0291	相川涡波	6
0291	迪普拉库拉	1
0291	勒伽西	36
0291	考虑到	1
0292	涡波	18
0292	诺斯菲	70
0292	缇娅拉	2
0292	缇达	2
0292	弗茨亚茨	2
0292	相川涡波	4
0293	涡波	28
0293	诺斯菲	93
0293	缇亚	1
0293	阳滝	2
0293	罗德	1
0293	拉古涅	1
0293	艾德	1
0293	阿尔缇	1
0293	缇缇	6
0293	缇娅拉	1
0293	弗茨亚茨	3
0293	相川涡波	3
0293	迪普拉库拉	1
0293	勒伽西	20
0294	涡波	36
0294	拉丝缇娅拉	42
0294	莱纳	20
0294	斯诺	10
0294	诺斯菲	68
0294	玛利亚	22
0294	缇亚	17
0294	阳滝	23
0294	莉帕	7
0294	拉古涅	46
0294	缇缇	1
0294	格连	6
0294	缇娅拉	44
0294	弗茨亚茨	17
0294	法芙纳	10
0294	相川涡波	1
0294	赫勒比勒夏	1
0294	塞拉	6
0294	迪普拉库拉	2
0294	艾尔米拉德	4
0294	诺瓦露	4
0294	考虑到	1
0295	涡波	9
0295	拉丝缇娅拉	1
0295	斯诺	4
0295	诺斯菲	8
0295	玛利亚	3
0295	格连	16
0295	缇娅拉	2
0295	弗茨亚茨	23
0295	法芙纳	2
0295	赫勒比勒夏	1
0295	塞拉	1
0295	沃克	2
0295	艾尔米拉德	39
0295	诺瓦露	1
0295	希达尔克	11
0295	元老院	7
0295	考虑到	1
0296	涡波	4
0296	拉丝缇娅拉	12
0296	莱纳	30
0296	斯诺	12
0296	诺斯菲	25
0296	玛利亚	5
0296	缇亚	6
0296	诺文	2
0296	阳滝	2
0296	莉帕	17
0296	拉古涅	7
0296	格连	16
0296	缇娅拉	12
0296	阿雷亚斯	1
0296	弗茨亚茨	15
0296	法芙纳	26
0296	赫勒比勒夏	3
0296	塞拉	14
0296	沃克	1
0296	缇亚拉	1
0296	诺瓦露	12
0296	元老院	1
0296	考虑到	3
0297	涡波	12
0297	莱纳	3
0297	斯诺	4
0297	诺斯菲	18
0297	玛利亚	57
0297	缇亚	1
0297	阳滝	1
0297	莉帕	12
0297	阿尔缇	4
0297	缇缇	1
0297	格连	1
0297	缇娅拉	4
0297	缇达	1
0297	弗茨亚茨	8
0297	法芙纳	91
0297	赫勒比勒夏	2
0297	诺伊	1
0297	考虑到	1
0298	涡波	14
0298	拉丝缇娅拉	5
0298	莱纳	1
0298	诺斯菲	58
0298	拉古涅	3
0298	格连	1
0298	缇娅拉	5
0298	弗茨亚茨	7
0298	法芙纳	1
0298	相川涡波	1
0298	塞拉	1
0298	元老院	1
0299	涡波	22
0299	拉丝缇娅拉	65
0299	诺斯菲	108
0299	玛利亚	3
0299	诺文	1
0299	阳滝	2
0299	拉古涅	4
0299	缇缇	3
0299	格连	1
0299	缇娅拉	66
0299	弗茨亚茨	3
0299	法芙纳	3
0299	迪普拉库拉	2
0300	涡波	17
0300	拉丝缇娅拉	17
0300	莱纳	2
0300	诺斯菲	67
0300	阳滝	3
0300	拉古涅	1
0300	艾德	1
0300	缇缇	1
0300	缇娅拉	17
0300	弗茨亚茨	4
0300	法芙纳	1
0300	相川涡波	2
0300	考虑到	1
0301	涡波	5
0301	诺斯菲	12
0301	帕林库洛	1
0301	诺文	2
0301	拉古涅	11
0301	阿雷亚斯	2
0301	相川涡波	2
0302	拉丝缇娅拉	23
0302	诺斯菲	4
0302	帕林库洛	1
0302	拉古涅	7
0302	缇娅拉	23
0303	涡波	28
0303	拉丝缇娅拉	12
0303	诺斯菲	25
0303	帕林库洛	1
0303	诺文	1
0303	莉帕	1
0303	拉古涅	12
0303	缇娅拉	21
0303	阿雷亚斯	1
0303	弗茨亚茨	2
0303	法芙纳	2
0303	相川涡波	4
0303	诺伊	1
0303	考虑到	1
0304	涡波	33
0304	拉丝缇娅拉	15
0304	诺斯菲	34
0304	诺文	1
0304	拉古涅	1
0304	缇娅拉	19
0304	阿雷亚斯	1
0304	弗茨亚茨	7
0304	相川涡波	15
0304	元老院	3
0305	涡波	15
0305	诺斯菲	5
0305	帕林库洛	1
0305	拉古涅	8
0305	缇娅拉	1
0305	弗茨亚茨	10
0305	法芙纳	1
0305	元老院	23
0307	涡波	10
0307	拉丝缇娅拉	1
0307	莱纳	1
0307	诺斯菲	1
0307	玛利亚	22
0307	帕林库洛	1
0307	诺文	1
0307	拉古涅	23
0307	缇娅拉	2
0307	阿雷亚斯	1
0307	弗茨亚茨	1
0307	法芙纳	24
0307	赫勒比勒夏	2
0308	莱纳	2
0308	诺斯菲	1
0308	玛利亚	21
0308	诺文	3
0308	莉帕	13
0308	拉古涅	43
0308	缇娅拉	1
0308	阿雷亚斯	3
0308	法芙纳	12
0308	赫勒比勒夏	2
0308	艾尔米拉德	1
0308	希达尔克	1
0309	涡波	12
0309	拉丝缇娅拉	62
0309	诺斯菲	11
0309	缇亚	1
0309	阳滝	1
0309	拉古涅	27
0309	缇娅拉	64
0309	弗茨亚茨	5
0309	迪普拉库拉	1
0309	勒伽西	1
0309	元老院	4
0309	考虑到	2
0310	涡波	19
0310	拉丝缇娅拉	45
0310	莱纳	1
0310	斯诺	9
0310	诺斯菲	11
0310	玛利亚	8
0310	缇亚	16
0310	阳滝	3
0310	莉帕	4
0310	拉古涅	18
0310	格连	15
0310	缇娅拉	45
0310	弗茨亚茨	6
0310	法芙纳	32
0310	塞拉	4
0310	沃克	1
0310	艾尔米拉德	15
0310	诺瓦露	2
0310	希达尔克	1
0311	涡波	8
0311	拉丝缇娅拉	1
0311	莱纳	15
0311	诺斯菲	1
0311	玛利亚	6
0311	帕林库洛	2
0311	诺文	10
0311	莉帕	1
0311	拉古涅	67
0311	艾德	4
0311	缇缇	2
0311	缇娅拉	2
0311	海莉	1
0311	阿雷亚斯	4
0311	法芙纳	1
0311	赫勒比勒夏	7
0311	斐勒卢托	1
0311	露洁	2
0311	诺瓦露	2
0311	芙兰琉莱	1
0312	涡波	6
0312	拉丝缇娅拉	27
0312	莱纳	20
0312	斯诺	19
0312	诺斯菲	11
0312	玛利亚	3
0312	缇亚	8
0312	诺文	1
0312	阳滝	1
0312	莉帕	4
0312	拉古涅	91
0312	格连	24
0312	缇娅拉	27
0312	阿雷亚斯	1
0312	弗茨亚茨	12
0312	法芙纳	36
0312	塞拉	2
0312	沃克	2
0312	缇亚拉	1
0312	艾尔米拉德	5
0312	诺瓦露	3
0312	希达尔克	1
0312	考虑到	1
0313	涡波	3
0313	拉丝缇娅拉	11
0313	莱纳	42
0313	斯诺	6
0313	诺斯菲	3
0313	玛利亚	11
0313	帕林库洛	1
0313	缇亚	11
0313	诺文	1
0313	阳滝	5
0313	罗德	1
0313	拉古涅	41
0313	缇娅拉	12
0313	阿雷亚斯	1
0313	弗茨亚茨	11
0313	法芙纳	4
0313	赫勒比勒夏	1
0313	塞拉	6
0313	诺瓦露	2
0313	元老院	1
0313	考虑到	1
0314	涡波	28
0314	拉丝缇娅拉	1
0314	莱纳	1
0314	斯诺	1
0314	诺斯菲	5
0314	玛利亚	1
0314	帕林库洛	1
0314	缇亚	2
0314	诺文	1
0314	阳滝	1
0314	拉古涅	9
0314	缇娅拉	1
0314	海莉	2
0314	弗茨亚茨	18
0314	法芙纳	12
0314	沃克	1
0314	元老院	2
0315	涡波	5
0315	拉古涅	18
0315	缇娅拉	1
0315	考虑到	1
0316	涡波	67
0316	拉古涅	1
0316	弗茨亚茨	1
0317	涡波	4
0317	帕林库洛	14
0317	拉古涅	20
0317	缇娅拉	1
0317	弗茨亚茨	1
0317	赫勒比勒夏	3
0317	斐勒卢托	1
0317	考虑到	2
0318	涡波	22
0318	诺斯菲	1
0318	帕林库洛	8
0318	诺文	1
0318	拉古涅	9
0318	缇娅拉	2
0318	阿雷亚斯	1
0318	弗茨亚茨	5
0318	赫勒比勒夏	1
0318	塞拉	3
0318	芙兰琉莱	1
0318	元老院	10
0319	涡波	50
0319	拉古涅	2
0319	赫勒比勒夏	1
0319	芙兰琉莱	2
0320	涡波	98
0320	诺斯菲	21
0320	帕林库洛	2
0320	阳滝	34
0320	拉古涅	12
0320	弗茨亚茨	16
0320	法芙纳	23
0320	元老院	2
0321	拉丝缇娅拉	11
0321	莱纳	7
0321	斯诺	15
0321	诺斯菲	13
0321	玛利亚	9
0321	缇亚	13
0321	莉帕	2
0321	拉古涅	1
0321	缇缇	3
0321	缇娅拉	12
0321	弗茨亚茨	32
0321	法芙纳	4
0321	赫勒比勒夏	2
0321	塞拉	1
0321	沃克	4
0321	元老院	3
0322	涡波	7
0322	拉丝缇娅拉	12
0322	莱纳	28
0322	斯诺	33
0322	诺斯菲	10
0322	玛利亚	3
0322	缇亚	8
0322	诺文	1
0322	拉古涅	12
0322	阿尔缇	2
0322	缇缇	2
0322	格连	10
0322	缇娅拉	12
0322	缇达	1
0322	阿雷亚斯	2
0322	弗茨亚茨	11
0322	法芙纳	70
0322	赫勒比勒夏	1
0322	塞拉	7
0322	沃克	2
0322	考虑到	1
0323	涡波	1
0323	拉丝缇娅拉	23
0323	莱纳	1
0323	斯诺	4
0323	诺斯菲	2
0323	玛利亚	3
0323	缇亚	3
0323	拉古涅	8
0323	缇娅拉	23
0323	弗茨亚茨	5
0323	法芙纳	13
0323	相川涡波	1
0323	塞拉	22
0323	艾尔米拉德	19
0323	希达尔克	2
0323	考虑到	1
0324	涡波	17
0324	拉丝缇娅拉	6
0324	斯诺	5
0324	诺斯菲	13
0324	玛利亚	7
0324	帕林库洛	1
0324	缇亚	4
0324	缇娅拉	10
0324	弗茨亚茨	6
0324	法芙纳	1
0324	相川涡波	3
0324	沃克	4
0325	拉古涅	7
0325	缇缇	1
0325	弗茨亚茨	2
0325	法芙纳	3
0325	元老院	4
0326	涡波	3
0326	拉丝缇娅拉	1
0326	莱纳	2
0326	斯诺	1
0326	诺斯菲	11
0326	玛利亚	1
0326	罗德	1
0326	拉古涅	92
0326	艾德	1
0326	缇缇	2
0326	缇娅拉	1
0326	阿雷亚斯	1
0326	弗茨亚茨	3
0326	法芙纳	4
0326	相川涡波	1
0326	元老院	1
0327	涡波	3
0327	拉丝缇娅拉	1
0327	斯诺	1
0327	诺斯菲	3
0327	玛利亚	1
0327	缇亚	1
0327	拉古涅	86
0327	缇娅拉	1
0327	阿雷亚斯	1
0327	弗茨亚茨	3
0327	元老院	1
0327	考虑到	1
0328	涡波	3
0328	拉丝缇娅拉	1
0328	诺斯菲	1
0328	拉古涅	7
0328	缇缇	1
0328	缇娅拉	1
0328	弗茨亚茨	3
0328	法芙纳	1
0328	相川涡波	2
0328	勒伽西	1
0329	涡波	2
0329	诺斯菲	50
0329	诺文	2
0329	拉古涅	32
0329	缇缇	8
0329	阿雷亚斯	2
0329	弗茨亚茨	11
0329	相川涡波	2
0329	勒伽西	1
0329	元老院	1
0329	考虑到	2
0330	涡波	3
0330	诺斯菲	17
0330	诺文	1
0330	拉古涅	17
0330	缇缇	1
0330	弗茨亚茨	10
0330	法芙纳	12
0330	元老院	1
0331	涡波	17
0331	诺斯菲	48
0331	诺文	2
0331	拉古涅	14
0331	阿雷亚斯	1
0331	弗茨亚茨	2
0331	法芙纳	2
0331	相川涡波	1
0331	元老院	1
0332	涡波	92
0332	诺斯菲	42
0332	诺文	9
0332	拉古涅	14
0332	艾德	1
0332	缇缇	1
0332	阿雷亚斯	4
0332	弗茨亚茨	3
0332	元老院	1
0333	涡波	5
0333	诺斯菲	7
0333	帕林库洛	3
0333	阳滝	20
0333	拉古涅	63
0333	阿雷亚斯	1
0333	弗茨亚茨	2
0333	法芙纳	1
0333	相川涡波	2
0335	涡波	11
0335	诺斯菲	2
0335	缇亚	23
0335	诺文	1
0335	阳滝	45
0335	缇娅拉	14
0335	阿雷亚斯	1
0335	弗茨亚茨	1
0335	诺伊	1
0336	涡波	24
0336	莱纳	1
0336	诺斯菲	1
0336	缇亚	32
0336	诺文	1
0336	阳滝	45
0336	拉古涅	1
0336	格连	1
0336	缇娅拉	17
0336	阿雷亚斯	20
0336	弗茨亚茨	7
0336	法芙纳	1
0336	相川涡波	5
0336	赫勒比勒夏	2
0336	迪普拉库拉	1
0336	勒伽西	1
0336	芙兰琉莱	14
0337	涡波	6
0337	阳滝	34
0337	缇娅拉	7
0337	弗茨亚茨	2
0337	相川涡波	2
0337	迪普拉库拉	10
0337	勒伽西	1
0338	涡波	7
0338	阳滝	12
0338	弗茨亚茨	2
0338	相川涡波	1
0338	迪普拉库拉	27
0339	涡波	14
0339	阳滝	62
0339	相川涡波	1
0339	迪普拉库拉	25
0339	勒伽西	1
0339	考虑到	2
0340	涡波	21
0340	阳滝	62
0340	缇娅拉	24
0340	弗茨亚茨	3
0340	迪普拉库拉	6
0340	勒伽西	1
0341	涡波	16
0341	阳滝	55
0341	缇娅拉	38
0341	弗茨亚茨	5
0341	相川涡波	1
0341	迪普拉库拉	6
0341	勒伽西	1
0342	涡波	14
0342	阳滝	30
0342	缇娅拉	27
0342	弗茨亚茨	7
0342	迪普拉库拉	27
0342	诺伊	1
0342	勒伽西	2
0342	考虑到	1
0343	涡波	13
0343	莱纳	4
0343	玛利亚	1
0343	缇亚	49
0343	诺文	2
0343	阳滝	55
0343	缇娅拉	4
0343	阿雷亚斯	7
0343	相川涡波	4
0343	赫勒比勒夏	1
0343	芙兰琉莱	4
0344	涡波	21
0344	斯诺	55
0344	玛利亚	102
0344	帕林库洛	2
0344	缇亚	3
0344	阳滝	40
0344	阿尔缇	22
0344	缇缇	1
0344	阿雷亚斯	1
0344	弗茨亚茨	9
0344	相川涡波	2
0344	赫勒比勒夏	1
0344	迪普拉库拉	1
0344	沃克	37
0344	希达尔克	3
0344	元老院	1
0344	考虑到	3
0345	涡波	21
0345	拉丝缇娅拉	1
0345	莱纳	1
0345	斯诺	66
0345	诺斯菲	3
0345	玛利亚	72
0345	缇亚	3
0345	阳滝	40
0345	莉帕	1
0345	拉古涅	4
0345	艾德	3
0345	阿尔缇	5
0345	缇娅拉	2
0345	阿雷亚斯	1
0345	弗茨亚茨	12
0345	法芙纳	1
0345	相川涡波	2
0345	塞拉	1
0345	沃克	9
0345	艾尔米拉德	1
0345	露洁	6
0345	诺瓦露	5
0346	涡波	8
0346	拉丝缇娅拉	66
0346	莱纳	1
0346	斯诺	2
0346	诺斯菲	5
0346	玛利亚	2
0346	帕林库洛	1
0346	缇亚	1
0346	阳滝	25
0346	莉帕	1
0346	拉古涅	14
0346	艾德	1
0346	赛尔德拉	14
0346	阿尔缇	1
0346	缇缇	1
0346	缇娅拉	80
0346	弗茨亚茨	11
0346	法芙纳	12
0346	相川涡波	4
0346	迪普拉库拉	1
0346	诺瓦露	13
0346	元老院	1
0348	涡波	1
0348	缇娅拉	8
0348	弗茨亚茨	7
0348	相川涡波	1
0349	涡波	2
0349	阳滝	1
0349	缇娅拉	11
0349	弗茨亚茨	31
0349	考虑到	1
0350	涡波	1
0350	阳滝	3
0350	缇娅拉	5
0350	弗茨亚茨	6
0350	相川涡波	1
0350	考虑到	2
0351	涡波	8
0351	阳滝	3
0351	缇娅拉	7
0351	缇达	4
0351	弗茨亚茨	7
0352	涡波	5
0352	阳滝	8
0352	缇达	60
0352	弗茨亚茨	7
0352	考虑到	1
0353	涡波	10
0353	阳滝	1
0353	缇娅拉	2
0353	缇达	36
0353	弗茨亚茨	2
0353	考虑到	1
0354	涡波	5
0354	阳滝	3
0354	缇娅拉	4
0354	缇达	14
0354	弗茨亚茨	8
0354	相川涡波	1
0354	罗密斯	36
0355	涡波	3
0355	阳滝	12
0355	缇娅拉	2
0355	缇达	65
0355	弗茨亚茨	3
0355	罗密斯	53
0355	考虑到	1
0356	涡波	2
0356	阳滝	4
0356	缇娅拉	10
0356	缇达	1
0356	弗茨亚茨	6
0356	相川涡波	2
0356	罗密斯	39
0357	涡波	10
0357	阳滝	5
0357	缇娅拉	16
0357	缇达	58
0357	弗茨亚茨	2
0357	相川涡波	7
0357	罗密斯	71
0358	涡波	7
0358	缇娅拉	11
0358	缇达	59
0358	弗茨亚茨	11
0358	相川涡波	1
0358	罗密斯	62
0359	涡波	33
0359	阳滝	5
0359	阿尔缇	26
0359	缇娅拉	10
0359	缇达	47
0359	弗茨亚茨	20
0359	迪普拉库拉	1
0359	罗密斯	11
0360	涡波	4
0360	阳滝	3
0360	阿尔缇	3
0360	缇娅拉	10
0360	缇达	2
0360	弗茨亚茨	7
0360	罗密斯	10
0360	考虑到	1
0361	涡波	7
0361	阳滝	24
0361	缇娅拉	21
0361	缇达	2
0361	弗茨亚茨	18
0361	相川涡波	7
0361	罗密斯	4
0362	涡波	7
0362	莱纳	3
0362	斯诺	1
0362	诺斯菲	2
0362	帕林库洛	2
0362	缇亚	85
0362	诺文	1
0362	阳滝	32
0362	莉帕	1
0362	拉古涅	7
0362	艾德	4
0362	阿尔缇	1
0362	缇缇	2
0362	格连	1
0362	拉斯缇亚拉	17
0362	海莉	1
0362	缇达	2
0362	相川涡波	6
0362	赫勒比勒夏	1
0362	法夫纳	1
0362	缇亚拉	82
0362	艾尔米拉德	1
0362	罗密斯	2
0362	诺伊	1
0362	芙茨亚茨	18
0362	诺瓦露	2
0362	阳滝姊	8
0363	涡波	10
0363	斯诺	9
0363	缇亚	14
0363	阳滝	35
0363	莉帕	1
0363	阿尔缇	19
0363	缇达	1
0363	相川涡波	2
0363	迪普拉库拉	1
0363	沃克	1
0363	缇亚拉	9
0363	罗密斯	3
0363	玛莉亚	2
0363	芙茨亚茨	9
0364	涡波	10
0364	诺斯菲	1
0364	帕林库洛	1
0364	缇亚	46
0364	阳滝	9
0364	艾德	1
0364	拉斯缇亚拉	6
0364	相川涡波	1
0364	赫勒比勒夏	1
0364	迪普拉库拉	4
0364	法夫纳	1
0364	缇亚拉	46
0364	罗密斯	1
0364	芙茨亚茨	14
0364	元老院	3
0364	阳滝姊	3
0365	涡波	7
0365	缇亚	15
0365	阳滝	57
0365	阿尔缇	2
0365	拉斯缇亚拉	1
0365	缇达	2
0365	相川涡波	2
0365	迪普拉库拉	1
0365	缇亚拉	15
0365	罗密斯	2
0365	芙茨亚茨	6
0365	阳滝姊	56
0366	涡波	3
0366	缇亚	3
0366	阳滝	18
0366	赛尔德拉	1
0366	缇达	9
0366	迪普拉库拉	16
0366	缇亚拉	3
0366	芙茨亚茨	14
0366	阳滝姊	16
0367	涡波	4
0367	缇亚	11
0367	阳滝	42
0367	阿尔缇	1
0367	古奈尔	4
0367	缇达	1
0367	相川涡波	4
0367	缇亚拉	11
0367	芙茨亚茨	6
0367	阳滝姊	41
0368	缇亚	5
0368	阳滝	23
0368	缇娅拉	7
0368	迪普拉库拉	11
0368	缇亚拉	5
0368	希丝	12
0368	芙茨亚茨	17
0368	阳滝姊	8
0369	涡波	4
0369	缇亚	1
0369	诺文	9
0369	阳滝	21
0369	赛尔德拉	1
0369	缇娅拉	4
0369	阿雷亚斯	5
0369	迪普拉库拉	11
0369	法夫纳	7
0369	缇亚拉	1
0369	罗密斯	4
0369	希丝	31
0369	芙茨亚茨	8
0369	阳滝姊	6
0369	考虑到	1
0370	涡波	9
0370	缇亚	1
0370	诺文	1
0370	阳滝	74
0370	缇娅拉	9
0370	缇达	1
0370	相川涡波	4
0370	迪普拉库拉	8
0370	缇亚拉	1
0370	罗密斯	1
0370	希丝	39
0370	芙茨亚茨	5
0370	阳滝姊	47
0371	涡波	4
0371	缇亚	1
0371	阳滝	39
0371	缇娅拉	3
0371	相川涡波	3
0371	迪普拉库拉	1
0371	缇亚拉	1
0371	芙茨亚茨	5
0371	阳滝姊	17
0372	涡波	12
0372	诺斯菲	2
0372	缇亚	1
0372	诺文	6
0372	阳滝	18
0372	阿尔缇	1
0372	缇娅拉	8
0372	缇达	31
0372	相川涡波	2
0372	赫勒比勒夏	1
0372	迪普拉库拉	5
0372	法夫纳	5
0372	缇亚拉	1
0372	罗密斯	3
0372	希丝	16
0372	芙茨亚茨	25
0372	阳滝姊	16
0373	涡波	9
0373	诺斯菲	2
0373	缇亚	1
0373	阳滝	29
0373	罗德	1
0373	艾德	2
0373	赛尔德拉	3
0373	缇娅拉	15
0373	缇达	1
0373	相川涡波	8
0373	迪普拉库拉	1
0373	缇亚拉	1
0373	罗密斯	2
0373	希丝	20
0373	芙茨亚茨	19
0373	阳滝姊	17
0374	涡波	14
0374	诺斯菲	1
0374	缇亚	2
0374	诺文	5
0374	阳滝	21
0374	艾德	1
0374	赛尔德拉	1
0374	阿尔缇	2
0374	缇缇	1
0374	缇娅拉	14
0374	缇达	3
0374	相川涡波	10
0374	法夫纳	2
0374	缇亚拉	2
0374	罗密斯	14
0374	希丝	31
0374	芙茨亚茨	14
0374	阳滝姊	9
0375	涡波	10
0375	缇亚	32
0375	阳滝	27
0375	拉古涅	1
0375	阿尔缇	2
0375	拉斯缇亚拉	20
0375	相川涡波	7
0375	缇亚拉	32
0375	罗密斯	1
0375	芙茨亚茨	29
0375	阳滝姊	26
0376	涡波	11
0376	莱纳	34
0376	斯诺	1
0376	诺斯菲	1
0376	玛利亚	1
0376	帕林库洛	1
0376	缇亚	53
0376	诺文	1
0376	阳滝	39
0376	莉帕	1
0376	拉古涅	2
0376	艾德	1
0376	拉斯缇亚拉	26
0376	古奈尔	1
0376	相川涡波	8
0376	赫勒比勒夏	3
0376	沃克	1
0376	缇亚拉	53
0376	露洁	1
0376	希丝	1
0376	芙茨亚茨	7
0376	阳滝姊	6
0377	涡波	5
0377	帕林库洛	16
0377	缇亚	19
0377	拉古涅	19
0377	拉斯缇亚拉	9
0377	相川涡波	5
0377	赫勒比勒夏	4
0377	缇亚拉	19
0377	芙茨亚茨	17
0377	元老院	8
0378	涡波	59
0378	斯诺	3
0378	帕林库洛	2
0378	缇亚	20
0378	诺文	2
0378	莉帕	1
0378	拉古涅	2
0378	阿尔缇	1
0378	拉斯缇亚拉	13
0378	缇亚拉	16
0378	芙茨亚茨	6
0378	元老院	1
0379	涡波	39
0379	斯诺	12
0379	帕林库洛	6
0379	缇亚	35
0379	阳滝	1
0379	莉帕	5
0379	艾德	4
0379	拉斯缇亚拉	7
0379	海莉	8
0379	相川涡波	1
0379	缇亚拉	30
0379	希丝	5
0379	芙茨亚茨	8
0379	元老院	1
0379	阳滝姊	1
0380	涡波	60
0380	莱纳	4
0380	帕林库洛	1
0380	缇亚	61
0380	阳滝	1
0380	拉古涅	1
0380	艾德	3
0380	拉斯缇亚拉	12
0380	相川涡波	3
0380	缇亚拉	61
0380	斐勒卢托	2
0380	芙茨亚茨	6
0380	元老院	1
0381	涡波	51
0381	诺斯菲	21
0381	帕林库洛	1
0381	缇亚	31
0381	阳滝	7
0381	拉古涅	6
0381	艾德	5
0381	缇娅拉	1
0381	拉斯缇亚拉	11
0381	迪普拉库拉	1
0381	法夫纳	1
0381	缇亚拉	30
0381	芙茨亚茨	14
0381	阳滝姊	3
0382	涡波	26
0382	斯诺	5
0382	诺斯菲	40
0382	帕林库洛	1
0382	缇亚	20
0382	诺文	3
0382	阳滝	2
0382	拉古涅	23
0382	格连	2
0382	拉斯缇亚拉	2
0382	沃克	2
0382	法夫纳	13
0382	缇亚拉	18
0382	艾尔米拉德	9
0382	罗密斯	1
0382	芙茨亚茨	16
0382	希达尔克	2
0383	涡波	23
0383	斯诺	29
0383	诺斯菲	8
0383	缇亚	21
0383	诺文	1
0383	阳滝	18
0383	罗德	1
0383	拉古涅	1
0383	赛尔德拉	20
0383	缇缇	1
0383	格连	28
0383	拉斯缇亚拉	8
0383	相川涡波	3
0383	沃克	3
0383	法夫纳	4
0383	缇亚拉	18
0383	艾尔米拉德	5
0383	芙茨亚茨	9
0383	考虑到	1
0384	涡波	14
0384	莱纳	29
0384	斯诺	23
0384	缇亚	32
0384	阳滝	39
0384	莉帕	2
0384	拉古涅	6
0384	赛尔德拉	13
0384	拉斯缇亚拉	10
0384	赫勒比勒夏	3
0384	沃克	1
0384	法夫纳	27
0384	缇亚拉	18
0384	芙茨亚茨	9
0384	诺瓦露	1
0385	涡波	15
0385	莱纳	16
0385	斯诺	25
0385	诺斯菲	4
0385	帕林库洛	1
0385	缇亚	35
0385	诺文	3
0385	阳滝	34
0385	莉帕	28
0385	拉古涅	4
0385	赛尔德拉	13
0385	格连	1
0385	拉斯缇亚拉	10
0385	缇达	1
0385	沃克	1
0385	法夫纳	10
0385	缇亚拉	25
0385	玛莉亚	18
0385	芙茨亚茨	9
0385	阳滝姊	1
0386	涡波	5
0386	莱纳	3
0386	斯诺	3
0386	诺斯菲	2
0386	缇亚	12
0386	诺文	1
0386	阳滝	24
0386	莉帕	1
0386	拉古涅	4
0386	赛尔德拉	24
0386	阿尔缇	2
0386	格连	2
0386	拉斯缇亚拉	4
0386	古奈尔	1
0386	缇达	2
0386	阿雷亚斯	2
0386	赫勒比勒夏	5
0386	沃克	4
0386	法夫纳	12
0386	缇亚拉	12
0386	罗密斯	3
0386	芙茨亚茨	10
0386	希达尔克	2
0386	芙兰琉莱	2
0386	考虑到	1
0387	涡波	25
0387	诺斯菲	6
0387	缇亚	29
0387	阳滝	47
0387	莉帕	1
0387	拉古涅	6
0387	赛尔德拉	28
0387	缇娅拉	1
0387	拉斯缇亚拉	10
0387	弗茨亚茨	1
0387	相川涡波	1
0387	迪普拉库拉	3
0387	法夫纳	15
0387	缇亚拉	29
0387	芙茨亚茨	12
0388	涡波	39
0388	斯诺	4
0388	诺斯菲	1
0388	缇亚	61
0388	阳滝	25
0388	赛尔德拉	1
0388	拉斯缇亚拉	39
0388	相川涡波	3
0388	沃克	1
0388	缇亚拉	57
0388	玛莉亚	3
0388	芙茨亚茨	9
0388	芙兰琉莱	1
0389	涡波	7
0389	莱纳	14
0389	斯诺	2
0389	诺斯菲	1
0389	缇亚	23
0389	诺文	7
0389	阳滝	45
0389	莉帕	15
0389	拉古涅	3
0389	艾德	1
0389	阿尔缇	1
0389	缇缇	2
0389	拉斯缇亚拉	11
0389	古奈尔	1
0389	缇达	7
0389	相川涡波	1
0389	缇亚拉	20
0389	玛莉亚	3
0389	露洁	1
0390	涡波	1
0390	莱纳	32
0390	斯诺	1
0390	帕林库洛	1
0390	缇亚	13
0390	诺文	9
0390	阳滝	91
0390	拉古涅	1
0390	艾德	1
0390	阿尔缇	1
0390	缇缇	1
0390	拉斯缇亚拉	6
0390	海莉	1
0390	赫勒比勒夏	2
0390	迪普拉库拉	2
0390	缇亚拉	12
0390	玛莉亚	2
0390	芙茨亚茨	1
0390	阳滝姊	2
0391	涡波	3
0391	莱纳	3
0391	斯诺	1
0391	诺斯菲	3
0391	帕林库洛	1
0391	缇亚	37
0391	诺文	2
0391	阳滝	95
0391	拉古涅	1
0391	拉斯缇亚拉	16
0391	缇达	1
0391	相川涡波	2
0391	赫勒比勒夏	1
0391	法夫纳	1
0391	缇亚拉	35
0391	玛莉亚	1
0391	芙茨亚茨	5
0391	元老院	1
0391	阳滝姊	1
0392	涡波	3
0392	诺斯菲	1
0392	帕林库洛	1
0392	缇亚	61
0392	诺文	6
0392	阳滝	80
0392	莉帕	1
0392	拉古涅	1
0392	艾德	8
0392	拉斯缇亚拉	18
0392	法夫纳	1
0392	缇亚拉	61
0392	罗密斯	6
0392	芙茨亚茨	8
0392	阳滝姊	24
0393	涡波	2
0393	帕林库洛	2
0393	缇亚	85
0393	阳滝	100
0393	拉斯缇亚拉	25
0393	相川涡波	1
0393	缇亚拉	85
0393	罗密斯	1
0393	希丝	1
0393	芙茨亚茨	3
0393	阳滝姊	3
0394	涡波	20
0394	诺斯菲	1
0394	缇亚	11
0394	阳滝	70
0394	拉古涅	1
0394	拉斯缇亚拉	2
0394	相川涡波	2
0394	缇亚拉	11
0394	阳滝姊	1
0395	涡波	32
0395	阳滝	90
0395	相川涡波	5
0396	涡波	46
0396	阳滝	108
0397	涡波	40
0397	诺斯菲	2
0397	缇亚	20
0397	阳滝	75
0397	拉古涅	5
0397	拉斯缇亚拉	8
0397	相川涡波	1
0397	缇亚拉	19
0397	希丝	1
0397	芙茨亚茨	9
0397	阳滝姊	4
0398	涡波	1
0398	缇亚	11
0398	阳滝	36
0398	缇缇	1
0398	相川涡波	1
0398	缇亚拉	11
0398	芙茨亚茨	7
0398	阳滝姊	31
0399	涡波	5
0399	缇亚	41
0399	阳滝	19
0399	拉斯缇亚拉	2
0399	相川涡波	5
0399	缇亚拉	41
0399	芙茨亚茨	6
0399	阳滝姊	14
0400	缇亚	24
0400	阳滝	14
0400	缇娅拉	1
0400	拉斯缇亚拉	4
0400	缇亚拉	24
0400	芙茨亚茨	4
0400	阳滝姊	3
0401	涡波	7
0401	莱纳	1
0401	斯诺	1
0401	缇亚	40
0401	阳滝	30
0401	莉帕	1
0401	拉古涅	3
0401	拉斯缇亚拉	22
0401	相川涡波	4
0401	迪普拉库拉	9
0401	缇亚拉	39
0401	芙茨亚茨	8
0401	阳滝姊	3
0401	考虑到	1
0402	涡波	30
0402	莱纳	13
0402	斯诺	1
0402	诺斯菲	2
0402	缇亚	9
0402	诺文	1
0402	阳滝	21
0402	罗德	1
0402	拉古涅	2
0402	艾德	1
0402	赛尔德拉	3
0402	阿尔缇	1
0402	缇缇	1
0402	拉斯缇亚拉	2
0402	海莉	1
0402	缇达	1
0402	相川涡波	5
0402	赫勒比勒夏	7
0402	迪普拉库拉	19
0402	沃克	2
0402	法夫纳	3
0402	缇亚拉	9
0402	诺伊	2
0402	希丝	2
0402	芙茨亚茨	10
0402	阳滝姊	16
0404	涡波	16
0404	莱纳	18
0404	诺斯菲	1
0404	缇亚	24
0404	诺文	3
0404	阳滝	10
0404	艾德	13
0404	拉斯缇亚拉	17
0404	相川涡波	7
0404	赫勒比勒夏	1
0404	缇亚拉	24
0404	斐勒卢托	28
0404	芙茨亚茨	4
0404	考虑到	2
0405	涡波	11
0405	莱纳	18
0405	斯诺	1
0405	诺斯菲	1
0405	玛利亚	5
0405	缇亚	61
0405	诺文	2
0405	阳滝	8
0405	莉帕	6
0405	拉古涅	1
0405	艾德	5
0405	赛尔德拉	2
0405	缇缇	1
0405	拉斯缇亚拉	11
0405	缇达	2
0405	相川涡波	2
0405	迪普拉库拉	6
0405	沃克	2
0405	法夫纳	8
0405	缇亚拉	21
0405	斐勒卢托	6
0405	希丝	52
0405	芙茨亚茨	6
0405	元老院	6
0406	涡波	12
0406	莱纳	1
0406	斯诺	1
0406	帕林库洛	1
0406	缇亚	11
0406	阳滝	14
0406	拉古涅	2
0406	艾德	3
0406	赛尔德拉	18
0406	缇缇	3
0406	格连	7
0406	拉斯缇亚拉	1
0406	古奈尔	41
0406	相川涡波	7
0406	赫勒比勒夏	1
0406	迪普拉库拉	3
0406	沃克	5
0406	法夫纳	7
0406	缇亚拉	11
0406	艾尔米拉德	1
0406	诺伊	1
0406	斐勒卢托	3
0406	露洁	10
0406	希丝	3
0406	芙茨亚茨	4
0406	希达尔克	1
0406	元老院	17
0406	考虑到	1
0408	涡波	2
0408	诺斯菲	1
0408	缇亚	3
0408	阳滝	12
0408	拉古涅	1
0408	赛尔德拉	10
0408	拉斯缇亚拉	1
0408	古奈尔	36
0408	相川涡波	2
0408	缇亚拉	3
0409	阳滝	1
0409	拉古涅	1
0409	艾德	1
0409	赛尔德拉	1
0409	古奈尔	44
0409	缇达	1
0410	涡波	2
0410	斯诺	2
0410	缇亚	13
0410	诺文	1
0410	阳滝	8
0410	莉帕	1
0410	拉古涅	11
0410	赛尔德拉	10
0410	缇缇	1
0410	格连	2
0410	拉斯缇亚拉	7
0410	古奈尔	41
0410	缇达	1
0410	相川涡波	2
0410	塞拉	1
0410	迪普拉库拉	1
0410	沃克	1
0410	法夫纳	1
0410	缇亚拉	10
0410	芙茨亚茨	1
0410	希达尔克	1
0410	元老院	3
0411	涡波	1
0411	莱纳	1
0411	缇亚	4
0411	阳滝	3
0411	艾德	1
0411	赛尔德拉	3
0411	拉斯缇亚拉	1
0411	古奈尔	108
0411	缇达	5
0411	迪普拉库拉	1
0411	缇亚拉	3
0411	斐勒卢托	1
0411	玛莉亚	1
0411	芙茨亚茨	1
0411	元老院	1
0411	考虑到	1
0412	涡波	13
0412	莱纳	5
0412	缇亚	51
0412	阳滝	6
0412	拉古涅	1
0412	艾德	1
0412	赛尔德拉	1
0412	阿尔缇	1
0412	缇缇	1
0412	拉斯缇亚拉	2
0412	古奈尔	7
0412	缇达	1
0412	赫勒比勒夏	1
0412	迪普拉库拉	6
0412	缇亚拉	5
0412	斐勒卢托	2
0412	玛莉亚	1
0412	希丝	20
0412	芙茨亚茨	4
0412	芙兰琉莱	6
0412	元老院	1
0413	涡波	29
0413	斯诺	6
0413	缇亚	109
0413	阳滝	3
0413	拉古涅	1
0413	拉斯缇亚拉	10
0413	古奈尔	5
0413	缇达	1
0413	相川涡波	1
0413	沃克	1
0413	缇亚拉	10
0413	玛莉亚	3
0413	希丝	18
0413	芙茨亚茨	2
0413	芙兰琉莱	2
0413	考虑到	1
0414	涡波	27
0414	莱纳	1
0414	斯诺	104
0414	玛利亚	12
0414	缇亚	44
0414	阳滝	3
0414	赛尔德拉	49
0414	缇缇	2
0414	格连	12
0414	拉斯缇亚拉	1
0414	古奈尔	6
0414	相川涡波	2
0414	迪普拉库拉	1
0414	沃克	5
0414	法夫纳	1
0414	缇亚拉	1
0414	玛莉亚	3
0414	希丝	1
0414	芙茨亚茨	2
0414	元老院	1
0414	考虑到	3
0415	涡波	34
0415	莱纳	3
0415	斯诺	37
0415	玛利亚	47
0415	缇亚	65
0415	诺文	3
0415	阳滝	1
0415	艾德	1
0415	赛尔德拉	2
0415	阿尔缇	2
0415	古奈尔	2
0415	缇达	1
0415	沃克	2
0415	斐勒卢托	2
0415	玛莉亚	17
0415	芙兰琉莱	1
0415	元老院	3
0416	涡波	28
0416	莱纳	4
0416	斯诺	12
0416	诺斯菲	5
0416	玛利亚	64
0416	缇亚	70
0416	阳滝	7
0416	阿尔缇	8
0416	缇缇	1
0416	格连	1
0416	拉斯缇亚拉	57
0416	缇达	1
0416	沃克	1
0416	缇亚拉	60
0416	斐勒卢托	1
0416	玛莉亚	17
0416	芙茨亚茨	3
0416	考虑到	1
0417	涡波	5
0417	斯诺	1
0417	缇亚	10
0417	诺文	6
0417	阳滝	2
0417	莉帕	49
0417	拉古涅	10
0417	赛尔德拉	3
0417	阿尔缇	4
0417	拉斯缇亚拉	3
0417	古奈尔	1
0417	相川涡波	1
0417	法夫纳	2
0417	缇亚拉	6
0417	诺伊	24
0417	玛莉亚	18
0417	希丝	1
0417	芙茨亚茨	1
0418	涡波	12
0418	莱纳	1
0418	斯诺	5
0418	诺斯菲	1
0418	玛利亚	5
0418	缇亚	20
0418	诺文	2
0418	阳滝	4
0418	莉帕	41
0418	拉古涅	1
0418	赛尔德拉	9
0418	缇缇	1
0418	缇娅拉	1
0418	拉斯缇亚拉	12
0418	古奈尔	6
0418	相川涡波	2
0418	迪普拉库拉	4
0418	法夫纳	3
0418	缇亚拉	14
0418	诺伊	27
0418	斐勒卢托	2
0418	玛莉亚	5
0418	希丝	6
0418	元老院	1
0418	考虑到	1
0419	涡波	7
0419	缇达	3
0419	赫勒比勒夏	2
0419	法夫纳	20
0419	罗密斯	9
0419	芙茨亚茨	2
0420	涡波	34
0420	赛尔德拉	18
0420	格连	1
0420	古奈尔	35
0420	法夫纳	5
0420	希丝	13
0421	涡波	36
0421	诺斯菲	1
0421	阳滝	2
0421	拉古涅	1
0421	赛尔德拉	11
0421	古奈尔	39
0421	赫勒比勒夏	1
0421	迪普拉库拉	1
0421	法夫纳	26
0421	斐勒卢托	1
0421	希丝	5
0421	元老院	2
0422	涡波	56
0422	诺文	1
0422	阳滝	3
0422	赛尔德拉	30
0422	格连	5
0422	古奈尔	19
0422	沃克	1
0422	法夫纳	1
0422	希丝	4
0422	芙茨亚茨	1
0423	涡波	24
0423	斯诺	4
0423	缇亚	2
0423	赛尔德拉	41
0423	格连	54
0423	拉斯缇亚拉	1
0423	古奈尔	22
0423	沃克	7
0423	法夫纳	6
0423	缇亚拉	2
0423	希丝	3
0423	芙茨亚茨	1
0424	涡波	19
0424	莱纳	1
0424	斯诺	1
0424	缇亚	5
0424	阳滝	1
0424	莉帕	1
0424	艾德	3
0424	赛尔德拉	29
0424	阿尔缇	1
0424	格连	28
0424	拉斯缇亚拉	1
0424	古奈尔	1
0424	缇达	4
0424	赫勒比勒夏	2
0424	沃克	1
0424	法夫纳	6
0424	缇亚拉	3
0424	罗密斯	28
0424	玛莉亚	2
0424	希丝	1
0424	芙茨亚茨	2
0424	考虑到	1
0425	涡波	35
0425	缇亚	1
0425	赛尔德拉	51
0425	格连	46
0425	古奈尔	13
0425	相川涡波	1
0425	沃克	1
0425	法夫纳	4
0425	缇亚拉	1
0425	希丝	28
0426	涡波	36
0426	斯诺	1
0426	拉古涅	1
0426	赛尔德拉	38
0426	格连	53
0426	古奈尔	9
0426	赫勒比勒夏	1
0426	沃克	5
0426	法夫纳	9
0426	希丝	6
0427	涡波	5
0427	缇亚	3
0427	诺文	1
0427	阳滝	1
0427	格连	2
0427	拉斯缇亚拉	1
0427	缇达	2
0427	赫勒比勒夏	2
0427	沃克	1
0427	法夫纳	4
0427	缇亚拉	3
0427	罗密斯	11
0427	诺伊	1
0427	芙茨亚茨	2
0428	涡波	44
0428	斯诺	2
0428	诺斯菲	3
0428	帕林库洛	1
0428	缇亚	16
0428	诺文	2
0428	阳滝	2
0428	拉古涅	4
0428	赛尔德拉	4
0428	阿尔缇	1
0428	格连	34
0428	拉斯缇亚拉	7
0428	古奈尔	1
0428	缇达	2
0428	相川涡波	1
0428	赫勒比勒夏	3
0428	沃克	5
0428	法夫纳	8
0428	缇亚拉	16
0428	罗密斯	1
0428	希丝	4
0428	芙茨亚茨	6
0429	涡波	91
0429	缇亚	3
0429	诺文	1
0429	阳滝	3
0429	莉帕	1
0429	拉古涅	4
0429	赛尔德拉	4
0429	拉斯缇亚拉	2
0429	相川涡波	1
0429	赫勒比勒夏	1
0429	法夫纳	2
0429	缇亚拉	2
0429	罗密斯	1
0429	玛莉亚	1
0429	考虑到	1
0430	涡波	52
0430	斯诺	1
0430	缇亚	7
0430	格连	1
0430	拉斯缇亚拉	4
0430	赫勒比勒夏	3
0430	法夫纳	7
0430	缇亚拉	6
0430	罗密斯	1
0430	玛莉亚	1
0430	希丝	4
0430	芙茨亚茨	6
0431	涡波	11
0431	缇亚	2
0431	缇达	3
0431	赫勒比勒夏	1
0431	迪普拉库拉	1
0431	法夫纳	7
0431	缇亚拉	2
0431	罗密斯	21
0431	希丝	1
0431	芙茨亚茨	2
0432	涡波	31
0432	缇亚	1
0432	阳滝	1
0432	赫勒比勒夏	4
0432	法夫纳	16
0432	缇亚拉	1
0432	罗密斯	1
0432	希丝	3
0433	涡波	36
0433	斯诺	1
0433	诺斯菲	1
0433	缇亚	3
0433	阳滝	1
0433	拉古涅	10
0433	赛尔德拉	2
0433	阿尔缇	1
0433	格连	3
0433	拉斯缇亚拉	3
0433	相川涡波	3
0433	赫勒比勒夏	4
0433	沃克	1
0433	法夫纳	8
0433	缇亚拉	3
0433	罗密斯	1
0433	玛莉亚	1
0433	芙茨亚茨	2
0433	考虑到	1
0434	涡波	18
0434	莱纳	1
0434	斯诺	5
0434	诺斯菲	1
0434	缇亚	55
0434	阳滝	9
0434	莉帕	1
0434	赛尔德拉	36
0434	缇缇	2
0434	拉斯缇亚拉	49
0434	相川涡波	2
0434	迪普拉库拉	1
0434	法夫纳	1
0434	缇亚拉	51
0434	诺伊	1
0434	玛莉亚	5
0434	芙茨亚茨	3
0434	考虑到	1
0435	涡波	11
0435	缇亚	23
0435	阳滝	11
0435	拉古涅	1
0435	赛尔德拉	31
0435	拉斯缇亚拉	18
0435	缇亚拉	23
0435	诺伊	2
0435	斐勒卢托	2
0435	芙茨亚茨	1
0435	考虑到	1
0436	涡波	21
0436	诺斯菲	4
0436	缇亚	14
0436	阳滝	8
0436	艾德	1
0436	赛尔德拉	29
0436	阿尔缇	1
0436	缇缇	1
0436	拉斯缇亚拉	14
0436	缇达	1
0436	相川涡波	3
0436	缇亚拉	14
0436	斐勒卢托	1
0436	芙茨亚茨	1
0437	涡波	21
0437	斯诺	2
0437	缇亚	14
0437	阳滝	2
0437	艾德	1
0437	赛尔德拉	54
0437	缇缇	6
0437	拉斯缇亚拉	12
0437	相川涡波	1
0437	缇亚拉	14
0437	芙茨亚茨	1
0438	涡波	16
0438	莱纳	1
0438	斯诺	3
0438	缇亚	68
0438	阳滝	8
0438	莉帕	1
0438	拉古涅	1
0438	赛尔德拉	49
0438	缇缇	1
0438	拉斯缇亚拉	61
0438	古奈尔	2
0438	相川涡波	3
0438	迪普拉库拉	3
0438	沃克	1
0438	缇亚拉	66
0438	斐勒卢托	1
0438	玛莉亚	2
0438	希丝	1
0438	芙茨亚茨	3
0438	元老院	1
0439	涡波	2
0439	诺斯菲	1
0439	缇亚	5
0439	阳滝	1
0439	艾德	1
0439	赛尔德拉	51
0439	拉斯缇亚拉	5
0439	迪普拉库拉	1
0439	法夫纳	1
0439	缇亚拉	5
0439	诺伊	2
0440	涡波	2
0440	斯诺	1
0440	阳滝	1
0440	赛尔德拉	50
0440	缇缇	1
0440	赫勒比勒夏	1
0440	法夫纳	3
0440	诺伊	6
0441	涡波	14
0441	莱纳	1
0441	斯诺	2
0441	诺斯菲	2
0441	缇亚	63
0441	阳滝	3
0441	赛尔德拉	46
0441	格连	1
0441	拉斯缇亚拉	44
0441	古奈尔	1
0441	相川涡波	1
0441	迪普拉库拉	1
0441	法夫纳	1
0441	缇亚拉	62
0441	玛莉亚	1
0442	涡波	23
0442	斯诺	1
0442	诺斯菲	1
0442	帕林库洛	1
0442	缇亚	56
0442	阳滝	4
0442	拉古涅	3
0442	赛尔德拉	9
0442	拉斯缇亚拉	51
0442	相川涡波	6
0442	缇亚拉	56
0442	诺伊	2
0442	玛莉亚	1
0442	芙茨亚茨	2
0443	涡波	51
0443	莱纳	2
0443	斯诺	1
0443	诺斯菲	1
0443	帕林库洛	2
0443	缇亚	22
0443	诺文	2
0443	阳滝	6
0443	莉帕	5
0443	拉古涅	3
0443	艾德	1
0443	赛尔德拉	37
0443	阿尔缇	1
0443	缇缇	1
0443	拉斯缇亚拉	18
0443	缇达	1
0443	相川涡波	5
0443	赫勒比勒夏	2
0443	迪普拉库拉	3
0443	法夫纳	2
0443	缇亚拉	21
0443	诺伊	9
0443	斐勒卢托	1
0443	玛莉亚	1
0443	希丝	1
0443	芙茨亚茨	5
0444	涡波	55
0444	诺斯菲	3
0444	缇亚	7
0444	阳滝	5
0444	莉帕	10
0444	拉古涅	11
0444	赛尔德拉	27
0444	格连	22
0444	拉斯缇亚拉	2
0444	古奈尔	9
0444	相川涡波	1
0444	赫勒比勒夏	4
0444	沃克	1
0444	法夫纳	7
0444	缇亚拉	7
0444	艾尔米拉德	1
0444	罗密斯	1
0444	诺伊	10
0444	玛莉亚	2
0444	芙茨亚茨	2
0445	涡波	53
0445	莱纳	22
0445	帕林库洛	6
0445	缇亚	23
0445	诺文	1
0445	阳滝	2
0445	莉帕	3
0445	拉古涅	2
0445	艾德	4
0445	赛尔德拉	11
0445	格连	42
0445	拉斯缇亚拉	5
0445	海莉	2
0445	古奈尔	4
0445	缇达	3
0445	赫勒比勒夏	9
0445	法夫纳	6
0445	缇亚拉	23
0445	玛莉亚	5
0445	露洁	1
0445	芙茨亚茨	3
0445	诺瓦露	9
0445	元老院	1
0446	涡波	68
0446	斯诺	4
0446	诺斯菲	4
0446	缇亚	4
0446	诺文	2
0446	阳滝	1
0446	莉帕	3
0446	艾德	3
0446	赛尔德拉	20
0446	阿尔缇	5
0446	缇缇	4
0446	格连	19
0446	拉斯缇亚拉	2
0446	古奈尔	26
0446	缇达	7
0446	相川涡波	2
0446	赫勒比勒夏	2
0446	沃克	3
0446	法夫纳	13
0446	缇亚拉	4
0446	诺伊	2
0446	希丝	22
0446	芙茨亚茨	3
0446	元老院	1
0446	考虑到	1
0447	涡波	19
0447	莱纳	1
0447	斯诺	3
0447	缇亚	19
0447	阳滝	2
0447	赛尔德拉	16
0447	阿尔缇	1
0447	格连	2
0447	拉斯缇亚拉	14
0447	古奈尔	6
0447	缇达	1
0447	相川涡波	1
0447	赫勒比勒夏	1
0447	迪普拉库拉	17
0447	沃克	1
0447	法夫纳	3
0447	缇亚拉	16
0447	诺伊	1
0447	斐勒卢托	12
0447	玛莉亚	5
0447	露洁	3
0447	希丝	15
0447	芙茨亚茨	4
0447	诺瓦露	1
0448	涡波	15
0448	莱纳	1
0448	斯诺	3
0448	帕林库洛	1
0448	缇亚	11
0448	阳滝	1
0448	莉帕	3
0448	赛尔德拉	1
0448	阿尔缇	10
0448	拉斯缇亚拉	7
0448	缇达	1
0448	缇亚拉	8
0448	诺伊	5
0448	玛莉亚	51
0449	涡波	3
0449	帕林库洛	1
0449	缇亚	7
0449	诺文	1
0449	阳滝	1
0449	艾德	1
0449	赛尔德拉	1
0449	阿尔缇	5
0449	缇缇	2
0449	拉斯缇亚拉	3
0449	缇亚拉	4
0449	玛莉亚	50
0450	涡波	21
0450	诺斯菲	1
0450	缇亚	41
0450	莉帕	1
0450	拉古涅	1
0450	赛尔德拉	2
0450	阿尔缇	14
0450	格连	1
0450	拉斯缇亚拉	41
0450	相川涡波	3
0450	法夫纳	1
0450	缇亚拉	41
0450	诺伊	15
0450	玛莉亚	44
0450	考虑到	1
0451	涡波	4
0451	缇亚	6
0451	阳滝	2
0451	莉帕	8
0451	阿尔缇	18
0451	拉斯缇亚拉	6
0451	缇达	6
0451	相川涡波	2
0451	缇亚拉	6
0451	罗密斯	1
0451	诺伊	9
0451	玛莉亚	46
0451	芙茨亚茨	1
0452	涡波	19
0452	诺斯菲	1
0452	缇亚	27
0452	诺文	1
0452	阳滝	13
0452	莉帕	2
0452	拉古涅	6
0452	艾德	1
0452	赛尔德拉	11
0452	阿尔缇	2
0452	缇缇	1
0452	拉斯缇亚拉	15
0452	古奈尔	19
0452	缇达	1
0452	相川涡波	1
0452	迪普拉库拉	15
0452	法夫纳	3
0452	缇亚拉	27
0452	诺伊	50
0452	斐勒卢托	5
0452	玛莉亚	9
0452	希丝	20
0452	芙茨亚茨	2
0452	元老院	2
0454	涡波	132
0454	莱纳	12
0454	斯诺	14
0454	诺斯菲	9
0454	帕林库洛	16
0454	缇亚	61
0454	诺文	5
0454	阳滝	17
0454	莉帕	5
0454	罗德	1
0454	拉古涅	15
0454	艾德	14
0454	赛尔德拉	7
0454	阿尔缇	7
0454	缇缇	12
0454	格连	7
0454	拉斯缇亚拉	25
0454	海莉	4
0454	古奈尔	5
0454	缇达	4
0454	阿雷亚斯	6
0454	相川涡波	3
0454	赫勒比勒夏	9
0454	迪普拉库拉	1
0454	沃克	7
0454	法夫纳	12
0454	缇亚拉	46
0454	艾尔米拉德	2
0454	罗密斯	2
0454	诺伊	4
0454	雷纳尔多	1
0454	斐勒卢托	1
0454	玛莉亚	14
0454	露洁	5
0454	芙茨亚茨	12
0454	诺瓦露	2
0454	希达尔克	4
0454	芙兰琉莱	2
0454	元老院	5
0455	涡波	13
0455	莱纳	13
0455	斯诺	11
0455	诺斯菲	5
0455	帕林库洛	5
0455	缇亚	30
0455	莉帕	2
0455	拉古涅	3
0455	赛尔德拉	3
0455	格连	10
0455	拉斯缇亚拉	16
0455	海莉	6
0455	缇达	1
0455	相川涡波	1
0455	赫勒比勒夏	21
0455	沃克	11
0455	法夫纳	28
0455	缇亚拉	26
0455	玛莉亚	4
0455	芙茨亚茨	4
0455	诺瓦露	7
0455	芙兰琉莱	2
0456	涡波	28
0456	莱纳	1
0456	斯诺	1
0456	帕林库洛	1
0456	缇亚	13
0456	赛尔德拉	3
0456	格连	1
0456	拉斯缇亚拉	1
0456	古奈尔	22
0456	阿雷亚斯	1
0456	相川涡波	1
0456	迪普拉库拉	11
0456	沃克	1
0456	法夫纳	1
0456	缇亚拉	5
0456	诺伊	1
0456	斐勒卢托	16
0456	玛莉亚	5
0456	露洁	1
0456	希丝	14
0456	芙茨亚茨	7
0456	元老院	3
0457	涡波	29
0457	莱纳	1
0457	斯诺	1
0457	帕林库洛	1
0457	缇亚	20
0457	阳滝	2
0457	赛尔德拉	1
0457	拉斯缇亚拉	8
0457	古奈尔	3
0457	阿雷亚斯	2
0457	缇亚拉	8
0457	诺伊	4
0457	玛莉亚	4
0457	希丝	56
0457	芙茨亚茨	1
0457	元老院	2
0458	涡波	5
0458	莱纳	1
0458	斯诺	3
0458	缇亚	12
0458	诺文	4
0458	阳滝	3
0458	莉帕	1
0458	拉古涅	1
0458	艾德	1
0458	缇缇	2
0458	拉斯缇亚拉	2
0458	阿雷亚斯	27
0458	沃克	1
0458	法夫纳	1
0458	缇亚拉	2
0458	玛莉亚	6
0458	希丝	34
0458	芙兰琉莱	2
0459	涡波	13
0459	莱纳	1
0459	斯诺	6
0459	缇亚	12
0459	阳滝	1
0459	艾德	4
0459	赛尔德拉	2
0459	拉斯缇亚拉	8
0459	古奈尔	10
0459	赫勒比勒夏	1
0459	迪普拉库拉	18
0459	沃克	1
0459	缇亚拉	8
0459	玛莉亚	2
0459	希丝	1
0459	芙茨亚茨	3
0459	元老院	1
0460	涡波	18
0460	斯诺	5
0460	帕林库洛	1
0460	缇亚	10
0460	阳滝	2
0460	赛尔德拉	2
0460	格连	1
0460	拉斯缇亚拉	5
0460	古奈尔	2
0460	迪普拉库拉	27
0460	沃克	5
0460	缇亚拉	8
0460	艾尔米拉德	2
0460	希丝	3
0460	希达尔克	1
0461	涡波	10
0461	斯诺	5
0461	缇亚	10
0461	拉古涅	1
0461	赛尔德拉	2
0461	缇缇	2
0461	拉斯缇亚拉	5
0461	迪普拉库拉	17
0461	沃克	4
0461	缇亚拉	5
0461	艾尔米拉德	27
0461	玛莉亚	3
0461	芙茨亚茨	1
0461	希达尔克	6
0461	元老院	1
0461	考虑到	1
0462	涡波	20
0462	斯诺	24
0462	诺斯菲	4
0462	缇亚	5
0462	莉帕	1
0462	赛尔德拉	13
0462	缇缇	1
0462	格连	1
0462	拉斯缇亚拉	3
0462	古奈尔	4
0462	相川涡波	2
0462	迪普拉库拉	17
0462	沃克	5
0462	缇亚拉	5
0462	艾尔米拉德	16
0462	玛莉亚	1
0462	芙茨亚茨	2
0462	希达尔克	4
0463	涡波	23
0463	斯诺	18
0463	诺斯菲	1
0463	帕林库洛	1
0463	缇亚	2
0463	诺文	4
0463	罗德	4
0463	拉古涅	1
0463	艾德	3
0463	赛尔德拉	111
0463	缇缇	19
0463	阿雷亚斯	2
0463	迪普拉库拉	1
0463	沃克	3
0463	法夫纳	2
0463	缇亚拉	1
0463	玛莉亚	1
0464	涡波	5
0464	斯诺	7
0464	赛尔德拉	32
0464	格连	8
0464	古奈尔	1
0464	迪普拉库拉	1
0464	沃克	3
0464	法夫纳	1
0465	涡波	9
0465	斯诺	16
0465	诺斯菲	1
0465	缇亚	7
0465	诺文	5
0465	赛尔德拉	40
0465	格连	5
0465	古奈尔	1
0465	阿雷亚斯	3
0465	沃克	1
0465	法夫纳	17
0465	缇亚拉	2
0465	玛莉亚	2
0465	考虑到	1
0466	涡波	4
0466	莱纳	1
0466	斯诺	6
0466	诺斯菲	1
0466	帕林库洛	1
0466	缇亚	9
0466	诺文	1
0466	赛尔德拉	55
0466	格连	12
0466	拉斯缇亚拉	1
0466	赫勒比勒夏	5
0466	沃克	15
0466	法夫纳	19
0466	缇亚拉	9
0466	元老院	1
0467	涡波	6
0467	缇亚	1
0467	艾德	1
0467	格连	1
0467	赫勒比勒夏	1
0467	缇亚拉	1
0468	涡波	16
0468	斯诺	2
0468	缇亚	1
0468	拉古涅	8
0468	赛尔德拉	15
0468	格连	20
0468	拉斯缇亚拉	1
0468	赫勒比勒夏	2
0468	沃克	1
0468	法夫纳	4
0468	缇亚拉	1
0468	罗密斯	1
0468	芙茨亚茨	1
0469	涡波	7
0469	缇亚	4
0469	拉古涅	1
0469	拉斯缇亚拉	1
0469	赫勒比勒夏	7
0469	法夫纳	5
0469	缇亚拉	4
0469	罗密斯	1
0470	涡波	8
0470	斯诺	7
0470	赛尔德拉	9
0470	格连	45
0470	古奈尔	1
0470	赫勒比勒夏	1
0470	沃克	2
0470	法夫纳	10
0471	涡波	38
0471	斯诺	14
0471	缇亚	8
0471	阳滝	1
0471	拉古涅	1
0471	赛尔德拉	25
0471	格连	12
0471	拉斯缇亚拉	6
0471	相川涡波	1
0471	迪普拉库拉	1
0471	沃克	3
0471	法夫纳	4
0471	缇亚拉	7
0471	诺伊	15
0471	玛莉亚	5
0471	芙茨亚茨	1
0472	涡波	75
0472	斯诺	1
0472	诺斯菲	1
0472	缇亚	2
0472	阳滝	4
0472	赛尔德拉	10
0472	缇缇	5
0472	格连	6
0472	拉斯缇亚拉	2
0472	相川涡波	1
0472	沃克	2
0472	法夫纳	2
0472	缇亚拉	2
0472	诺伊	3
0473	斯诺	2
0473	艾德	1
0473	赛尔德拉	2
0473	缇缇	4
0473	法夫纳	13
0473	诺伊	1
0474	涡波	25
0474	斯诺	2
0474	赛尔德拉	6
0474	格连	3
0474	法夫纳	4
0475	涡波	65
0475	斯诺	2
0475	缇亚	5
0475	诺文	1
0475	赛尔德拉	24
0475	格连	2
0475	拉斯缇亚拉	4
0475	缇达	2
0475	阿雷亚斯	4
0475	相川涡波	2
0475	法夫纳	3
0475	缇亚拉	5
0475	诺伊	3
0475	玛莉亚	1
0475	考虑到	1
0476	涡波	53
0476	斯诺	1
0476	缇亚	4
0476	赛尔德拉	14
0476	阿尔缇	1
0476	缇缇	1
0476	格连	3
0476	拉斯缇亚拉	2
0476	缇达	1
0476	赫勒比勒夏	1
0476	沃克	1
0476	法夫纳	9
0476	缇亚拉	4
0476	诺伊	2
0476	芙茨亚茨	1
0476	考虑到	1
0477	涡波	11
0477	诺文	2
0477	赛尔德拉	7
0477	格连	1
0477	缇达	2
0477	阿雷亚斯	2
0477	赫勒比勒夏	4
0477	法夫纳	30
0478	涡波	62
0478	诺斯菲	2
0478	缇亚	2
0478	诺文	10
0478	拉古涅	4
0478	赛尔德拉	12
0478	阿尔缇	1
0478	缇缇	1
0478	格连	2
0478	缇达	3
0478	阿雷亚斯	10
0478	弗茨亚茨	1
0478	赫勒比勒夏	6
0478	沃克	1
0478	法夫纳	16
0478	缇亚拉	2
0479	涡波	89
0479	诺斯菲	6
0479	缇亚	5
0479	诺文	1
0479	阳滝	3
0479	拉古涅	3
0479	艾德	1
0479	赛尔德拉	16
0479	阿尔缇	2
0479	缇缇	1
0479	格连	12
0479	阿雷亚斯	1
0479	弗茨亚茨	4
0479	相川涡波	1
0479	赫勒比勒夏	1
0479	法夫纳	13
0479	缇亚拉	5
0480	涡波	44
0480	莱纳	1
0480	缇亚	9
0480	诺文	1
0480	莉帕	1
0480	拉古涅	1
0480	赛尔德拉	3
0480	缇缇	1
0480	缇达	1
0480	弗茨亚茨	1
0480	赫勒比勒夏	1
0480	法夫纳	3
0480	缇亚拉	9
0480	诺伊	1
0480	诺瓦露	19
0481	涡波	35
0481	莱纳	60
0481	斯诺	1
0481	缇亚	7
0481	诺文	1
0481	艾德	1
0481	赛尔德拉	5
0481	缇缇	1
0481	格连	8
0481	海莉	2
0481	缇达	1
0481	阿雷亚斯	1
0481	弗茨亚茨	1
0481	赫勒比勒夏	19
0481	法夫纳	4
0481	缇亚拉	7
0481	诺瓦露	5
0482	涡波	8
0482	莱纳	18
0482	诺斯菲	14
0482	缇亚	5
0482	诺文	6
0482	阳滝	1
0482	拉古涅	1
0482	艾德	4
0482	赛尔德拉	1
0482	阿尔缇	1
0482	缇缇	4
0482	格连	1
0482	海莉	2
0482	阿雷亚斯	4
0482	弗茨亚茨	1
0482	相川涡波	1
0482	赫勒比勒夏	13
0482	法夫纳	7
0482	缇亚拉	5
0482	诺伊	2
0482	玛莉亚	1
0482	芙兰琉莱	1
0483	涡波	7
0483	莱纳	7
0483	斯诺	1
0483	缇亚	7
0483	诺文	1
0483	阳滝	2
0483	拉古涅	1
0483	赛尔德拉	1
0483	阿尔缇	1
0483	格连	1
0483	海莉	6
0483	弗茨亚茨	2
0483	相川涡波	1
0483	赫勒比勒夏	8
0483	沃克	1
0483	法夫纳	7
0483	缇亚拉	5
0483	艾尔米拉德	1
0483	希丝	1
0483	芙兰琉莱	2
0483	考虑到	1
0484	涡波	31
0484	莱纳	1
0484	斯诺	6
0484	缇亚	49
0484	古奈尔	1
0484	阿雷亚斯	9
0484	弗茨亚茨	1
0484	赫勒比勒夏	12
0484	沃克	1
0484	缇亚拉	1
0484	希丝	28
0484	芙兰琉莱	7
0485	涡波	36
0485	莱纳	1
0485	斯诺	1
0485	缇亚	70
0485	阳滝	5
0485	莉帕	1
0485	赛尔德拉	1
0485	阿雷亚斯	2
0485	弗茨亚茨	1
0485	迪普拉库拉	2
0485	缇亚拉	12
0485	玛莉亚	1
0485	希丝	45
0485	芙兰琉莱	4
0485	考虑到	1
0486	涡波	18
0486	缇亚	11
0486	阳滝	4
0486	古奈尔	1
0486	弗茨亚茨	5
0486	赫勒比勒夏	2
0486	迪普拉库拉	63
0486	缇亚拉	3
0486	艾尔米拉德	1
0486	诺伊	9
0486	希丝	12
0486	希达尔克	1
0486	芙兰琉莱	1
0487	涡波	46
0487	斯诺	8
0487	缇亚	52
0487	阳滝	5
0487	古奈尔	4
0487	赫勒比勒夏	2
0487	迪普拉库拉	56
0487	沃克	4
0487	缇亚拉	5
0487	艾尔米拉德	2
0487	诺伊	4
0487	斐勒卢托	1
0487	玛莉亚	11
0487	希丝	7
0487	希达尔克	2
0487	芙兰琉莱	1
0487	元老院	4
0487	考虑到	2
0488	涡波	10
0488	斯诺	1
0488	诺斯菲	2
0488	缇亚	6
0488	阳滝	3
0488	格连	2
0488	古奈尔	50
0488	弗茨亚茨	21
0488	迪普拉库拉	10
0488	沃克	2
0488	法夫纳	4
0488	缇亚拉	5
0488	艾尔米拉德	5
0488	斐勒卢托	24
0488	希丝	1
0488	希达尔克	6
0488	元老院	10
0489	涡波	14
0489	莱纳	2
0489	斯诺	1
0489	缇亚	2
0489	艾德	2
0489	缇缇	2
0489	格连	5
0489	古奈尔	72
0489	弗茨亚茨	3
0489	赫勒比勒夏	1
0489	迪普拉库拉	5
0489	法夫纳	5
0489	缇亚拉	1
0489	艾尔米拉德	2
0489	诺伊	1
0489	斐勒卢托	15
0489	露洁	36
0489	诺瓦露	6
0489	希达尔克	5
0490	涡波	18
0490	莱纳	2
0490	帕林库洛	25
0490	缇亚	4
0490	阳滝	1
0490	阿尔缇	3
0490	缇缇	1
0490	格连	2
0490	缇娅拉	1
0490	海莉	1
0490	古奈尔	2
0490	缇达	2
0490	相川涡波	1
0490	赫勒比勒夏	2
0490	迪普拉库拉	1
0490	缇亚拉	2
0490	艾尔米拉德	1
0490	罗密斯	1
0490	斐勒卢托	1
0490	玛莉亚	2
0490	露洁	3
0490	诺瓦露	21
0490	希达尔克	2
0490	元老院	1
0490	考虑到	1
0491	涡波	19
0491	莱纳	1
0491	帕林库洛	43
0491	缇亚	18
0491	阳滝	1
0491	海莉	1
0491	缇达	5
0491	阿雷亚斯	1
0491	弗茨亚茨	4
0491	相川涡波	1
0491	赫勒比勒夏	1
0491	迪普拉库拉	1
0491	缇亚拉	18
0491	罗密斯	13
0491	玛莉亚	1
0491	考虑到	1
0492	涡波	7
0492	莱纳	6
0492	帕林库洛	13
0492	缇亚	1
0492	赛尔德拉	1
0492	格连	1
0492	海莉	1
0492	缇达	9
0492	赫勒比勒夏	5
0492	缇亚拉	1
0492	罗密斯	21
0493	涡波	4
0493	莱纳	5
0493	诺斯菲	8
0493	帕林库洛	4
0493	缇亚	13
0493	诺文	1
0493	阳滝	1
0493	莉帕	1
0493	拉古涅	2
0493	艾德	2
0493	赛尔德拉	3
0493	阿尔缇	1
0493	缇缇	3
0493	海莉	1
0493	缇达	1
0493	弗茨亚茨	4
0493	赫勒比勒夏	1
0493	法夫纳	1
0493	缇亚拉	13
0493	露洁	1
0493	诺瓦露	26
0494	涡波	6
0494	莱纳	7
0494	诺斯菲	1
0494	帕林库洛	1
0494	缇亚	17
0494	阳滝	3
0494	格连	2
0494	海莉	2
0494	弗茨亚茨	2
0494	相川涡波	1
0494	沃克	1
0494	法夫纳	1
0494	缇亚拉	17
0494	诺瓦露	50
0495	莱纳	16
0495	帕林库洛	1
0495	缇亚	8
0495	阳滝	12
0495	拉古涅	5
0495	海莉	1
0495	缇达	2
0495	缇亚拉	8
0495	诺伊	7
0495	露洁	1
0495	诺瓦露	6
0496	涡波	9
0496	莱纳	37
0496	诺斯菲	1
0496	缇亚	5
0496	诺文	1
0496	阳滝	2
0496	拉古涅	13
0496	艾德	3
0496	相川涡波	1
0496	法夫纳	2
0496	缇亚拉	5
0496	诺伊	62
0496	露洁	3
0496	诺瓦露	14
0497	涡波	4
0497	莱纳	13
0497	诺斯菲	2
0497	帕林库洛	1
0497	缇亚	7
0497	诺文	3
0497	拉古涅	4
0497	艾德	2
0497	赛尔德拉	2
0497	阿尔缇	7
0497	缇缇	3
0497	缇达	2
0497	阿雷亚斯	1
0497	相川涡波	1
0497	赫勒比勒夏	3
0497	法夫纳	3
0497	缇亚拉	7
0497	诺伊	19
0497	玛莉亚	2
0497	诺瓦露	5
0498	涡波	8
0498	莱纳	10
0498	斯诺	1
0498	诺斯菲	10
0498	帕林库洛	1
0498	缇亚	11
0498	诺文	6
0498	阳滝	11
0498	莉帕	7
0498	拉古涅	1
0498	艾德	11
0498	赛尔德拉	17
0498	阿尔缇	13
0498	缇缇	18
0498	缇达	7
0498	阿雷亚斯	2
0498	弗茨亚茨	1
0498	相川涡波	1
0498	法夫纳	5
0498	缇亚拉	10
0498	罗密斯	1
0498	诺伊	26
0498	玛莉亚	2
0498	露洁	1
0498	诺瓦露	3
0498	涡涡	2
0498	阳滝姊	1
0499	涡波	8
0499	莱纳	6
0499	斯诺	34
0499	诺斯菲	4
0499	帕林库洛	1
0499	缇亚	14
0499	诺文	17
0499	阳滝	1
0499	莉帕	30
0499	拉古涅	3
0499	艾德	4
0499	赛尔德拉	9
0499	阿尔缇	16
0499	缇缇	5
0499	格连	7
0499	古奈尔	1
0499	阿雷亚斯	5
0499	相川涡波	1
0499	赫勒比勒夏	1
0499	沃克	3
0499	法夫纳	6
0499	缇亚拉	2
0499	诺伊	37
0499	玛莉亚	22
0499	诺瓦露	4
0500	涡波	7
0500	莱纳	2
0500	斯诺	1
0500	帕林库洛	1
0500	缇亚	26
0500	诺文	1
0500	阳滝	12
0500	莉帕	2
0500	拉古涅	23
0500	阿尔缇	1
0500	古奈尔	9
0500	缇达	5
0500	弗茨亚茨	2
0500	赫勒比勒夏	1
0500	迪普拉库拉	10
0500	缇亚拉	9
0500	艾尔米拉德	3
0500	诺伊	21
0500	斐勒卢托	1
0500	玛莉亚	1
0500	露洁	1
0500	诺瓦露	1
0500	希达尔克	4
0500	芙兰琉莱	8
0500	阳滝姊	1
0500	考虑到	1
0501	涡波	3
0501	莱纳	30
0501	诺斯菲	1
0501	缇亚	6
0501	诺文	3
0501	阳滝	13
0501	缇缇	1
0501	缇达	1
0501	阿雷亚斯	1
0501	赫勒比勒夏	7
0501	迪普拉库拉	1
0501	法夫纳	2
0501	缇亚拉	5
0501	诺伊	25
0501	玛莉亚	1
0501	诺瓦露	2
0501	希达尔克	1
0501	芙兰琉莱	1
0502	涡波	12
0502	莱纳	29
0502	斯诺	1
0502	缇亚	22
0502	莉帕	1
0502	拉古涅	1
0502	相川涡波	3
0502	赫勒比勒夏	1
0502	缇亚拉	21
0502	诺伊	13
0502	玛莉亚	1
0503	涡波	7
0503	莱纳	48
0503	缇亚	15
0503	古奈尔	3
0503	缇达	2
0503	相川涡波	3
0503	赫勒比勒夏	1
0503	缇亚拉	15
0503	诺伊	10
0503	诺瓦露	7
0503	希达尔克	2
0504	涡波	29
0504	莱纳	14
0504	斯诺	10
0504	缇亚	67
0504	诺文	1
0504	阳滝	1
0504	莉帕	9
0504	拉古涅	2
0504	赛尔德拉	2
0504	阿尔缇	1
0504	弗茨亚茨	2
0504	相川涡波	8
0504	迪普拉库拉	1
0504	缇亚拉	59
0504	诺伊	1
0504	斐勒卢托	1
0504	玛莉亚	21
0504	诺瓦露	4
0505	涡波	50
0505	莱纳	13
0505	斯诺	3
0505	诺斯菲	1
0505	玛利亚	1
0505	帕林库洛	26
0505	缇亚	30
0505	阳滝	1
0505	莉帕	1
0505	拉古涅	8
0505	艾德	2
0505	赛尔德拉	6
0505	缇缇	3
0505	格连	9
0505	海莉	11
0505	缇达	1
0505	弗茨亚茨	3
0505	相川涡波	4
0505	赫勒比勒夏	2
0505	迪普拉库拉	1
0505	沃克	1
0505	缇亚拉	28
0505	艾尔米拉德	2
0505	诺伊	27
0505	斐勒卢托	1
0505	玛莉亚	1
0505	露洁	3
0505	诺瓦露	21
0505	希达尔克	1
0505	元老院	1
0507	涡波	17
0507	拉丝缇娅拉	2
0507	斯诺	9
0507	帕林库洛	22
0507	诺文	1
0507	格连	8
0507	缇娅拉	2
0507	缇达	3
0507	弗茨亚茨	3
0507	相川涡波	1
0507	赫勒比勒夏	1
0507	塞拉	1
0507	沃克	42
0507	勒伽西	3
0507	芙兰琉莱	1
0508	涡波	64
0508	拉丝缇娅拉	25
0508	莱纳	2
0508	斯诺	25
0508	帕林库洛	3
0508	诺文	31
0508	莉帕	71
0508	格连	1
0508	缇娅拉	25
0508	缇达	1
0508	阿雷亚斯	9
0508	弗茨亚茨	12
0508	赫勒比勒夏	2
0508	沃克	4
0508	芙兰琉莱	1
0508	考虑到	1
0509	涡波	37
0509	拉丝缇娅拉	3
0509	斯诺	9
0509	玛利亚	7
0509	帕林库洛	1
0509	诺文	8
0509	阳滝	1
0509	莉帕	28
0509	缇娅拉	3
0509	阿雷亚斯	3
0509	弗茨亚茨	1
0509	沃克	1
0510	涡波	20
0510	拉丝缇娅拉	1
0510	斯诺	4
0510	玛利亚	2
0510	诺文	139
0510	阳滝	1
0510	莉帕	93
0510	格连	1
0510	缇娅拉	1
0510	缇达	3
0510	阿雷亚斯	10
0510	沃克	1
0511	涡波	69
0511	斯诺	15
0511	诺斯菲	1
0511	玛利亚	2
0511	诺文	35
0511	阳滝	1
0511	莉帕	3
0511	格连	3
0511	阿雷亚斯	6
0511	弗茨亚茨	1
0511	沃克	5
0512	涡波	50
0512	斯诺	7
0512	诺斯菲	1
0512	玛利亚	12
0512	诺文	4
0512	莉帕	3
0512	格连	5
0512	弗茨亚茨	1
0512	沃克	9
0513	涡波	30
0513	拉丝缇娅拉	4
0513	莱纳	27
0513	斯诺	14
0513	诺文	11
0513	莉帕	6
0513	格连	1
0513	缇娅拉	9
0513	缇达	3
0513	阿雷亚斯	13
0513	弗茨亚茨	4
0513	相川涡波	2
0513	赫勒比勒夏	7
0513	沃克	3
0514	涡波	8
0514	莱纳	21
0514	斯诺	12
0514	诺文	5
0514	格连	58
0514	阿雷亚斯	2
0514	赫勒比勒夏	1
0514	沃克	58
0515	涡波	15
0515	拉丝缇娅拉	1
0515	莱纳	22
0515	斯诺	3
0515	诺文	17
0515	莉帕	7
0515	格连	6
0515	缇娅拉	1
0515	阿雷亚斯	88
0515	弗茨亚茨	1
0515	沃克	7
0516	涡波	5
0516	莱纳	9
0516	斯诺	1
0516	诺文	13
0516	莉帕	2
0516	格连	2
0516	阿雷亚斯	47
0516	赫勒比勒夏	2
0516	沃克	1
0517	涡波	1
0517	诺文	5
0517	莉帕	1
0517	阿雷亚斯	5
0517	相川涡波	1
0518	涡波	12
0518	拉丝缇娅拉	2
0518	玛利亚	59
0518	帕林库洛	2
0518	缇亚	2
0518	诺文	1
0518	莉帕	45
0518	缇娅拉	2
0518	相川涡波	3
0519	涡波	16
0519	斯诺	2
0519	玛利亚	2
0519	阿尔缇	27
0519	缇娅拉	5
0519	缇达	19
0519	弗茨亚茨	4
0519	相川涡波	1
0519	沃克	1
0520	涡波	12
0520	诺斯菲	1
0520	诺文	41
0520	莉帕	11
0520	艾德	4
0520	阿尔缇	17
0520	缇达	12
0520	阿雷亚斯	5
0521	涡波	52
0521	斯诺	5
0521	诺斯菲	28
0521	玛利亚	14
0521	帕林库洛	5
0521	缇亚	4
0521	诺文	51
0521	莉帕	51
0521	艾德	37
0521	阿尔缇	28
0521	缇缇	57
0521	缇娅拉	6
0521	缇达	19
0521	阿雷亚斯	17
0521	沃克	1
0521	元老院	1
0521	考虑到	1
0522	涡波	99
0522	斯诺	6
0522	诺斯菲	65
0522	帕林库洛	2
0522	诺文	21
0522	阳滝	2
0522	莉帕	7
0522	艾德	5
0522	阿尔缇	28
0522	缇缇	41
0522	缇娅拉	1
0522	缇达	10
0522	阿雷亚斯	5
0522	相川涡波	1
0522	沃克	2
0522	艾尔米拉德	8
0522	希达尔克	5
0523	涡波	20
0523	斯诺	1
0523	诺斯菲	5
0523	诺文	10
0523	阳滝	1
0523	莉帕	3
0523	艾德	17
0523	阿尔缇	1
0523	缇缇	2
0523	缇达	24
0523	阿雷亚斯	1
0523	艾尔米拉德	1
0524	涡波	13
0524	莱纳	3
0524	斯诺	10
0524	诺斯菲	48
0524	帕林库洛	1
0524	诺文	14
0524	莉帕	4
0524	艾德	50
0524	阿尔缇	22
0524	缇缇	11
0524	格连	1
0524	缇达	17
0524	阿雷亚斯	4
0524	弗茨亚茨	1
0524	艾尔米拉德	40
0524	希达尔克	6
0525	涡波	6
0525	拉丝缇娅拉	28
0525	莱纳	18
0525	斯诺	11
0525	诺斯菲	44
0525	玛利亚	12
0525	帕林库洛	1
0525	缇亚	13
0525	诺文	6
0525	莉帕	11
0525	拉古涅	1
0525	格连	1
0525	缇娅拉	28
0525	阿雷亚斯	5
0525	弗茨亚茨	2
0525	相川涡波	1
0526	涡波	46
0526	诺斯菲	40
0526	诺文	11
0526	莉帕	8
0526	罗德	1
0526	艾德	28
0526	阿尔缇	28
0526	缇缇	12
0526	缇达	19
0526	阿雷亚斯	3
0526	弗茨亚茨	1
0526	法芙纳	19
0526	赫勒比勒夏	6
0527	涡波	56
0527	诺斯菲	4
0527	帕林库洛	24
0527	诺文	21
0527	莉帕	10
0527	艾德	23
0527	阿尔缇	13
0527	缇缇	5
0527	缇达	4
0527	阿雷亚斯	2
0527	弗茨亚茨	2
0527	法芙纳	14
0527	勒伽西	1
0528	涡波	67
0528	斯诺	1
0528	诺斯菲	7
0528	玛利亚	2
0528	帕林库洛	14
0528	缇亚	1
0528	莉帕	1
0528	拉古涅	4
0528	艾德	23
0528	阿尔缇	11
0528	缇缇	1
0528	缇娅拉	3
0528	阿雷亚斯	1
0528	法芙纳	9
0528	赫勒比勒夏	1
0528	艾尔米拉德	26
0528	勒伽西	1
0528	希达尔克	4
0529	涡波	32
0529	诺斯菲	1
0529	帕林库洛	13
0529	诺文	3
0529	罗德	1
0529	艾德	42
0529	阿尔缇	4
0529	缇缇	8
0529	缇达	8
0529	法芙纳	4
0529	相川涡波	1
0529	赫勒比勒夏	1
0529	艾尔米拉德	3
0529	勒伽西	1
0529	希达尔克	1
0529	考虑到	1
0530	涡波	3
0530	诺斯菲	80
0530	诺文	9
0530	莉帕	5
0530	艾德	22
0530	阿尔缇	80
0530	缇缇	45
0530	缇达	1
0530	阿雷亚斯	2
0530	弗茨亚茨	4
0530	法芙纳	6
0531	涡波	61
0531	莱纳	3
0531	诺斯菲	64
0531	帕林库洛	6
0531	诺文	1
0531	拉古涅	25
0531	艾德	67
0531	阿尔缇	21
0531	缇缇	2
0531	格连	3
0531	缇达	10
0531	阿雷亚斯	1
0531	法芙纳	18
0531	赫勒比勒夏	2
0531	沃克	1
0531	艾尔米拉德	3
0531	勒伽西	1
0531	希达尔克	1
0531	考虑到	1
0532	涡波	34
0532	诺斯菲	35
0532	诺文	16
0532	莉帕	9
0532	艾德	14
0532	阿尔缇	13
0532	缇缇	26
0532	缇达	17
0532	法芙纳	10
0532	赫勒比勒夏	1
0533	涡波	11
0533	诺斯菲	67
0533	诺文	10
0533	莉帕	11
0533	艾德	16
0533	阿尔缇	9
0533	缇缇	41
0533	缇达	6
0533	弗茨亚茨	1
0533	法芙纳	6
0533	考虑到	1
0534	涡波	1
0534	拉古涅	29
0534	相川涡波	1
0535	涡波	2
0535	拉丝缇娅拉	2
0535	拉古涅	88
0535	缇娅拉	6
0535	弗茨亚茨	1
0535	相川涡波	1
0535	考虑到	1
0536	涡波	5
0536	莱纳	40
0536	斯诺	55
0536	阿雷亚斯	29
0536	弗茨亚茨	1
0536	相川涡波	3
0536	赫勒比勒夏	7
0536	沃克	19
0536	艾尔米拉德	23
0536	希达尔克	27
0536	芙兰琉莱	1
0536	元老院	1
0536	考虑到	1
0537	涡波	11
0537	诺斯菲	3
0537	诺文	22
0537	莉帕	5
0537	拉古涅	19
0537	艾德	3
0537	赛尔德拉	2
0537	阿尔缇	1
0537	缇缇	2
0537	缇娅拉	1
0537	相川涡波	8
0537	法夫纳	1
0537	芙茨亚茨	4
0537	元老院	4
0538	涡波	2
0538	诺文	24
0538	莉帕	38
0538	拉古涅	16
0538	艾德	2
0538	缇缇	2
0538	缇娅拉	1
0538	考虑到	1
0539	涡波	39
0539	斯诺	1
0539	玛利亚	1
0539	缇亚	1
0539	诺文	2
0539	拉古涅	15
0539	艾德	40
0539	赛尔德拉	40
0539	缇缇	3
0539	缇娅拉	2
0539	相川涡波	3
0539	法夫纳	38
0540	涡波	45
0540	诺斯菲	51
0540	缇亚	1
0540	诺文	1
0540	拉古涅	7
0540	艾德	3
0540	阿尔缇	1
0540	缇缇	1
0540	缇娅拉	8
0540	拉斯缇亚拉	1
0540	缇亚拉	1
0540	考虑到	1
0541	涡波	55
0541	诺斯菲	7
0541	缇亚	31
0541	拉古涅	13
0541	赛尔德拉	1
0541	缇娅拉	3
0541	拉斯缇亚拉	31
0541	相川涡波	3
0541	缇亚拉	31
0541	考虑到	1
0542	涡波	49
0542	诺文	2
0542	拉古涅	38
0542	艾德	15
0542	赛尔德拉	37
0542	缇娅拉	3
0542	相川涡波	1
0542	法夫纳	7
0542	芙茨亚茨	1
0543	涡波	12
0543	拉古涅	13
0543	艾德	7
0543	赛尔德拉	1
0543	缇娅拉	3
0543	相川涡波	3
0543	法夫纳	1
0543	芙茨亚茨	1
0544	涡波	28
0544	拉古涅	3
0544	艾德	2
0544	赛尔德拉	1
0544	缇娅拉	1
0546	涡波	32
0546	拉丝缇娅拉	2
0546	斯诺	3
0546	诺斯菲	1
0546	帕林库洛	1
0546	缇亚	1
0546	诺文	4
0546	阳滝	4
0546	莉帕	6
0546	艾德	5
0546	阿尔缇	3
0546	缇缇	2
0546	格连	1
0546	缇娅拉	14
0546	古奈尔	3
0546	缇达	1
0546	弗茨亚茨	3
0546	相川涡波	6
0546	迪普拉库拉	2
0546	勒伽西	1
0547	涡波	6
0547	拉丝缇娅拉	3
0547	莱纳	1
0547	诺斯菲	2
0547	玛利亚	4
0547	缇亚	5
0547	诺文	1
0547	阳滝	4
0547	拉古涅	3
0547	艾德	1
0547	赛尔德拉	3
0547	阿尔缇	10
0547	缇缇	1
0547	格连	3
0547	缇娅拉	8
0547	缇达	3
0547	阿雷亚斯	3
0547	弗茨亚茨	2
0547	赫勒比勒夏	1
0547	法夫纳	6
0547	罗密斯	2
0547	勒伽西	2
0547	希达尔克	1
0547	元老院	1
0547	考虑到	1
0548	涡波	43
0548	莱纳	15
0548	斯诺	7
0548	诺斯菲	1
0548	帕林库洛	15
0548	缇亚	36
0548	诺文	8
0548	阳滝	5
0548	拉古涅	16
0548	艾德	3
0548	赛尔德拉	18
0548	阿尔缇	1
0548	缇缇	5
0548	格连	19
0548	海莉	2
0548	古奈尔	25
0548	缇达	3
0548	阿雷亚斯	5
0548	赫勒比勒夏	3
0548	迪普拉库拉	4
0548	沃克	2
0548	法夫纳	10
0548	缇亚拉	30
0548	艾尔米拉德	7
0548	罗密斯	6
0548	诺伊	8
0548	雷纳尔多	1
0548	斐勒卢托	1
0548	露洁	3
0548	诺瓦露	10
0548	希达尔克	2
0548	芙兰琉莱	1
0548	元老院	1
0548	考虑到	1
0550	涡波	8
0550	斯诺	11
0550	缇亚	31
0550	莉帕	7
0550	阿尔缇	1
0550	缇达	1
0550	阿雷亚斯	1
0550	弗茨亚茨	2
0550	沃克	1
0550	缇亚拉	16
0550	斐勒卢托	1
0550	玛莉亚	2
0550	诺瓦露	3
0551	涡波	8
0551	斯诺	10
0551	缇亚	37
0551	阳滝	1
0551	莉帕	8
0551	格连	1
0551	阿雷亚斯	5
0551	弗茨亚茨	2
0551	相川涡波	1
0551	赫勒比勒夏	1
0551	迪普拉库拉	1
0551	沃克	3
0551	缇亚拉	18
0551	玛莉亚	24
0551	芙兰琉莱	2
0551	元老院	1
0552	涡波	13
0552	莱纳	56
0552	帕林库洛	23
0552	缇亚	3
0552	阳滝	1
0552	拉古涅	40
0552	阿尔缇	1
0552	缇缇	1
0552	格连	6
0552	海莉	5
0552	缇达	1
0552	相川涡波	1
0552	沃克	1
0552	缇亚拉	2
0552	艾尔米拉德	2
0552	诺伊	31
0552	诺瓦露	6
0552	希达尔克	1
0552	考虑到	1
0553	涡波	1
0553	阿尔缇	21
0553	海莉	1
0553	缇达	5
0553	罗密斯	5
0553	玛莉亚	4
0554	涡波	1
0554	阿尔缇	24
0554	玛莉亚	10
0555	涡波	1
0555	阿尔缇	17
0555	缇达	8
0555	迪普拉库拉	4
0555	罗密斯	11
0555	玛莉亚	1
0555	考虑到	1
0556	阿尔缇	9
0556	缇达	10
0556	迪普拉库拉	5
0556	罗密斯	12
0556	玛莉亚	4
0557	阿尔缇	15
0557	缇达	20
0557	迪普拉库拉	2
0557	罗密斯	4
0557	玛莉亚	1
