round,hypothesis_id,source_type,direction,mechanical,self_report_prior,self_report_post,effect_size,verdict,boundary_conditions
1,H-R1-1,DATA-DRIVEN,机制,0.0000,0.45,0.95,0.0000,SUPPORTED,"x2_clean确定性评估世界: train_U重评估无噪声(不采纳代|d|中位数0,n=784)->假采纳结构性不可能; 需评估噪声/漂移世界(E14类)复检"
1,H-R1-2,DATA-DRIVEN,参数,0.4760,0.55,0.08,-0.0185,REFUTED,"仅k∈{1,2}(96/80,无k>=3); x2_clean参数空间5维; 复合变更无平均收益优势(perm_p=0.6724)"
1,H-R1-3,DATA-DRIVEN,机制,0.5127,0.5,0.60,0.5127,SUPPORTED,40run全部总收益>0; 26代长度; 门控严格保改进(假采纳0/176); share中位数0.5127刚过阈值属弱支持
2,H-R2-1,LIT-REPLICATE,边界,0.5457,0.7,0.10,0.4611,REFUTED,二次平坦景观(1-d2)+1候选/代+step0.35+margin0.05; 单调性成立(0.085/0.433/0.546)但低噪端sigma=0.02假采纳率8.5%>=5%阈值——预注册阈值是先验错误猜测; E5/E14微观参数化复现成功(机制方向)
2,H-R2-2,LIT-REPLICATE,边界,1.0000,0.6,0.55,0.0358,INCONCLUSIVE,sigma=0.08中噪; 内点优势微弱(+0.036)两两4/4全胜但未达0.02支配阈; margin=0.30采纳饥饿(125事件)终值最低0.7053; 假采纳率0.61~0.03区间终值仅波动0.06——平坦景观吸收假采纳代价
3,H-R3-1,LIT-REPLICATE,机制,0.3782,0.75,0.92,0.3782,SUPPORTED,目标间距>=1.2二次景观; sigma=0.03低噪margin0.05step0.35G30切换@15; K=1; E16在最小引擎强复现
3,H-R3-2,LIT-REPLICATE,机制,0.6100,0.65,0.25,0.3428,INCONCLUSIVE,K=5非支配淘汰; 缓解量大(+0.343配对61%)但联合判据因B增益差0.0156未过不牺牲条款->OBL-001判据v1下测得
3,H-R3-3,LIT-REPLICATE,机制,0.5400,0.6,0.30,-0.0656,INCONCLUSIVE,"塑性代价-0.0656落在[-0.10,-0.03)不确定带; pareto臂B学习被档案分摊拖慢; E18引申的代价方向部分成立"
4,H-R4-1,DATA-DRIVEN,证伪,0.6492,0.45,0.90,0.4059,SUPPORTED,窄高斯峰r0.15+超平坦远场; sigma0.08/margin0.05; 双峰:30%run收敛>0.8与70%荒漠(median=0); 吸收论仅在平坦顶部世界成立——景观尖锐度是假采纳代价调节变量
4,H-R4-2,DATA-DRIVEN,证伪,0.5000,0.5,0.15,0.4059,INCONCLUSIVE,假采纳率0.7628>平坦0.5243(差0.2385超0.10带宽):塌缩是概率+代价双因素非纯代价; 门控不对称只保护峰顶不保护梯度趋零的荒漠——拟题期反机制推理被部分修正
5,H-R5-1,DATA-DRIVEN,跨库,0.9268,0.65,0.90,0.4268,SUPPORTED,41合格run跨4族(x2_clean40/x1_static8/豆包5/混元1); x3族出局(round多为0/None); Pearson r仅0.3605——符号强一致但幅度预测弱
5,H-R5-2,DATA-DRIVEN,跨库,0.8750,0.6,0.90,0.3750,SUPPORTED,40 run(>=8点)几乎全为x2_clean; 跨源外推弱(豆包/混元序列点不足); 平台化是x2_clean设计内终态族外证据薄
6,H-R6-1,REVIEW-DRIVEN,机制,0.1681,0.6,0.35,0.1681,INCONCLUSIVE,"5峰h[0.5,1]r[0.15,0.35]间距0.5; trap中位0.8319落在[0.80,0.95)不确定带; 91/100run找到首峰; 中等陷阱未达判定阈(阈值敏感OBL-003)"
6,H-R6-2,REVIEW-DRIVEN,机制,0.6700,0.7,0.5,0.1700,INCONCLUSIVE,"stay0.67差2pp未达0.70; mean_switches0.99存在约一次峰迁移; spearman(h_first,final)=0.5419首峰高度中等决定终值; 首峰锁定半真"
7,H-R7-1,DATA-DRIVEN,证伪,NA,0.55,0.15,NA,INCONCLUSIVE,41合格run全部|gain|>=0.1(小增益层n=0)——天花板效应在现有档案内不可检验; 演化世界总增益普遍>=0.1本身是结构事实
7,H-R7-2,DATA-DRIVEN,证伪,NA,0.45,0.15,NA,INCONCLUSIVE,其他源(豆包/混元)>=8点run=0; 平台化证据40/40全来自x2_clean+1个x1_static(静态构造性)——R5-H2跨族性实质不成立为单族结论
8,H-R8-1,LIT-REPLICATE,机制,0.7009,0.75,0.90,0.2252,SUPPORTED,平坦二次世界sigma0.08/m0.05双独立评估门; rate0.2991贴0.30阈(理论预测约0.27); 采纳量331vs单阶段639两阶段天然减半采纳机会; E13/E7复现成立
8,H-R8-2,LIT-REPLICATE,机制,0.7984,0.55,0.85,0.0417,SUPPORTED,终值0.7984非劣且优于单阶段+0.0417与margin0.15+0.0336; 两阶段双轴占优——头对头扩展(档案无此比较)
9,H-R9-1,DATA-DRIVEN,边界,0.6628,0.55,0.90,-0.0136,SUPPORTED,尖峰r0.15两阶段终值0.3372<0.40(且略低于单阶段0.3508); 收敛30%->20%——压假采纳=压荒漠游走=压发现; R8两阶段优势不跨景观
9,H-R9-2,DATA-DRIVEN,边界,0.4601,0.7,0.90,0.2229,SUPPORTED,rate0.7628->0.5399门控机制跨景观保真; 荒漠假采纳意外具备探索功能(缺陷即功能的边界证据)
10,H-R10-1,NARRATIVE-DRIVEN,机制,NA,0.65,0.10,NA,INCONCLUSIVE,尖峰世界峰顶n=20缓坡n=24<30守卫; 观察排序缓坡0.083<峰顶0.20<荒漠0.801——与预注册单调序不符(谷形)
10,H-R10-2,NARRATIVE-DRIVEN,机制,0.5333,0.65,0.05,0.5333,REFUTED,平坦世界n充足(峰293/坡65/漠281): 缓坡0.015<<峰顶0.321<荒漠0.854——U形非单调; 真定律=局部梯度vs噪声信噪比; 峰顶=平坦顶部=局部无信号; 叙事峰顶门控完美仅对窄高斯峰成立
11,H-R11-1,REVIEW-DRIVEN,机制,0.7346,0.7,0.90,0.7346,SUPPORTED,平坦世界n=267/85/287; 低0.8914>中0.6118>高0.1568严格单调(gaps0.28/0.46); 梯度律统一U形——低梯度=峰顶∪荒漠两处
11,H-R11-2,REVIEW-DRIVEN,机制,NA,0.6,0.65,NA,INCONCLUSIVE,尖峰mid带n=18<30守卫; 观察方向一致0.83>0.50>0.17; 窄峰可驻留区小致mid事件稀少
12,H-R12-1,DATA-DRIVEN,证伪,0.6882,0.35,0.05,0.6882,REFUTED,"A套(0.05/0.30)0.895>0.794>0.207; B套(0.15/0.70)0.894>0.418>0.116两套严格单调各带n>=30; 红队失败=定律对带边界鲁棒; 注:prereg的mechanical对齐注释与公式语义反了(gap大=定律强=红队败),公式为准"
12,H-R12-2,DATA-DRIVEN,跨库,0.6876,0.7,0.90,0.6876,SUPPORTED,池化两世界0.848>0.592>0.160 n=939/103/356全带充足; 跨世界梯度单调律成立(mid带池化跨过守卫)
