kind,from,relation_or_universes,anchor,quote_or_note
A-同号跨宇宙,E1,SIM|VERIF,,节点归属:SIM|VERIF
A-同号跨宇宙,E2,SIM|VERIF,,节点归属:SIM|VERIF
A-同号跨宇宙,E3,SIM|VERIF,,节点归属:SIM|VERIF
A-同号跨宇宙,E32,DB|SIM,,节点归属:DB|SIM
A-同号跨宇宙,E33,DB|SIM,,节点归属:DB|SIM
A-同号跨宇宙,E34,DB|SIM,,节点归属:DB|SIM
A-同号跨宇宙,E36,DB|SIM,,节点归属:DB|SIM
A-同号跨宇宙,E39,DB|SIM,,节点归属:DB|SIM
A-同号跨宇宙,E1(提及@DS),DS|SIM|VERIF,,节点归属:DS|SIM|VERIF
A-同号跨宇宙,E1(提及@DB),DB|SIM|VERIF,,节点归属:DB|SIM|VERIF
A-同号跨宇宙,E1(提及@REAL),REAL|SIM|VERIF,,节点归属:REAL|SIM|VERIF
A-同号跨宇宙,E1(提及@PART2),PART2|SIM|VERIF,,节点归属:PART2|SIM|VERIF
A-同号跨宇宙,E1(提及@META),META|SIM|VERIF,,节点归属:META|SIM|VERIF
A-同号跨宇宙,E1(提及@DEPLOY),DEPLOY|SIM|VERIF,,节点归属:DEPLOY|SIM|VERIF
A-同号跨宇宙,E1(提及@KB),KB|SIM|VERIF,,节点归属:KB|SIM|VERIF
A-同号跨宇宙,E2(提及@DB),DB|SIM|VERIF,,节点归属:DB|SIM|VERIF
A-同号跨宇宙,E2(提及@REAL),REAL|SIM|VERIF,,节点归属:REAL|SIM|VERIF
A-同号跨宇宙,E2(提及@DEPLOY),DEPLOY|SIM|VERIF,,节点归属:DEPLOY|SIM|VERIF
A-同号跨宇宙,E2(提及@KB),KB|SIM|VERIF,,节点归属:KB|SIM|VERIF
A-同号跨宇宙,E3(提及@REAL),REAL|SIM|VERIF,,节点归属:REAL|SIM|VERIF
A-同号跨宇宙,E3(提及@PART2),PART2|SIM|VERIF,,节点归属:PART2|SIM|VERIF
A-同号跨宇宙,E3(提及@DB),DB|SIM|VERIF,,节点归属:DB|SIM|VERIF
A-同号跨宇宙,E3(提及@DEPLOY),DEPLOY|SIM|VERIF,,节点归属:DEPLOY|SIM|VERIF
A-同号跨宇宙,E3(提及@KB),KB|SIM|VERIF,,节点归属:KB|SIM|VERIF
A-同号跨宇宙,E5(提及@GLM),GLM|SIM,,节点归属:GLM|SIM
A-同号跨宇宙,E5(提及@SYN),SIM|SYN,,节点归属:SIM|SYN
A-同号跨宇宙,E5(提及@PART2),PART2|SIM,,节点归属:PART2|SIM
A-同号跨宇宙,E5(提及@DB),DB|SIM,,节点归属:DB|SIM
A-同号跨宇宙,E6(提及@DS),DS|SIM,,节点归属:DS|SIM
A-同号跨宇宙,E7(提及@DS),DS|SIM,,节点归属:DS|SIM
A-同号跨宇宙,E7(提及@CB),CB|SIM,,节点归属:CB|SIM
A-同号跨宇宙,E7(提及@VERIF),SIM|VERIF,,节点归属:SIM|VERIF
A-同号跨宇宙,E7(提及@REAL),REAL|SIM,,节点归属:REAL|SIM
A-同号跨宇宙,E7(提及@PART2),PART2|SIM,,节点归属:PART2|SIM
A-同号跨宇宙,E7(提及@META),META|SIM,,节点归属:META|SIM
A-同号跨宇宙,E8(提及@DS),DS|SIM,,节点归属:DS|SIM
A-同号跨宇宙,E8(提及@VERIF),SIM|VERIF,,节点归属:SIM|VERIF
A-同号跨宇宙,E8(提及@DEPLOY),DEPLOY|SIM,,节点归属:DEPLOY|SIM
A-同号跨宇宙,E10(提及@DB),DB|SIM,,节点归属:DB|SIM
A-同号跨宇宙,E11(提及@DB),DB|SIM,,节点归属:DB|SIM
A-同号跨宇宙,E11(提及@PART2),PART2|SIM,,节点归属:PART2|SIM
A-同号跨宇宙,E12(提及@DB),DB|SIM,,节点归属:DB|SIM
A-同号跨宇宙,E12(提及@PART2),PART2|SIM,,节点归属:PART2|SIM
A-同号跨宇宙,E13(提及@PART2),PART2|SIM,,节点归属:PART2|SIM
A-同号跨宇宙,E14(提及@DB),DB|SIM,,节点归属:DB|SIM
A-同号跨宇宙,E14(提及@R2),R2|SIM,,节点归属:R2|SIM
A-同号跨宇宙,E14(提及@PLAN),PLAN|SIM,,节点归属:PLAN|SIM
A-同号跨宇宙,E14(提及@REAL),REAL|SIM,,节点归属:REAL|SIM
A-同号跨宇宙,E14(提及@KB),KB|SIM,,节点归属:KB|SIM
A-同号跨宇宙,E14(提及@PART2),PART2|SIM,,节点归属:PART2|SIM
A-同号跨宇宙,E14(提及@META),META|SIM,,节点归属:META|SIM
A-同号跨宇宙,E14(提及@DS),DS|SIM,,节点归属:DS|SIM
A-同号跨宇宙,E15(提及@DB),DB|SIM,,节点归属:DB|SIM
A-同号跨宇宙,E15(提及@PART2),PART2|SIM,,节点归属:PART2|SIM
A-同号跨宇宙,E16(提及@DS),DS|SIM,,节点归属:DS|SIM
A-同号跨宇宙,E16(提及@DB),DB|SIM,,节点归属:DB|SIM
A-同号跨宇宙,E16(提及@REAL),REAL|SIM,,节点归属:REAL|SIM
A-同号跨宇宙,E16(提及@PART2),PART2|SIM,,节点归属:PART2|SIM
A-同号跨宇宙,E17(提及@VERIF),SIM|VERIF,,节点归属:SIM|VERIF
A-同号跨宇宙,E17(提及@DEPLOY),DEPLOY|SIM,,节点归属:DEPLOY|SIM
A-同号跨宇宙,E18(提及@PART2),PART2|SIM,,节点归属:PART2|SIM
A-同号跨宇宙,E19(提及@PART2),PART2|SIM,,节点归属:PART2|SIM
A-同号跨宇宙,E22(提及@PART2),PART2|SIM,,节点归属:PART2|SIM
A-同号跨宇宙,E22(提及@DS),DS|SIM,,节点归属:DS|SIM
A-同号跨宇宙,E23(提及@CB),CB|SIM,,节点归属:CB|SIM
A-同号跨宇宙,E24(提及@PART2),PART2|SIM,,节点归属:PART2|SIM
A-同号跨宇宙,E25(提及@DS),DS|SIM,,节点归属:DS|SIM
A-同号跨宇宙,E25(提及@PART2),PART2|SIM,,节点归属:PART2|SIM
A-同号跨宇宙,E26(提及@CB),CB|SIM,,节点归属:CB|SIM
A-同号跨宇宙,E26(提及@R2),R2|SIM,,节点归属:R2|SIM
A-同号跨宇宙,E26(提及@PART2),PART2|SIM,,节点归属:PART2|SIM
A-同号跨宇宙,E27(提及@CB),CB|SIM,,节点归属:CB|SIM
A-同号跨宇宙,E28(提及@DS),DS|SIM,,节点归属:DS|SIM
A-同号跨宇宙,E29(提及@PART2),PART2|SIM,,节点归属:PART2|SIM
A-同号跨宇宙,E30(提及@PART2),PART2|SIM,,节点归属:PART2|SIM
A-同号跨宇宙,E31(提及@DB),DB|SIM,,节点归属:DB|SIM
A-同号跨宇宙,E32(提及@DS),DB|DS|SIM,,节点归属:DB|DS|SIM
A-同号跨宇宙,E32(提及@REAL),DB|REAL|SIM,,节点归属:DB|REAL|SIM
A-同号跨宇宙,E32(提及@META),DB|META|SIM,,节点归属:DB|META|SIM
A-同号跨宇宙,E34(提及@DS),DB|DS|SIM,,节点归属:DB|DS|SIM
A-同号跨宇宙,E34(提及@REAL),DB|REAL|SIM,,节点归属:DB|REAL|SIM
A-同号跨宇宙,E34(提及@PART2),DB|PART2|SIM,,节点归属:DB|PART2|SIM
A-同号跨宇宙,E38(提及@DS),DS|SIM,,节点归属:DS|SIM
A-同号跨宇宙,E39(提及@DS),DB|DS|SIM,,节点归属:DB|DS|SIM
A-同号跨宇宙,E41(提及@DS),DS|SIM,,节点归属:DS|SIM
A-同号跨宇宙,E41(提及@CB),CB|SIM,,节点归属:CB|SIM
A-同号跨宇宙,E41(提及@R2),R2|SIM,,节点归属:R2|SIM
A-同号跨宇宙,E41(提及@REAL),REAL|SIM,,节点归属:REAL|SIM
A-同号跨宇宙,E41(提及@PART2),PART2|SIM,,节点归属:PART2|SIM
A-同号跨宇宙,E42(提及@R2),R2|SIM,,节点归属:R2|SIM
A-同号跨宇宙,E42(提及@PART2),PART2|SIM,,节点归属:PART2|SIM
A-同号跨宇宙,E43(提及@DB),DB|SIM,,节点归属:DB|SIM
A-同号跨宇宙,E44(提及@KB),KB|SIM,,节点归属:KB|SIM
A-同号跨宇宙,E46(提及@DS),DS|SIM,,节点归属:DS|SIM
A-同号跨宇宙,E49(提及@PART2),PART2|SIM,,节点归属:PART2|SIM
A-同号跨宇宙,E52(提及@CB),CB|SIM,,节点归属:CB|SIM
A-同号跨宇宙,E53(提及@DS),DS|SIM,,节点归属:DS|SIM
A-同号跨宇宙,E54(提及@DS),DS|SIM,,节点归属:DS|SIM
A-同号跨宇宙,E54(提及@PART2),PART2|SIM,,节点归属:PART2|SIM
A-同号跨宇宙,E57(提及@DS),DS|SIM,,节点归属:DS|SIM
A-同号跨宇宙,E57(提及@REAL),REAL|SIM,,节点归属:REAL|SIM
A-同号跨宇宙,E57(提及@CB),CB|SIM,,节点归属:CB|SIM
A-同号跨宇宙,E57(提及@META),META|SIM,,节点归属:META|SIM
A-同号跨宇宙,E63(提及@REAL),REAL|SIM,,节点归属:REAL|SIM
A-同号跨宇宙,E64(提及@DS),DS|SIM,,节点归属:DS|SIM
A-同号跨宇宙,E64(提及@CB),CB|SIM,,节点归属:CB|SIM
A-同号跨宇宙,E64(提及@DEPLOY),DEPLOY|SIM,,节点归属:DEPLOY|SIM
A-同号跨宇宙,E69(提及@R2),R2|SIM,,节点归属:R2|SIM
A-同号跨宇宙,E69(提及@DS),DS|SIM,,节点归属:DS|SIM
A-同号跨宇宙,E72(提及@REAL),REAL|SIM,,节点归属:REAL|SIM
A-同号跨宇宙,E73(提及@DS),DS|SIM,,节点归属:DS|SIM
A-同号跨宇宙,E76(提及@REAL),REAL|SIM,,节点归属:REAL|SIM
A-同号跨宇宙,E77(提及@REAL),REAL|SIM,,节点归属:REAL|SIM
A-同号跨宇宙,E77(提及@PART2),PART2|SIM,,节点归属:PART2|SIM
A-同号跨宇宙,E78(提及@DS),DS|SIM,,节点归属:DS|SIM
A-同号跨宇宙,E80(提及@REAL),REAL|SIM,,节点归属:REAL|SIM
A-同号跨宇宙,E80(提及@DS),DS|SIM,,节点归属:DS|SIM
A-同号跨宇宙,E80(提及@R2),R2|SIM,,节点归属:R2|SIM
A-同号跨宇宙,E80(提及@PLAN),PLAN|SIM,,节点归属:PLAN|SIM
A-同号跨宇宙,E80(提及@PART2),PART2|SIM,,节点归属:PART2|SIM
A-同号跨宇宙,E80(提及@META),META|SIM,,节点归属:META|SIM
A-同号跨宇宙,E81(提及@DS),DS|SIM,,节点归属:DS|SIM
A-同号跨宇宙,E81(提及@SYN),SIM|SYN,,节点归属:SIM|SYN
A-同号跨宇宙,E81(提及@R2A),R2A|SIM,,节点归属:R2A|SIM
A-同号跨宇宙,E81(提及@KB),KB|SIM,,节点归属:KB|SIM
A-同号跨宇宙,E83(提及@REVIEW),REVIEW|SIM,,节点归属:REVIEW|SIM
A-同号跨宇宙,E84(提及@REAL),REAL|SIM,,节点归属:REAL|SIM
A-同号跨宇宙,E85(提及@REAL),REAL|SIM,,节点归属:REAL|SIM
A-同号跨宇宙,E85(提及@KB),KB|SIM,,节点归属:KB|SIM
A-同号跨宇宙,E87(提及@REAL),REAL|SIM,,节点归属:REAL|SIM
A-同号跨宇宙,E87(提及@KB),KB|SIM,,节点归属:KB|SIM
A-同号跨宇宙,E93(提及@REAL),REAL|SIM,,节点归属:REAL|SIM
A-同号跨宇宙,E93(提及@KB),KB|SIM,,节点归属:KB|SIM
A-同号跨宇宙,E100(提及@KB),KB|SIM,,节点归属:KB|SIM
A-同号跨宇宙,E113(提及@PART2),PART2|SIM,,节点归属:PART2|SIM
A-同号跨宇宙,E115(提及@REAL),REAL|SIM,,节点归属:REAL|SIM
A-同号跨宇宙,E115(提及@KB),KB|SIM,,节点归属:KB|SIM
A-同号跨宇宙,E121(提及@R2),R2|SIM,,节点归属:R2|SIM
A-同号跨宇宙,E121(提及@R2A),R2A|SIM,,节点归属:R2A|SIM
A-同号跨宇宙,E121(提及@PLAN),PLAN|SIM,,节点归属:PLAN|SIM
A-同号跨宇宙,E122(提及@R2),R2|SIM,,节点归属:R2|SIM
A-同号跨宇宙,E122(提及@PLAN),PLAN|SIM,,节点归属:PLAN|SIM
A-同号跨宇宙,E122(提及@KB),KB|SIM,,节点归属:KB|SIM
A-同号跨宇宙,E123(提及@R2),R2|SIM,,节点归属:R2|SIM
A-同号跨宇宙,E123(提及@R2A),R2A|SIM,,节点归属:R2A|SIM
A-同号跨宇宙,E123(提及@PLAN),PLAN|SIM,,节点归属:PLAN|SIM
A-同号跨宇宙,E123(提及@REAL),REAL|SIM,,节点归属:REAL|SIM
A-同号跨宇宙,E124(提及@PLAN),PLAN|SIM,,节点归属:PLAN|SIM
A-同号跨宇宙,E127(提及@KB),KB|SIM,,节点归属:KB|SIM
A-同号跨宇宙,E131(提及@KB),KB|SIM,,节点归属:KB|SIM
B-关系动词,SIM-REPORT,refutes,猴子记忆库推演/自演化推演_实验总报告17轮后.md:3,> **范围**：从代码审查到十七轮自演化推演的全部实测结果（**80 个实验** + 3 个架构原型 + **19 次实验设计失败记录** + **15 次自
B-关系动词,SIM-REPORT,refutes,猴子记忆库推演/自演化推演_实验总报告17轮后.md:15,| **架构层** | 公理 D（双平面）物理上不成立——审计链不含 payload，系统是四条平行真相。截断攻击完全检不出 |
B-关系动词,SIM-E40,supersedes,猴子记忆库推演/自演化推演_实验总报告17轮后.md:20,| **底线（E40）** | 有漂移时 v3 退化到 **−0.1124（不如不演化）**，修正后架构保持 **+0.1492**。差 0.26 |
B-关系动词,SIM-E28,refutes,猴子记忆库推演/自演化推演_实验总报告17轮后.md:202,| **28** | **层次化归并** | **远差于平铺（0.12 vs 0.90）；推翻 E23 建议** | **否定性** |
B-关系动词,SIM-E31,replicates,猴子记忆库推演/自演化推演_实验总报告17轮后.md:205,| 31 | 留出集轮换 | 未复现 E8 膨胀；结论不成立 | 否定性 |
B-关系动词,SIM-E14,supersedes,猴子记忆库推演/自演化推演_实验总报告17轮后.md:459,> ⚠️ **数据修正**：本表为第五轮修复特征缓存 bug 后的复核值。原报告（α=0.20 真实 0.6906 / 起点 0.7844）受 `id()` 复
B-关系动词,SIM-E24,supersedes,猴子记忆库推演/自演化推演_实验总报告17轮后.md:630,"13. **任何影响""是否被采纳""的参数必须冻结，或只能朝更严格方向演化**（E24 修正 E10）"
B-关系动词,SIM-REPORT,motivated_by,猴子记忆库推演/自演化推演_实验总报告17轮后.md:764,"> 有效的方案全是""测量/利用已有可观测量""，无效的 11 条全是""发明新启发式""。"
B-关系动词,DS-R1-1,replicates,大审查/deepseek/结果_R1-1_reward切换与灾难性遗忘.md:22,"Pareto 历史档案防遗忘判别成立（6/6）**：pareto 当前输出同样追 B(uA_mainline=0)，但其""保有什么""=1.0——档案保留被当前目"
B-关系动词,DS-R1-1,contradicts,大审查/deepseek/结果_R1-1_reward切换与灾难性遗忘.md:23,"H3 状态更新**：从""场景未达判别条件""升级为**判别条件成立且 Pareto 收益实证**（reward-form 切换是关键：单参数权重的域内切换不构成冲"
B-关系动词,DS-R1-3,replicates,大审查/deepseek/结果_R1-3_v3缺陷回归.md:11,截断攻击的链/根级信号缺失复现**（剩余各行自洽；仅剩 memory/audit 计数差这类表面信号，同步删 ledger 行即消失
B-关系动词,DS-R1-3,supersedes,大审查/deepseek/结果_R1-3_v3缺陷回归.md:16,"建议在 state 增加 chain_tip（长度锚定）或在 doctor 增加""审计行数 ≥ 条目数""的派生断言（总报告修正方向），并把引擎的""审计证据""（真"
B-关系动词,DS-R1-3,replicates,大审查/deepseek/结果_R1-3_v3缺陷回归.md:17,两条已复现的 P0 可作为回归测试常驻（out_r1_3/results_r1_3.json），防止未来引擎改造在不知不觉中引入同类缺陷
B-关系动词,DS-P2,contradicts,大审查/deepseek/结果_探针2_行层算子与dup_drift.md:35,行层重组(append-only 语义下: 副本 retire 留痕入 attic)与记忆一致性(H6)不冲突
B-关系动词,DS-P2,motivated_by,大审查/deepseek/结果_探针2_行层算子与dup_drift.md:43,"与报告 E6(无结构则结构演化无收益)/E28(盲目归并有害)自洽; 与 E32/E73 家族一致: 有效方案=利用已有可观测量(links+重复度), 而非发"
B-关系动词,DS-P3,replicates,大审查/deepseek/结果_探针3_judge通道污染.md:22,"E81 复现**：锚定集/锚定审计若来自同一个被表象污染的 judge（""judge 自洽性""检查），**0 次触发"
B-关系动词,DS-P3,replicates,大审查/deepseek/结果_探针3_judge通道污染.md:23,E81c 复现**：周期性真值抽样(独立 rv 通道)在漂移后**≤3 代内检出并回退
B-关系动词,DS-V2,refutes,大审查/deepseek/结果报告_V2_第一轮运行.md:58,H3 未能在本构造中证伪/证实（诚实 null）**：三臂终局同分——本世界的唯一强改进（filter_zero）对 A/B 两阶段**目标无关**，单一最优主
B-关系动词,DS-R1-3,replicates,大审查/deepseek/结果_批次R1_超详尽大报告.md:19,v3 两 P0 复现：并发 append accum=55/60（丢更新）；审计截断后链连续+根自洽（密码学静默）——完整性断言不能只靠链/根，建议 chain
B-关系动词,DS-R1-1,contradicts,大审查/deepseek/结果_批次R1_超详尽大报告.md:27,"单参数顺序保持权重空间的""域内切换""不构成冲突 → 需要**奖励形式切换"
B-关系动词,DS-R1-1,supersedes,大审查/deepseek/结果_批次R1_超详尽大报告.md:42,判别条件=奖励形式切换（非权重域内换目标）+ 基因双向激活 + 档案保留历史。设计文档 F3 相应改判：**PASS（条件满足时）
B-关系动词,DS-R1-1,supersedes,大审查/deepseek/结果_批次R1_超详尽大报告.md:46,中途两版失败：域 age 0-365 阶跃死区（A 不可达）；w_age 置零后乘性无法再激活（B 不可达）→ 修正：age/imp 取可达范围 + 置零逃逸突
B-关系动词,DS-R1-2,replicates,大审查/deepseek/结果_批次R1_超详尽大报告.md:66,"同源门控退化**：晋升门金标=judge 时 bare==gatedJ-noAudit（门没有独立信息 → 退化为无门）——E81""同源评审失效""在复合场景的复"
B-关系动词,DS-R1-2,supersedes,大审查/deepseek/结果_批次R1_超详尽大报告.md:71,"gatedJ-noAudit 误以 audit_by='none' 走了 rv 分支（==truth）→ 修正 audit_by 白名单 ('imp','rv'"
B-关系动词,DS-R1-3,replicates,大审查/deepseek/结果_批次R1_超详尽大报告.md:79,12 进程并发 append(imp=5) | accum=60 | **55**（丢 1 个更新，mem 12 全在） | P0-4 复现
B-关系动词,DS-R1-3,replicates,大审查/deepseek/结果_批次R1_超详尽大报告.md:107,并发丢更新 + 截断密码学静默复现 | 引擎不要把 v3 当完美基座：单写者/事件溯源 + chain_tip 长度锚定 + doctor 派生断言；真值审计与
B-关系动词,DS-R1-1,replicates,大审查/deepseek/结果_批次R1_超详尽大报告.md:108,"置零逃逸需求（乘性死区又一次独立复现） | 变异算子族需支持""基因关闭后可再激活""（重置到合理区间），否则优化面单向不可逆"
B-关系动词,DS-REPORT,supersedes,大审查/deepseek/结果_批次R1_超详尽大报告.md:114,新增 A9：档案=历史主线集合 + 双能力轴 Pareto（EV-11 修正）**；**A10：chain_tip 长度锚定 + 单写者**；**A11：审计预
B-关系动词,DS-R1,replicates,大审查/deepseek/结果_批次R1_超详尽大报告.md:138,Pareto 档案何时真正值钱**（奖励形式切换时，R1-1 实证保留旧方向）、**同源评审为何必须换成独立真值**（同源门退化+锚定空转，R1-2）、**引擎
B-关系动词,DS-DESIGN,supersedes,大审查/deepseek/实验设计_记忆库自演化引擎V2.md:3,让真实的 bootstrap_v3.py（v3.8.1）记忆库代码路径承载「存储 / 更新 / 遗忘 / 重组」全部底层操作，在其外驱动一个自演化引擎（固定混合
B-关系动词,DS-H6,contradicts,大审查/deepseek/实验设计_记忆库自演化引擎V2.md:69,一致性不变量全程成立：写路径走真实 b3 代码 → 哈希链连续、五态对账零错位、无覆盖、attic 无删除、铁律零违例 | 全部（gated 与 static 
B-关系动词,DS-H9,supersedes,大审查/deepseek/实验设计_记忆库自演化引擎V2.md:73,≥3 种危险同现时，修正架构也不可靠（净效用可转负）——如实记录为已知边界 | composite(stale+spur+switch) | 记录 ΔU_tru
B-关系动词,DS-DESIGN,replicates,大审查/deepseek/实验设计_记忆库自演化引擎V2.md:331,F8 可复现：固定 seed + manifest 在第二台机器跑出 headline 数字差 ≤ ±0.005
B-关系动词,DS-DESIGN,refutes,大审查/deepseek/实验设计_记忆库自演化引擎V2.md:333,如果 F1/F5/F8 通过而 F2 不通过，说明门控冗余 → 架构应简化；如果 F4 不通过而 F1 通过，说明场景没造出「judge 只看表象」的压力 → 
B-关系动词,DS-V2,supersedes,大审查/deepseek/结果_综合实验报告_第一轮与探针.md:15,5/5 场景、≥83% 种子、真值集净增益 +0.13~+0.46（recall 单位）——修正架构稳定优于静态库
B-关系动词,DS-P1,contradicts,大审查/deepseek/结果_综合实验报告_第一轮与探针.md:118,"顺序保持的全局权重空间（同主题内所有权重是乘性、不改变序）无法表达""改进 A 同时伤害 B""的参数冲突；真正会触发遗忘的是 **judge 通道不随域更新"
B-关系动词,DS-P6,replicates,大审查/deepseek/结果_结项总报告_完整版.md:22,"3 危险同现下演化仍显著优于静态但绝对水平低；E80 级护栏负交互未复现（需更强构造），""引擎额外伤害≈0"
B-关系动词,DS-V2,forked_from,大审查/deepseek/结果_结项总报告_完整版.md:94,H2 部分支持（gap 2.2×，判据 ≥2×）：bare 靠多采纳 2.2 次把 w_age 降到 0.074 顶旧 spur 进 top-5 → 自报大涨、
B-关系动词,DS-P1,contradicts,大审查/deepseek/结果_结项总报告_完整版.md:121,"机制发现 M2**：单参数、顺序保持的权重空间无法表达""改进 A 伤害 B""的参数冲突；要触发遗忘需 judge 通道不随域更新（旧时代高名义=新时代噪声）+ "
B-关系动词,DS-P3,replicates,大审查/deepseek/结果_结项总报告_完整版.md:157,E81 复现：锚定审计来自被污染的同源 judge（自洽性检查）→ **0 次触发**，自报 0.67→0.77、真值在变差
B-关系动词,DS-P3,replicates,大审查/deepseek/结果_结项总报告_完整版.md:158,E81c 复现：周期性真值抽样 **≤3 代检出并回退**（5/8 种子触发
B-关系动词,DS-P6,replicates,大审查/deepseek/结果_结项总报告_完整版.md:209,"E80 的护栏负交互（v4<v3）未复现**（归因：单一主导改进采纳机会少 + 晋升门 hold=真值较 v4 保守 + 审计 0 触发；负交互更可能需""污染晋"
B-关系动词,DS-V2,replicates,大审查/deepseek/结果_结项总报告_完整版.md:232,H2 的 2.2× 分离是 30 代窗口现象**）；真值几乎相等（0.449 vs 0.444）。稳定可复现的自报-真值分歧机制 = E81 展示通道（实验 6
B-关系动词,DS-V2,forked_from,大审查/deepseek/结果_结项总报告_完整版.md:240,部分支持（窗口化）** | spur30：bare gap +0.354 vs gated +0.160（2.2×）；40 代收敛 → 稳定机制见 E81
B-关系动词,DS-P6,replicates,大审查/deepseek/结果_结项总报告_完整版.md:248,边界记录** | 3 危险下演化仍 +0.19~+0.21；E80 负交互未复现；引擎额外伤害≈0
B-关系动词,DS-REPORT,replicates,大审查/deepseek/结果_结项总报告_完整版.md:332,复合危险（≥3）下增益有限、无额外伤害、E80 级负交互未复现（需更强构造）；最深的机制约束与总报告一致——**系统无法用与自己同源的标尺证明自己**（E81 
B-关系动词,DS-REPORT,supersedes,大审查/deepseek/对外完整版总报告_v3.0.0.md:14,修正架构（两级门控 + Pareto 历史档案 + 停摆监控 + 真值抽样审计 + 实测 importance + 行层重组）在 12×40 全协议下相对静态库
B-关系动词,DS-REPORT,contradicts,大审查/deepseek/对外完整版总报告_v3.0.0.md:19,"孤立的单通道必然被同源污染；""不一致""是系统唯一可靠的自指信号"
B-关系动词,DS-R1-3,replicates,大审查/deepseek/对外完整版总报告_v3.0.0.md:62,并发 accum 55/60；截断链/根静默 | 两 P0 复现；建议 chain_tip+单写者
B-关系动词,DS-REPORT,supersedes,大审查/deepseek/对外完整版总报告_v3.0.0.md:102,除 F3(H3)外全 PASS；F3 改判：判别条件成立时 PASS
B-关系动词,DS-REPORT,replicates,大审查/deepseek/对外完整版总报告_v3.0.0.md:123,E80 负交互未复现（需更强复合+污染晋升门+采纳密集，已留证
B-关系动词,DS-REPORT,motivated_by,大审查/deepseek/对外完整版总报告_v3.0.0.md:126,无法同源自证（E81）→ 独立真值抽样+异质标注；无法自知失败（E78）→ 双通道 gap/τ 统计；自主性有注意力门槛（E64/H8）→ 预算账本，不足即关
B-关系动词,DS-R1-1,replicates,大审查/deepseek/DeepSeek交接验收报告-衔尾蛇线验收.md:14,6/6 种子：single bestA=0.000 vs **Pareto bestA=1.000**——灾难性遗忘结论复现
B-关系动词,DS-REPORT,contradicts,大审查/deepseek/DeepSeek交接验收报告-衔尾蛇线验收.md:15,我方隔离复跑核心链路（五态→retire→检索排除→投毒防线→OK）与其留档注记一致；**他们独立记录的「eval 后根不一致 S7」与衔尾蛇线发现的健康信号过
B-关系动词,DS-REPORT,replicates,大审查/deepseek/DeepSeek交接验收报告-衔尾蛇线验收.md:23,独立收敛的结论**（三线互证）：灾难性遗忘 Pareto 防护（R1-1 复现 ✓）、eval 后根不一致 S7（双线同病）、真引擎桥接模式
B-关系动词,DS-REPORT,replicates,大审查/deepseek/DeepSeek交接验收报告-衔尾蛇线验收.md:29,out_* 数据目录不在包内（README 声明固定 seed 可复现）——parity 100/100 与 R1-1 复跑已部分实证该声明
B-关系动词,DS-DESIGN,refutes,大审查/deepseek/实验设计_记忆库自演化引擎V2.md:97,无自适应步长——E54 已证伪 1/5 规则）。
B-关系动词,SIM-E81c,supersedes,大审查/混元/bootstrap_A轮_实验世界升级.md:71,"注意力预算的主要支出不是""标注偏好""，而是""验收结果""**。这修正了 EV-03/EV-04 的设计重心"
B-关系动词,SIM-E86,contradicts,大审查/混元/bootstrap_自演化推演_第十八轮.md:80,结果与预期相反**：维度 4 时展示权重飙到 **6.605**、真值转负（−0.025）；维度 64 时展示权重只有 **0.416**，真值为正
B-关系动词,SIM-R19,refutes,大审查/混元/bootstrap_自演化推演_第十九轮.md:6,1 个自我推翻（E86 结论反转）、1 条委派红线、1 个成本最优解
B-关系动词,SIM-E88,supersedes,大审查/混元/bootstrap_自演化推演_第十九轮.md:32,修正 57 作废。
B-关系动词,SIM-E91,contradicts,大审查/混元/bootstrap_自演化推演_第十九轮.md:128,"E91 探针不一致**：随机抽样组与固定探针组用了不同探针 → 混淆了""噪声导致误回退""与""伪装"" | 回退 12.8 次，系统冻死在 root"
B-关系动词,SIM-E88,refutes,大审查/混元/bootstrap_自演化推演_第十九轮.md:138,推翻修正 57**：维度是否是稀释剂取决于算子能否协调多维。**真实系统（prompt 改写）应按协调式理解：维度越多越危险
B-关系动词,SIM-R20,supersedes,大审查/混元/bootstrap_自演化推演_第二十轮.md:6,A 轮修正确实有效（唯一正值），但收益很小；注意力门槛被证实远高于 E64 的估计
B-关系动词,SIM-E93,supersedes,大审查/混元/bootstrap_自演化推演_第二十轮.md:50,修正 E64 的门槛**：150 → **300**（judge 可被操纵时的现实值
B-关系动词,SIM-E94,supersedes,大审查/混元/bootstrap_自演化推演_第二十轮.md:68,"v3 与 v4-A 的差距是 0.074** —— 这是本轮最有说服力的数字：在最坏世界里，**A 轮修正把系统从""明确有害""拉到""明确有益"
B-关系动词,SIM-E94,contradicts,大审查/混元/bootstrap_自演化推演_第二十轮.md:70,v4-A 在这里（+0.037）比在 E92 的单一污染世界（+0.0127）**更好**。这看似矛盾，但可解释：E94 的漂移会被盲评+审计抓住（这正是它们设
B-关系动词,SIM-E95,replicates,大审查/混元/bootstrap_自演化推演_第二十轮.md:90,盲评有效**：开启后从 −0.0035 变 +0.0127。这是 E87 在真实世界的复现
B-关系动词,SIM-E95,contradicts,大审查/混元/bootstrap_自演化推演_第二十轮.md:98,tol 与 E55 矛盾**：tol=0.15（宽松）最好 +0.0412，tol=0.04 最差 +0.0127。E55 推荐 0.02–0.06
B-关系动词,SIM-E97,replicates,大审查/混元/bootstrap_自演化推演_第二十一轮.md:71,异常被复现：预算 120（2 次审计）反而转负，而 80（1 次审计）为正
B-关系动词,SIM-R22,refutes,大审查/混元/bootstrap_自演化推演_第二十二轮.md:6,"一个比审计更大的收益来源（+0.12），以及一个""常识""被推翻的分配结论"
B-关系动词,SIM-E105,supersedes,大审查/混元/bootstrap_自演化推演_第二十二轮.md:153,修正 E97b / 修正 68**：审计的收益**不是无条件的**，它依赖变异幅度
B-关系动词,SIM-R23,supersedes,大审查/混元/bootstrap_自演化推演_第二十三轮.md:5,幅度效应确认，但被大幅修正——它必须配审计，单独用是有害的
B-关系动词,SIM-E110,supersedes,大审查/混元/bootstrap_自演化推演_第二十三轮.md:148,对修正 72 的重大修正**：大幅度的 +0.118 是在有审计时测的；**单独加大幅度 −0.048
B-关系动词,SIM-R23,refutes,大审查/混元/bootstrap_自演化推演_第二十三轮.md:203,证伪比证实容易，所以负面清单比收益数字更稳健
B-关系动词,SIM-R24,refutes,大审查/混元/bootstrap_自演化推演_第二十四轮.md:7,主判断被推翻（两个方向都被推翻
B-关系动词,SIM-E115,contradicts,大审查/混元/bootstrap_自演化推演_第二十四轮.md:131,这与 E108（单一污染世界 v4-B +0.151 >> v4-A +0.064）**完全相反
B-关系动词,SIM-E119,contradicts,大审查/混元/bootstrap_自演化推演_第二十五轮.md:134,第 7 次出现，但机制比前 6 次都清楚：不是参数冲突，是维度不匹配
B-关系动词,SIM-R27,supersedes,大审查/混元/bootstrap_自演化推演_第二十七轮.md:98,"""回滚几乎无差""（+0.024 vs +0.022） | 0.002 | ❌ **不可信**，远低于检出限"
B-关系动词,SIM-R27,refutes,大审查/混元/bootstrap_自演化推演_第二十七轮.md:187,证伪需要比证实更强的证据**——而我一直用同样的样本量对待两者
B-关系动词,SIM-WEB-E133,contradicts,大审查/混元/bootstrap_自演化推演_第二十八轮.md:8,回退的价值取决于退化原因，符号相反**（corrupt +0.179 t=9.14 / drift −0.080 t=−4.52）
B-关系动词,SIM-E131,supersedes,大审查/混元/bootstrap_自演化推演_第二十八轮.md:17,strict 审计从「无效」改判「在漂移世界有害（本地 t=−2.60 / 网页端 t=−2.98，双实现互证
B-关系动词,SIM-R27,supersedes,大审查/混元/bootstrap_自演化推演_第二十八轮.md:38,"diag_n20 复跑（20 种子盲评显著性） | +0.0461 ± 0.0154 (sd 0.0690, t=2.99) vs 报告 +0.0466 (t="
B-关系动词,SIM-WEB-E132,refutes,大审查/混元/bootstrap_自演化推演_第二十八轮.md:48,网页端 E132（正确漂移构造，44 对）：norevert−continue = **+0.0795 (t=4.52)**、stop−continue = *
B-关系动词,SIM-R28,supersedes,大审查/混元/bootstrap_自演化推演_第二十八轮.md:59,重测清单 5 项中 2 项在加样后反转/分化（strict 反转、回滚分臂
B-关系动词,SIM-R28,supersedes,大审查/混元/bootstrap_自演化推演_第二十八轮.md:64,"两个反转方向结果都指向**伤害**（strict 有害——本地与网页端双实现互证；回滚后继续演化有害——本地数据，与网页端""stop 最差""方向一致"
B-关系动词,SIM-R28,motivated_by,大审查/混元/bootstrap_自演化推演_第二十八轮.md:110,并行轮协调成本**：本地与网页端在同一窗口各自做了第二十八轮，导致 2a 重复测量且本地版用了缺陷实现。若接手时 v4 包已存在（18:00），本可只做网页端清
B-关系动词,SIM-WEB-E132,supersedes,大审查/混元/bootstrap_自演化推演_第二十八轮-网页端.md:47,回滚后停止是最差策略**（t=−5.76）——E27 说它略好
B-关系动词,SIM-WEB-E133,contradicts,大审查/混元/bootstrap_自演化推演_第二十八轮-网页端.md:73,回退的价值取决于退化原因，且符号相反
B-关系动词,SIM-WEB-E133,supersedes,大审查/混元/bootstrap_自演化推演_第二十八轮-网页端.md:130,"E27""可回滚不是主要应对"" | **反了：它是 corrupt 下最强的单一机制"
B-关系动词,SIM-WEB-E134,supersedes,大审查/混元/bootstrap_自演化推演_第二十八轮-网页端.md:139,回退/回滚不是无条件正确的动作。必须先判别退化原因（配置跑飞 vs 世界变了），二者应对相反
B-关系动词,SIM-WEB-R28,contradicts,大审查/混元/bootstrap_自演化推演_第二十八轮-网页端.md:153,三条全错，其中两条方向相反
B-关系动词,SIM-E125,supersedes,大审查/混元/P0验证_展示权重爆炸.md:6,现象真实，但定性需要重大修正。解药不是新机制，而是已有的盲评
B-关系动词,SIM-E125,replicates,大审查/混元/P0验证_展示权重爆炸.md:33,"回退 0 次而 surf 已到 11.4** —— E112 的""审计没拦住""复现"
B-关系动词,SIM-HANDOVER,refutes,大审查/混元/HANDOVER.md:22,24 次推翻了自己的结论，**未经实验检验的直觉准确率约 50%
B-关系动词,SIM-E27,supersedes,大审查/混元/HANDOVER.md:156,回滚到历史配置应对漂移 | E27（+0.024 vs 继续演化 +0.022，几乎无差）
B-关系动词,SIM-HANDOVER,motivated_by,大审查/混元/HANDOVER.md:174,不要发明新启发式，去测量已经在那里但没人看的东西
B-关系动词,SIM-WEB-E133,contradicts,大审查/混元/HANDOVERv4.md:227,回退的价值取决于退化原因，且符号相反**（E133，配对 n=44
B-关系动词,SIM-WEB-R28,contradicts,大审查/混元/HANDOVERv4.md:254,第二十八轮用 44 对重测，三条阴性结论全错，其中两条方向相反
B-关系动词,SIM-WEB-E134,supersedes,大审查/混元/HANDOVERv4.md:336,回退/回滚不是无条件正确的动作：必须先判别退化原因（配置跑飞→回退 / 世界变了→重锚）
B-关系动词,SIM-E20,refutes,大审查/混元/bootstrap_自演化落地工单集.md:144,"使用""模型最不确定""的样本（E20 已证伪：效用是特征线性函数，信息量 ∝ 差模长，`|Δ|` 最小的对几乎不含方向信息）"
B-关系动词,SIM-E27,supersedes,大审查/混元/bootstrap_自演化落地工单集.md:384,重锚 ≠ 回滚**（E27 已证回滚几乎无效 +0.024
B-关系动词,SIM-E27,supersedes,大审查/混元/bootstrap_自演化落地工单集.md:626,回滚到历史配置 | E27（+0.024 vs 继续演化 +0.022，无收益）
B-关系动词,SIM-E96,supersedes,大审查/混元/README_内核.md:43,干净双目标 Pareto | E96/F-21 修正 | cap≥8 后平坦
B-关系动词,SIM-KERNEL,refutes,大审查/混元/README_内核.md:66,"用廉价筛选采纳""的代码在类型上就不成立"
B-关系动词,SIM-ARCH,supersedes,大审查/混元/bootstrap_自演化架构设计方案.md:3,自演化（系统能自主改进自己，且改进本身可审计、可测量、可回滚
B-关系动词,SIM-ARCH,replicates,大审查/混元/bootstrap_自演化架构设计方案.md:66,"这就是 reward hacking 的完整复现**：无门控系统在训练集上报告 +0.167 的""巨大进步""，实际留出集 **−0.052（倒退）"
B-关系动词,SIM-ARCH,supersedes,大审查/混元/bootstrap_自演化架构设计方案.md:164,"任何自动采纳必须可回滚**——档案保留完整谱系（实验验证：12/12 种子""可回滚=True"
B-关系动词,GLM-WO-v3.8,contradicts,大审查/glm/v3.8.md:94,"写了 audit/ledger/文件树却不刷 Merkle 根 → `doctor` 报""根不一致""；`t_engine_lifecycle` 把不一致固化为预"
B-关系动词,GLM-WO-v3.8,forked_from,大审查/glm/v3.8.md:178,下全部 assert 被剥离 → 测试假绿、`cmd_migrate` 的 `assert prev` 失效后审计链被无声分叉
B-关系动词,GLM-WO-v3.8,replicates,大审查/glm/v3.8.md:315,SOP 守卫段注入仍用 `write_text` → 跨平台字节不同，人侧锚定对账不可复现
B-关系动词,GLM-WO-v3.8,contradicts,大审查/glm/v3.8.md:323,importance 为**加法基线**——importance=9 的无关条目稳进 top-k，挤掉真实命中（`t_retrieve_keywords_boo
B-关系动词,GLM-WO-v3.10,refutes,大审查/glm/v3.10.md:44,daemon 常驻进程                                                      | `engine batch
B-关系动词,GLM-WO-v3.10,replicates,大审查/glm/v3.10.md:274,"golden 集生成流程不存在、""recall@5=0.455 参照线""不可复现。评测闭环不合上，公理 G（可证伪）在检索面就是空话"
B-关系动词,GLM-WEB-v4.0,refutes,大审查/glm/v3.10.md:533,公理 A–G 全文**（单一事实源 / 文档即产物 / 统一账本 / 双平面 / 根锚定 / 慢车道 / 可证伪）——在 v5 中分别由 SourcesBund
B-关系动词,GLM-WEB-v4.0,refutes,大审查/glm/v4.0-1.md:34,v4 工单 D-1 的裁决需要推翻**。当时的理由是“审计面是证明面，不是存储，重建会让链膨胀为第二存储”。那个裁决在“改造成本最小化”的前提下是对的；但在**
B-关系动词,GLM-WEB-v4.0,refutes,大审查/glm/v4.0-1.md:174,每一行状态都可向任何人证明未被篡改，每一份知识都有出处，每一次遗忘都有账本，每一次自我修改都过人类之钥，并且它对自己是否在变得更好，拥有可证伪的测量
B-关系动词,GLM-WEB-v4.0,refutes,大审查/glm/v4.0-2.md:118,激活前必须有可证伪预期，激活后必须过观测窗口；测不出差异即判表演，移 attic 并在谱系上标记 `falsified`
B-关系动词,GLM-WEB-v4.0,supersedes,大审查/glm/v4.0-2.md:133,**与铁律 1 的冲突裁决**：本项目永不物理删除，DELETE = 旧条目打 `t_invalid` + 新条目 `supersedes: [old_id]`
B-关系动词,REVIEW-GLM,supersedes,大审查/复审/GLM-裁决.md:26,可信度 A-，可直接作为执行工单**（Q-006 修正后
B-关系动词,REVIEW-GLM,contradicts,大审查/复审/GLM-裁决.md:34,**与「单文件+纯标准库」公理冲突**——GLM 自己提出 zipapp bundle 替代单 .py 形态。这是方向性变更，列 v5 另议，不进 v3.9
B-关系动词,REVIEW-GLM,contradicts,大审查/复审/GLM-裁决.md:35,REGISTRY 条数口径在系列内不一致（33 vs 32
B-关系动词,REVIEW-GLM,refutes,大审查/复审/GLM-裁决.md:41,属实且是全场最深的架构洞察**。推翻自家 v3.10 D-1 的理由（前提变了：完全重构下成本约束消失）符合 ADR 制度精神。与混元 V4-02、qwen H
B-关系动词,REVIEW-GLM,refutes,大审查/复审/GLM-裁决.md:58,与混元实验独立趋同**：GLM 纸面设计（hypothesis 可证伪/隐判据人侧/E0 优先）≈ 混元沙盒验证（双门/判据人侧/E0 优先）——两个模型独立得
B-关系动词,REVIEW-Qwen,refutes,大审查/复审/Qwen-裁决.md:27,三方收敛于「做实」**，GLM D-1 是早期裁决且其 v4.0-1 已自我推翻
B-关系动词,REVIEW-混元,supersedes,大审查/复审/混元-裁决.md:11,基线数字本身因 importance 主导缺陷而虚高，修正后基线会变（可能下降——这是判别力恢复的证据
B-关系动词,REVIEW-混元,replicates,大审查/复审/混元-裁决.md:44,原型清单列 evolve2.py（缺失）；17 轮报告复现段列 evolve4.py/run_e9.py（缺失）；run_e14c.py 首行硬编码 Linux
B-关系动词,SYN-报告一,replicates,大审查/统合报告/报告一_v3.8改进建议综合报告.md:26,MIGRATED 渲染 KeyError**：migrate 库上 build-docs --lib / install 校验即崩 | GLM Q-005（核验
B-关系动词,SYN-报告一,forked_from,大审查/统合报告/报告一_v3.8改进建议综合报告.md:30,eval 劣化覆写基线（棘轮向下）**：劣化→写基线→exit 2，二次劣化不再报 | Qwen P1-03、混元探讨-2、豆包（两证+代码确认） | 劣化分支
B-关系动词,SYN-报告三,refutes,大审查/统合报告/报告三_完全重构架构可能性研究报告.md:22,GLM 自我推翻的理由（前提变了：个人规模全量载荷几十 MB）成立；混元原型实测 300 条目 merkle 0.005s 背书。**采纳做实，增量路线（混元 
B-关系动词,SYN-报告三,refutes,大审查/统合报告/报告三_完全重构架构可能性研究报告.md:90,完全重构作为「推倒」不成立；作为「按图施工的终点」成立，且不需要推倒就能走到
B-关系动词,QWEN-v3.8,contradicts,大审查/qwen/工单 v3.8.extract.txt:128,都不回写 `state.merkle_root`。随后 `doctor`/`install 校验` 必报“根不一致
B-关系动词,QWEN-v3.8,extends,大审查/qwen/工单 v3.8.extract.txt:198,全树重算 O(n)”为已知扩展性项，非本工单缺陷；建议 v3.10 单独立项做增量哈希树
B-关系动词,QWEN-v4.0-RF,contradicts,大审查/qwen/工单 v4.0-RF · 完全重构架构设计.extract.txt:22,投影**不可重建**，doctor 只能报告不一致、无法修复——事件溯源说了，没做
B-关系动词,QWEN-POSS,supersedes,大审查/qwen/探讨-1.extract.txt:40,若攻击仍能落盘、仅事后被报 → H1 判表演，回滚
B-关系动词,DB-AGORA,contradicts,大审查/豆包/agora_群体智慧沙盒_实验总报告.md:18,"聚合机制不是中立管道**：同一批人，换公开顺序/计票规则/聚合算子/分组方式，结论可以相反。不存在""让群体自己说话""，只存在""用什么规则让群体说话"
B-关系动词,DB-AGORA,forked_from,大审查/豆包/agora_群体智慧沙盒_实验总报告.md:45,100 次好评的老号信誉 102，刚注册的新号信誉 1.0（同权）；连续 50 次差评的账号信誉仍是 1.0——**差评分支什么都不做
B-关系动词,DB-L9PATCH,contradicts,大审查/豆包/L9补丁说明.md:5,level_mapping_补丁后.json`（替换 `bootstrap_data/level_mapping.json`，否则 `t_absorb_mapp
B-关系动词,DB-CODEAUDIT,contradicts,大审查/豆包/v3.8bootstrap_v3 代码审查工单（完整版）.md:14,"VERSION = ""3.8.1""（文件头注释声称 v3.8.2，存在不一致"
B-关系动词,DB-CODEAUDIT,forked_from,大审查/豆包/v3.8bootstrap_v3 代码审查工单（完整版）.md:817,读取最后一行哈希与追加新行之间无文件锁，并发调用导致链分叉
B-关系动词,DB-CODEAUDIT,contradicts,大审查/豆包/v3.8bootstrap_v3 架构优化专项工单.md:60,append 涉及 4 个文件写入（memory+audit+ledger+state），中途崩溃则不一致 | 崩溃后数据不一致，doctor 只能检测无法自动
B-关系动词,CB-MEMEVOLVE,replicates,大审查/codebuddy/mem-evolve-sandbox_交接/docs/实验设计.md:59,**禁用** `hash(str)` 作种子（Python 字符串哈希带进程级盐，会破坏可复现性——已在 `world.py` 显式规避
B-关系动词,CB-MEMEVOLVE,replicates,大审查/codebuddy/mem-evolve-sandbox_交接/docs/实验设计.md:169,铁律 2 **未拦截**（空串绕过，复现 P0-2）；铁律 5 拦截正常
B-关系动词,CB-MEMEVOLVE,refutes,大审查/codebuddy/mem-evolve-sandbox_交接/docs/实验设计.md:355,"H7 的原判据""ΔU 显著下降/转负""不成立，**已按实测修正为峰值后回撤"
B-关系动词,CB-MEMEVOLVE,supersedes,大审查/codebuddy/mem-evolve-sandbox_交接/docs/实验设计.md:358,冻结后自报−真实缺口仍残留 +0.14~+0.21。这与报告 E26/E27 一致——真正解决问题的是**重锚**（重新采集人类判断），不是冻结/回滚
B-关系动词,CB-MEMEVOLVE,replicates,大审查/codebuddy/mem-evolve-sandbox_交接/docs/任务报告.md:125,reward hacking 完整复现**：无门控系统把 recall 从 0.490 打到 **0.075**（几乎全错
B-关系动词,CB-MEMEVOLVE,contradicts,大审查/codebuddy/mem-evolve-sandbox_交接/docs/任务报告.md:172,初版（8 种子 × 40 代）**未获证实**（0.5135 vs 0.5131），根因是原 switch 地形没有真实冲突
B-关系动词,CB-MEMEVOLVE,replicates,大审查/codebuddy/mem-evolve-sandbox_交接/docs/任务报告.md:198,"预算 < 150 时终局为负""未复现**：本沙盒的预算模型只限制代数"
B-关系动词,CB-MEMEVOLVE,replicates,大审查/codebuddy/mem-evolve-sandbox_交接/docs/任务报告.md:277,地形塑形项是基因组级的，必须摊到逐任务分上，否则留出集配对比较看不见它（E7 直接复现失败
B-关系动词,CB-MEMEVOLVE,contradicts,大审查/codebuddy/mem-evolve-sandbox_交接/docs/任务报告.md:313,第七轮重做后成立**（档案层面 0.2609 vs 0.2293） | 初版地形无真实冲突；把成本项权重变号后才测出
B-关系动词,CB-MEMEVOLVE,replicates,大审查/codebuddy/mem-evolve-sandbox_交接/docs/任务报告.md:315,"E64 预算 < 150 终局恒为负 | **未复现** | 预算模型缺少""演化的固定成本""项，结构上不可能为负"
B-关系动词,CB-MEMEVOLVE,replicates,大审查/codebuddy/mem-evolve-sandbox_交接/docs/实验报告.md:300,"**E52 未复现**（报告称 70% 独立噪声几乎无损）：本沙盒噪声是""把金标替换成随机条目"
B-关系动词,VERIF-B4,replicates,猴子记忆库推演/reports/00-验证总报告.md:35,12 进程丢更新 92%，accum=5≠60 | repro_p04（spawn 真进程×20 轮×2 时序） | barrier：**20/20 轮恰为 5
B-关系动词,VERIF-C3,contradicts,猴子记忆库推演/reports/00-验证总报告.md:43,同 id 跨层共存 | repro_p1_crosslayer | 同 id 二次 append(imp=8) 未被拒；两层各一份冲突内容；doctor 五态全
B-关系动词,VERIF-E1,refutes,猴子记忆库推演/reports/00-验证总报告.md:63,公理 D 不成立：审计链不含 payload，四条平行真相 | repro_a1① | e0 审计行=时间戳+prev+哈希+指针，content 0 命中；s
B-关系动词,VERIF-E3,contradicts,猴子记忆库推演/reports/00-验证总报告.md:65,健康信号过载：官方命令后必报根不一致（2.4） | repro_p1_stale_root | 报告序列 eval→reflect→guard--snapsho
B-关系动词,VERIF-F4,supersedes,猴子记忆库推演/reports/00-验证总报告.md:74,原型B：git 七项能力（含 GPG 令牌） | proto_b（git 2.55+临时 GPG 密钥） | **8/8 全过**：链式/篡改检出/回滚/分支隔
B-关系动词,VERIF-X4,supersedes,猴子记忆库推演/reports/00-验证总报告.md:91,"版本记账落差**：VERSION=""3.8.1"" 与文件头注释「v3.8.2 中性化修正」并存，头注释所指 RELEASE.md 不存在于目录。（报告以 v3."
B-关系动词,VERIF-X5,refutes,猴子记忆库推演/reports/00-验证总报告.md:92,自我推翻计数口径不统一**：报告头「15 次自我推翻」vs 摘要「14 次判断」vs 第四部分表题「七次自我推翻」（表实为 7 行）。分轮文档缺席无法核全账
B-关系动词,VERIF-TOTAL,refutes,猴子记忆库推演/reports/00-验证总报告.md:122,证实 26 项、部分证实/表述偏差 3 项、已被修复 1 项（P0-1b）、证伪 0 项、无法验证（材料缺失）11+ 项
B-关系动词,VERIF-FINAL,replicates,猴子记忆库推演/reports/00-验证总报告.md:124,可数结论零误差，机制性结论全部动态复现，动态数字（92%、60、五态全一致、doctor 首行输出）精确到逐字；唯一「与源码不符」的条目是报告写作时点之后已被修
B-关系动词,VERIF-S1-01,forked_from,猴子记忆库推演/reports/01-阶段1-版本对账与静态判定.md:27,记忆与检索 90 行 | 独立口径 37–90（取决于 engine 分支归属；报告未给分类边界） | ⚠️ 无法精确复刻，量级一致
B-关系动词,VERIF-S4-03,replicates,猴子记忆库推演/reports/04-阶段4-架构诊断复现.md:29,报告展示的 doctor 首行**逐字复现**；链校验（逐行重算）与根对账对尾部截断**双失明**——「Merkle 根锚定内容集合、不锚定序列长度」「stat
B-关系动词,VERIF-S5-01,replicates,猴子记忆库推演/reports/05-阶段5-统计复核.md:6,E7 两级门控 —— ✅ 证实（完美分离精确复现）
B-关系动词,VERIF-S5-02,replicates,猴子记忆库推演/reports/05-阶段5-统计复核.md:13,「完美分离，无一例外」在 24 种子下复现。地形自检：f(0.5)=0.500 局部最优 / f(0.9)=0.900 全局 / 谷底 f(0.68)=0.10
B-关系动词,VERIF-P4,refutes,猴子记忆库推演/reports/progress.md:90,三态判定总表（证实26/部分3/已修1/证伪0/无法验证11+）+ 不符项清单 6 条 + 方法论检验
B-关系动词,PART2-H-R2-1,replicates,大审查/data-archive.csv:5,"2,H-R2-1,LIT-REPLICATE,边界,0.5457,0.7,0.10,0.4611,REFUTED,二次平坦景观(1-d2)+1候选/代+step"
B-关系动词,PART2-H-R3-1,replicates,大审查/data-archive.csv:7,"3,H-R3-1,LIT-REPLICATE,机制,0.3782,0.75,0.92,0.3782,SUPPORTED,目标间距>=1.2二次景观; sigma"
B-关系动词,PART2-H-R4-1,refutes,大审查/data-archive.csv:10,"4,H-R4-1,DATA-DRIVEN,证伪,0.6492,0.45,0.90,0.4059,SUPPORTED,窄高斯峰r0.15+超平坦远场; sigma"
B-关系动词,PART2-H-R4-2,refutes,大审查/data-archive.csv:11,"4,H-R4-2,DATA-DRIVEN,证伪,0.5000,0.5,0.15,0.4059,INCONCLUSIVE,假采纳率0.7628>平坦0.5243("
B-关系动词,PART2-H-R7-1,refutes,大审查/data-archive.csv:16,"7,H-R7-1,DATA-DRIVEN,证伪,NA,0.55,0.15,NA,INCONCLUSIVE,41合格run全部|gain|>=0.1(小增益层n="
B-关系动词,PART2-H-R7-2,refutes,大审查/data-archive.csv:17,"7,H-R7-2,DATA-DRIVEN,证伪,NA,0.45,0.15,NA,INCONCLUSIVE,其他源(豆包/混元)>=8点run=0; 平台化证据4"
B-关系动词,PART2-H-R8-1,replicates,大审查/data-archive.csv:18,"8,H-R8-1,LIT-REPLICATE,机制,0.7009,0.75,0.90,0.2252,SUPPORTED,平坦二次世界sigma0.08/m0.0"
B-关系动词,PART2-H-R8-2,extends,大审查/data-archive.csv:19,"8,H-R8-2,LIT-REPLICATE,机制,0.7984,0.55,0.85,0.0417,SUPPORTED,终值0.7984非劣且优于单阶段+0.0"
B-关系动词,PART2-H-R12-1,refutes,大审查/data-archive.csv:26,"12,H-R12-1,DATA-DRIVEN,证伪,0.6882,0.35,0.05,0.6882,REFUTED,""A套(0.05/0.30)0.895>0."
B-关系动词,R2-SUM-T3,replicates,大审查/zcode/R2全批次总报告.md:18,C6 关闭；E42 复现；修正 85 部分升格 | C6 关闭；C2 部分关闭；C3 关闭（带新边界）
B-关系动词,R2-T1-2a,refutes,大审查/zcode/R2全批次总报告.md:41,"判据 a（只自写≥全库 80%）**不成立**：按""作者身份""分层切不对——低 rv 不是 junk 的唯一伤害面，自抬轿高 imp 的表面条目（rv 中等）才"
B-关系动词,R2-T1-2b,replicates,大审查/zcode/R2全批次总报告.md:42,"判据 b（混合裁判 N4≥纯真值 80%）**不成立**：α=0.3 的 judge 连""挑出待整理候选""都做不好（E122""judge 低效""在候选选择层的复"
B-关系动词,R2-T1-3,refutes,大审查/zcode/R2全批次总报告.md:48,gain≥−0.03 成立、均质≥0.35 不成立 → **强形式失败**
B-关系动词,R2-T1-4,replicates,大审查/zcode/R2全批次总报告.md:52,三开不是正交互，**复合失配台账 +1**（第 9 例）。E123 锚点格（有审计无整理最差）未复现——本 harness 的审计=cfg 回退，在数据空间几乎
B-关系动词,R2-T2-2,supersedes,大审查/zcode/R2全批次总报告.md:63,"全部 ≥ static（0.0813）。**三振**：与 deepseek 探针 6、R1-2 并列，""E80 负交互在修正架构下结构性不可达""升格定理候选"
B-关系动词,R2-T3-2a,replicates,大审查/zcode/R2全批次总报告.md:71,valley 地形精确复现 E42 语义**——strict 步进贪心被 dip 锁死（f=0.913，达峰 9/12）vs loose 三步路径跨谷（f=1.
B-关系动词,R2-T3-2b,replicates,大审查/zcode/R2全批次总报告.md:71,"E41 原始""严格 +0.165 反而更好""未在本网格任何地形复现**→ C2 裁决为部分关闭：谷地形下宽松严格立判（E42 复现）；E41 原数字的机制（疑似"
B-关系动词,R2-T4-5,replicates,大审查/zcode/R2全批次总报告.md:91,触发式刷新 T=0.4062 > never/p10/p25 0.3563**（E26/E69 方向复现：重锚有效
B-关系动词,R2-M5,supersedes,大审查/zcode/R2全批次总报告.md:109,E80 级负交互在修正架构下结构性不可达**（三振；同源门天然不放大） | T2-2 + 探针6 + R1-2 | 定理候选
B-关系动词,R2-ANCH-1,replicates,大审查/zcode/R2全批次总报告.md:123,E121 α 梯度 −0.067→−0.004 | T1-1 v1/v2 | **未复现（两次）→收线**，梯度噪声稳健性存疑
B-关系动词,R2A-T2-1,replicates,大审查/zcode/批次R2-A报告.md:14,E81 机制精确复现**（w_show→2.256 vs 混元 2.195；自报 P→0.79 vs deepseek 0.7708；static T 0.47
B-关系动词,R2A-T1-1,replicates,大审查/zcode/批次R2-A报告.md:15,E121 α 梯度两次构造均未复现**（v1 Δ=0.005、v2 Δ=0.002，皆塌缩）→按纪律**收线**；但复现了 writalloc 不漂移（0.51
B-关系动词,R2A-T3-1,replicates,大审查/zcode/批次R2-A报告.md:16,护栏代价符号随**世界改进结构**翻转——clean 世界复现 deepseek 负代价（**−0.0625，与 deepseek 原始 0.7500−0.81
B-关系动词,R2A-T4-4,replicates,大审查/zcode/批次R2-A报告.md:17,legacy doctor 仅 1/4 检出（截断/并发丢更新/孤儿写+重算根全静默——R1-3 密码学静默精确复现）；hardened（chain_tip+派
B-关系动词,R2A-T1-1r,supersedes,大审查/zcode/批次R2-A报告.md:56,"natural 臂 w 终值 0.514/0.524/0.526（三档 α，起点 0.5）——混元修正 95 的""不迎合 judge""在本 harness 成立"
B-关系动词,R2A-T1-1c2,replicates,大审查/zcode/批次R2-A报告.md:58,"curate_truth 是唯一转正臂（+0.034~+0.045）**——E123""整理是数据空间的前提""的同构复现，且指出工程盲区：**数据空间的门必须装在"
B-关系动词,R2A-C6,refutes,大审查/zcode/批次R2-A报告.md:79,"各自在其世界为真**；架构文档应改为条件式表述（护栏代价符号=世界改进结构的函数），任何""护栏免费/护栏有价""的无条件表述都不成立"
B-关系动词,R2A-T4-4a,replicates,大审查/zcode/批次R2-A报告.md:85,A1 截断尾 2 行 | **静默**（前缀链自洽、集合根不变——R1-3 精确复现
B-关系动词,PLAN-C,contradicts,大审查/zcode/第二批推演沙盒实验树_规划.md:24,C1-C6 跨源矛盾（C1=E14 双值已裁决不可；C2=严格准入跨轮反转；C3=自适应跨轮反转；C6=护栏代价方向对立）；衔尾蛇 X6c 实测派生在真实库冷启
B-关系动词,DB-R7,refutes,大审查/zcode/豆包9.9_重点实验分支树设计.md:4,第七轮 12 个破坏性实验 E32-E43（方向 G-K）** + 诚实记录（16 返工/13 自我推翻，新增 S11/S12/S13）+ 红线 38-47 +
B-关系动词,DB-PLAN,replicates,大审查/zcode/豆包9.9_重点实验分支树设计.md:43,26 叶 / 5 P0。预估总量 ≈ 第七轮的 1.5 倍（第七轮 577 行 56s），全部纯标准库可复现
B-关系动词,DB-T0-1,contradicts,大审查/zcode/豆包9.9_重点实验分支树设计.md:53,权威数字表 100% 一致 = PASS；任何不一致即停，按大审查 PART I 流程出 diff 报告
B-关系动词,REAL-X0,replicates,大审查/衔尾蛇/reports/X0_环境自检与等价性.md:11,"**复现源码 P0-1**：71 个自测只跑 9 个即静默中止（rc=1），与报告""第 10 个用例中止""分毫不差"
B-关系动词,REAL-X1,replicates,大审查/衔尾蛇/reports/X1_静态基线.md:3,三探针全部复现报告代码审查的预测：并发丢更新 75%、截断攻击密码学层全盲、绕过引擎编辑被 doctor 当场抓住
B-关系动词,REAL-X1,replicates,大审查/衔尾蛇/reports/X1_静态基线.md:31,报告 P0-4 的 lost-update 在 8 进程下实测复现（其 12 进程为 92%）。
B-关系动词,REAL-X1,replicates,大审查/衔尾蛇/reports/X1_静态基线.md:40,复现报告 2.3：Merkle 根锚定内容集合不锚定序列，截断后剩余行自洽
B-关系动词,REAL-X1,contradicts,大审查/衔尾蛇/reports/X1_静态基线.md:47,"绕过引擎直接编辑 10 条 `t_invalid` → **doctor 立刻报""根不一致""**（写后刷根纪律抓到了绕行）；"
B-关系动词,REAL-X1,replicates,大审查/衔尾蛇/reports/X1_静态基线.md:56,H3 已知例外清单**（写入总报告）：并发 accumulator 丢失、截断密码学层盲区、引擎外编辑需 doctor 事后抓——三者均已实测复现；
B-关系动词,REAL-X2a,supersedes,大审查/衔尾蛇/reports/X2a_演化主实验.md:49,"子串误判风险（预检时发现） | 改判据为 `""全一致"" in 输出`（doctor 仅全一致时打印该短语） |"
B-关系动词,REAL-X2c,replicates,大审查/衔尾蛇/reports/X2bcd_防作弊遗忘重组.md:3,灾难性遗忘方向复现（Pareto ≥ 单一）且效应量随目标冲突强度放大
B-关系动词,REAL-X2c,refutes,大审查/衔尾蛇/reports/X2bcd_防作弊遗忘重组.md:17,"v1 构造不成立（否定性登记）**：B 目标""省无关条目""被诊断出结构性平坦——话题=5 条目/主题，top-5 无关数恒 ≈4，任何参数改不动"
B-关系动词,REAL-X2c,replicates,大审查/衔尾蛇/reports/X2bcd_防作弊遗忘重组.md:25,方向复现（Pareto 免疫、单一受损），效应量随冲突强度放大**；但比 E16 的 0.547 vs 0.719 温和得多
B-关系动词,REAL-X2c,contradicts,大审查/衔尾蛇/reports/X2bcd_防作弊遗忘重组.md:25,遗忘的量级是**目标冲突强度的函数**，这是对 E16 的边界细化
B-关系动词,REAL-X3,replicates,大审查/衔尾蛇/reports/X3_危险矩阵.md:3,报告 E14 的最深发现在真引擎上完整复现——**评判者被腐蚀时，门控组（G4）与无门控组（G2）行为一致（采纳 8/8 vs 8/8），内部指标全绿**，唯一
B-关系动词,REAL-X3,replicates,大审查/衔尾蛇/reports/X3_危险矩阵.md:3,伪特征危险（E3）在检索域**未复现**，机制诊断清楚
B-关系动词,REAL-X3,replicates,大审查/衔尾蛇/reports/X3_危险矩阵.md:37,"相关噪声未复现 E57 的""击穿双门""（−50% 级）"
B-关系动词,REAL-ALL,refutes,大审查/衔尾蛇/reports/总报告.md:5,"全部结论来自可运行实验，报告如实登记 3 项""构造不成立""否定性结果与 9 项过程故障；规划书 v1.1 为预注册文档，判定标准执行前冻结"
B-关系动词,REAL-X3,refutes,大审查/衔尾蛇/reports/总报告.md:28,**H2 门控必要性** | **✗ 按预注册口径证伪
B-关系动词,REAL-X3,replicates,大审查/衔尾蛇/reports/总报告.md:28,评判者腐蚀通道复现 E14 核心：门控与无门控行为一致（8/8 vs 8/8）、内部全绿；锚定审计 8/8 检出 |
B-关系动词,REAL-X2c,contradicts,大审查/衔尾蛇/reports/总报告.md:30,Pareto 保留率 1.002 vs 单一 0.981（冲突系数 0.25）；
B-关系动词,REAL-ALL,refutes,大审查/衔尾蛇/reports/总报告.md:34,"H1 强成立、H2 原口径证伪但其安全实质（""存在门控挡不住的危险，需要外部锚""）由 drift 通道以更强形式成立"
B-关系动词,REAL-X2d,supersedes,大审查/衔尾蛇/reports/总报告.md:48,记忆四轴（存/更/忘/组）不独立，重组以更新为前置
B-关系动词,REAL-X3,refutes,大审查/衔尾蛇/reports/总报告.md:68,"伪特征/相关噪声两个场景的""构造不成立""是**本世界构造下的结论**，不排除更强的构造（如标签级伪相关）能复活该危险。"
B-关系动词,REAL-X3,replicates,大审查/衔尾蛇/reports/总报告.md:70,漂移注入为线性 β 外生调度，弱于 E14 的内生权重腐蚀；E14 的方向复现但量级未达其 −0.57 级
B-关系动词,REAL-X3c,replicates,大审查/衔尾蛇/reports/总报告.md:99,**E80 护栏负交互未复现**：G4 +1.2367 ≥ G2 +1.1867
B-关系动词,REAL-X5,replicates,大审查/衔尾蛇/reports/总报告.md:100,**filter_zero=1 双世界强复现**（20/20 run，MRR 0.27–0.67→1.00）
B-关系动词,REAL-X5,replicates,大审查/衔尾蛇/reports/总报告.md:100,E14 方向第三度复现 |
B-关系动词,REAL-X5,refutes,大审查/衔尾蛇/reports/总报告.md:104,前提（基线为负）在当前规模的真实库不成立——真实库实验的价值要等库老化或规模增长后兑现
B-关系动词,REAL-X6,motivated_by,大审查/衔尾蛇/reports/总报告.md:112,「发明新启发式 0/3，测量已有可观测量 3/3」——17 轮报告总法则的第六次独立验证
B-关系动词,REAL-X6a,replicates,大审查/衔尾蛇/reports/第三轮_X6_库内容推演.md:19,伪特征线关闭，三次记录归档（X3 原版 / X3c 复合 / X6a 尾部设计）。H2 的安全实质由 drift 通道承载（已复现）。
B-关系动词,REAL-X6c,replicates,大审查/衔尾蛇/reports/第三轮_X6_库内容推演.md:41,E32 未在真实小库复现，且方向反转**
B-关系动词,REAL-X3c,replicates,大审查/衔尾蛇/reports/补充轮_X3c复合灾难_X5真实库.md:3,"①E80""护栏负交互""在真引擎上**未复现**——"
B-关系动词,REAL-X5,replicates,大审查/衔尾蛇/reports/补充轮_X3c复合灾难_X5真实库.md:3,filter_zero=1 强复现（20/20 run，MRR 0.27–0.67 → 1.00）
B-关系动词,REAL-X5,replicates,大审查/衔尾蛇/reports/补充轮_X3c复合灾难_X5真实库.md:3,w_age 病灶未复现（真实条目全新鲜，属定时炸弹）
B-关系动词,REAL-X3c,replicates,大审查/衔尾蛇/reports/补充轮_X3c复合灾难_X5真实库.md:14,E80 检验：G4 − G2 = +0.05 → 护栏负交互未复现**（报告口径为 v4 −0.26 vs v3 −0.11
B-关系动词,REAL-X5,refutes,大审查/衔尾蛇/reports/补充轮_X3c复合灾难_X5真实库.md:24,前提（基线 −0.55）在真实库不成立——真实库当前规模与新鲜度下，检索的主要矛盾不在参数。**
B-关系动词,REAL-X5,replicates,大审查/衔尾蛇/reports/补充轮_X3c复合灾难_X5真实库.md:36,评判者腐蚀（高宣称词偏好代理）下 G2 与 G4 行为仍一致（E14 方向第三度复现）
B-关系动词,REAL-X5,replicates,大审查/衔尾蛇/reports/补充轮_X3c复合灾难_X5真实库.md:46,限定为**合成世界+库老化前瞻**：真实库现龄未触发，filter_zero=1 才是双世界复现的强证据 |
B-关系动词,REAL-X3c,replicates,大审查/衔尾蛇/reports/补充轮_X3c复合灾难_X5真实库.md:47,维持警报但注记：本沙盒可构造范围内未复现负交互，G4 ≥ G2 |
B-关系动词,REAL-W1,replicates,大审查/衔尾蛇/reports/v3.9_法层参数与引擎修复工单.md:35,②根双库真实迁移副本（沙盒 `sandbox/lib-real` 可复现）`engine eval`：recall@5 维持 1.0、MRR ≥ 基线
B-关系动词,REAL-W3,replicates,大审查/衔尾蛇/reports/v3.9_法层参数与引擎修复工单.md:43,71 个自测只跑 9 个即静默退出（rc=1），本沙盒 X0-S2 复现。
B-关系动词,KB-INDEX,supersedes,knowledge/_index.md:12,③第二十八轮更正：对账网页端并行产出、撤回 2a、立 P-014）
B-关系动词,KB-INDEX,motivated_by,knowledge/_index.md:16,P-014 接手外来实验线先查并行产出；被否实现上加样本量不构成证据
B-关系动词,KB-INDEX,motivated_by,knowledge/_index.md:34,PT-011 对抗式验证流水线：基线+沙盒+静态数字核验+每结论一脚本+三态总表](patterns.md#pt-011) — **已验证 2 次** · 适用
B-关系动词,KB-INDEX,replicates,knowledge/_index.md:82,自演化引擎可行性论证 232 run（H1 24 种子坐实 / E14 复现 / 伪特征免疫否定性
B-关系动词,KB-D001,replicates,knowledge/decisions.md:9,三个历史项目本体留在原位，archive/2026/09/ 下各放一个 README 记录其位置、复现方式与经验回链
B-关系动词,KB-PT006,contradicts,knowledge/patterns-PT006-void.md:4,保留跳号不回收、不补录（与 T 号空洞同治理）；PT-008/PT-009 已在 v3 系列自然续用，无冲突
B-关系动词,KB-PT004,extends,knowledge/patterns.md:50,已验证 5 次（实验区空工作区变体；本区 task-001 建库；task-002/003 两轮升级；task-005 skill 化；task-006 L8 
B-关系动词,KB-PT007,supersedes,knowledge/patterns.md:76,已验证 2 次（P3-10 双标改判案；X-003「Wang 等」现行犯——在修题录错误的工单里凭记忆又写错作者，arXiv 一手核验实为 Kang 等）
B-关系动词,KB-PT011,refutes,knowledge/patterns.md:128,已验证 2 次（v1：bootstrap_v3 推演报告 26 项证实/0 项证伪；v2 2026-09-09：混元交接包复核——先复跑官方自检，再独立复算 d
B-关系动词,KB-P011,forked_from,knowledge/pitfalls.md:138,12 轮循环中 5 处手算错误（OLS 分子求和错×2、池化漏第二组、点数不满足自身门槛、守卫分支次序）全部被 selftest 门拦截，无一漏网
B-关系动词,KB-P013,refutes,knowledge/pitfalls.md:164,艾德卡结论「『像老师一般的艾德』=海莉所说」传给海莉卡后被实证推翻（实为莱纳
B-关系动词,KB-P013,contradicts,knowledge/pitfalls.md:165,传递时显式标注「待验证线索，接收方须复核」；互相矛盾的结论交给主场角色子代理当「定案任务」裁决（本轮拉古涅卡定案「戏剧观赏」归属即成功范例
B-关系动词,KB-P014,refutes,knowledge/pitfalls.md:178,2a「回滚无差稳健」被网页端 E132（+0.0795 t=4.52 / −0.0934 t=−5.76）推翻，本地该组数据仅存档不引结论
B-关系动词,KB-REFLECT,refutes,knowledge/reflections.md:59,四条被推翻的自我直觉（E14 微观版/复合变更/门控不对称论/三区定律）全部由预注册判据推翻，没有一条靠直觉自我纠正
B-关系动词,KB-TASK-001,refutes,knowledge/trajectories/2026-09-03/task-001-建库.md:21,本次全部判断有实据；三个项目的实体搬移问题已在 D-001 记录为默认不搬，用户可随时推翻
B-关系动词,KB-TASK-004,supersedes,knowledge/trajectories/2026-09-04/task-004-轰击调研.md:9,三轮 webReader 共 14 发全部命中（初记 16 发系夸大，复盘修正——真实弹药数：第一轮 6 + 第二轮 6 + 第三轮 2）
B-关系动词,KB-TASK-006,contradicts,knowledge/trajectories/2026-09-04/task-006-L8超激进档.md:19,首跑 19/21：T10 断言关键词与模板措辞不一致（「30 天豁免」vs「30 天内豁免」）→ 统一措辞；T12 卫兵只对账 skill 前缀路径 → 改为对
B-关系动词,KB-TASK-010,supersedes,knowledge/trajectories/2026-09-06/task-010-v212核验与转单.md:7,P3-10 改判**：误报 → 部分属实。content2.js:103 确认 11.5 未披露闸门执行机制；与 P1-4 同构（代码对/文档漏），按判例对齐改
B-关系动词,PART1-Z007,contradicts,knowledge/trajectories/2026-09-06/task-012-v214核验与修订令.md:7,G1 属实**：v2.1.3 核-04「T-registry（第 2 章）」实为第 3 章；T50「本工单新增」与「Z-007 预留」矛盾
B-关系动词,KB-TASK-013,contradicts,knowledge/trajectories/2026-09-06/task-013-v3重构执行.md:10,131 内容体（modules=85/packages=27/presets=11/docs=8），MODULE_MAPPING 18 键路径全校验，level
B-关系动词,KB-TASK-014,contradicts,knowledge/trajectories/2026-09-06/task-014-v31执行.md:12,verify 三态语义首次实战生效**：本轮网络受限，14 条题录如实报「未对账，不计入通过」——不再出现 v3.0 时代「离线假零不一致」的误导
B-关系动词,KB-TASK-017,supersedes,knowledge/trajectories/2026-09-06/task-017-v33执行.md:5,「先账本后根」时序——v3.2 首版 Y-001 把 ledger 放在算根之后，账本行不在根内，三处分支（append/wrapup/retire）统一修正
B-关系动词,KB-TASK-021,forked_from,knowledge/trajectories/2026-09-07/task-021-v37执行.md:4,测试 57→63 条全绿。落地：L-001 _body_for 统一单文件落盘决策点（redeliver/_deliver 分叉消灭）
B-关系动词,KB-TASK-021,replicates,knowledge/trajectories/2026-09-07/task-021-v37执行.md:5,Windows write_text CRLF 陷阱**——referee/reflect-synthesis 的 manifest 记账用 LF 哈希而盘上 
B-关系动词,KB-TASK-022,refutes,knowledge/trajectories/2026-09-07/task-022-v38执行.md:14,**渲染未全量**——v3.7 的「C-000 终章」宣称被打脸（规则只覆盖 experimental-l8/l9，漏 modules/packs instal
B-关系动词,KB-TASK-022,supersedes,knowledge/trajectories/2026-09-07/task-022-v38执行.md:35,用户判定为「审的一坨」，统合报告目录与核验脚本已整体删除（用户指令）。本条为修正记录，原追加内容保留作历史但其中「落盘」状态作废
B-关系动词,KB-TASK-022,supersedes,knowledge/trajectories/2026-09-07/task-022-v38执行.md:43,混元 BUG-001 对 render_quickref 的批评比 GLM 深（{N}/{N} 恒等式冒充测量，违反公理 G）——修正对 GLM 的部分判决；B
B-关系动词,REAL-总树,replicates,knowledge/trajectories/2026-09-08/task-020-自演化沙盒.md:6,232 run，H1 在 24 种子坐实（+1.22，24/24 正），E14 门控盲区复现，锚定审计升 P0，伪特征危险在检索域被结构性免疫
B-关系动词,REAL-X3c,replicates,knowledge/trajectories/2026-09-08/task-020-自演化沙盒.md:26,X3c 复合灾难档 24 run：E80 护栏负交互**未复现**（G4 +1.2367 ≥ G2 +1.1867）；唯一受损者仍是 G5 早冻结（+0.392
B-关系动词,REAL-X5,replicates,knowledge/trajectories/2026-09-08/task-020-自演化沙盒.md:27,filter_zero=1 双世界强复现**（20/20 run，MRR 0.27–0.67→1.00）；w_age 病灶未触发（真实条目全新鲜）→ 定时炸弹定
B-关系动词,REAL-总树,motivated_by,knowledge/trajectories/2026-09-08/task-020-自演化沙盒.md:36,新启发式 0/3 vs 测量已有量 3/3，总法则第六次独立验证
B-关系动词,DEPLOY-V39,replicates,knowledge/trajectories/2026-09-08/task-020-自演化沙盒.md:45,filter_zero=1 首应用 recall@5 劣化 0.485→0.394（真实查询有零词法交叠金标，importance 通道是召回保底）；默认回撤为
B-关系动词,KB-TASK-020,motivated_by,knowledge/trajectories/2026-09-08/task-020-自演化沙盒.md:79,交付 26 轮推演交接包（125 实验 / kernel.py v1 内核 / HANDOVER 交接文档 / verify 脚本），HANDOVER 指名交本
B-关系动词,KB-TASK-020,contradicts,knowledge/trajectories/2026-09-08/task-020-自演化沙盒.md:87,混元（26 轮/125 实验/离线内核）+ DeepSeek（八场景/统计协议/R1~R5 批次）+ 衔尾蛇（真引擎 280+ run/真实库）。三线独立收敛：
B-关系动词,VERIF-A1,refutes,knowledge/trajectories/2026-09-09/task-022-bootstrap对抗验证.md:6,产出证实 26 / 部分证实 3 / 已被修复 1 / 证伪 0 / 无法验证 11+，不符项 6 条（全部为报告保守偏差或版本时点差异，无夸大）
B-关系动词,VERIF-A4,replicates,knowledge/trajectories/2026-09-09/task-022-bootstrap对抗验证.md:16,barrier 20/20 轮精确复现报告 5/60=92%，natural 61%，另发现撕裂读崩溃（报告未提）
B-关系动词,KB-TASK-023,contradicts,knowledge/trajectories/2026-09-09/task-023-多AI总分析与自演化循环.md:25,梯度定律（门控假采纳率=局部信噪比单调函数，0.85→0.59→0.16 跨世界稳定）是 C6 矛盾的机制层候选解释，待真实数据复检
B-关系动词,KB-TASK-024,supersedes,knowledge/trajectories/2026-09-09/task-024-混元实验接手.md:12,P0-1 strict 反转（漂移下有害 t=−2.60）；P0-2 回滚分臂（rollback_then_evolve 显著有害 t=−2.37 新发现）；P
B-关系动词,KB-TASK-024,motivated_by,knowledge/trajectories/2026-09-09/task-024-混元实验接手.md:21,v2 包缺第二十七轮 4 个脚本（报告引用了但没打包）——接手外来包先验「报告引用的脚本在包内可找到」再开工
B-关系动词,KB-TASK-024,contradicts,knowledge/trajectories/2026-09-09/task-024-混元实验接手.md:30,回退价值取决于退化原因且符号相反（corrupt +0.179 t=9.14 / drift −0.080 t=−4.52），解药判别式回退，kernel PA
B-关系动词,KB-TASK-024,supersedes,knowledge/trajectories/2026-09-09/task-024-混元实验接手.md:32,撤回：本地报告 2a「rollback 无收益稳健」（基于被否的 exp27 缺陷实现，44 种子只是噪声镀金）
B-关系动词,KB-TASK-024,refutes,knowledge/trajectories/2026-09-09/task-024-迷深角色卡审查.md:21,P-013：跨子代理线索传递造成错误传染（海莉卡推翻艾德卡 V-08 等 3 起）
B-关系动词,SIM-HANDOVER-ACCEPT,motivated_by,大审查/混元/混元交接验收报告-衔尾蛇线验收.md:10,"交接无损 —— 可以开始工作""；内核 PASS 27 / FAIL 0"
B-关系动词,SIM-HANDOVER-ACCEPT,contradicts,大审查/混元/混元交接验收报告-衔尾蛇线验收.md:11,zip↔解包 87 文件逐字节一致 | ✅ | 0 不一致（首轮 87 全不符系**我方复核脚本路径双叠**，非包损坏
B-关系动词,SIM-HANDOVER-ACCEPT,supersedes,大审查/混元/混元交接验收报告-衔尾蛇线验收.md:12,CP437 乱码文件名修正 | ✅ | 90/90 条目名恢复
B-关系动词,SIM-HANDOVER-ACCEPT,refutes,大审查/混元/混元交接验收报告-衔尾蛇线验收.md:25,"HANDOVER 自述核心方法论与我方第六次验证的总法则同调：""证伪比证实容易，负面清单比收益数字稳健；未经检验的直觉准确率约 50%"
B-关系动词,SIM-HANDOVER-ACCEPT,replicates,大审查/混元/混元交接验收报告-衔尾蛇线验收.md:33,独立收敛点 | 两级门控/锚定不衰减/实测重要度/停摆=零采纳/预算门槛 | 同左（真引擎复现）
B-关系动词,SIM-E133,contradicts,大审查/混元/HANDOVER-ZCode线-20260909.md:50,回退价值取决于退化原因，**符号相反** | corrupt +0.179 (t=9.14) / drift −0.080 (t=−4.52) | 28 轮 E
B-关系动词,SIM-E12,refutes,大审查/混元/bootstrap_自演化推演_第三轮.md:80,"第一次跑时 stuck 被 12/12 误判为 converged。原因是**我用宽松准入去构造""卡住""，而宽松准入自己就能逃出低谷**——判别器没错，是我的构"
B-关系动词,SIM-E14C,contradicts,大审查/混元/bootstrap_自演化推演_第三轮.md:215,判断样本只追加、带 ts、近因加权**（冲突判断靠衰减而非删除
B-关系动词,SIM-E16,refutes,大审查/混元/bootstrap_自演化推演_第四轮.md:106,"反而略低于纯 Pareto（0.7188），在本实验规模下差异在噪声内，不能得出""复测有效""的结论。**这一条暂不成立，待更大样本验证。**"
B-关系动词,SIM-E14C,refutes,大审查/混元/bootstrap_自演化推演_第四轮.md:244,**近因加权是毒** | **第三轮建议在漂移下放大污染** | **自我证伪**
B-关系动词,SIM-E14,supersedes,大审查/混元/bootstrap_自演化推演_第五轮.md:23,修正后**：`α=0.10 真实 −0.5663 / 起点 0.2594`（**自报 +1.50，真实 −0.83**）
B-关系动词,SIM-E21,refutes,大审查/混元/bootstrap_自演化推演_第五轮.md:106,在本实验规模下结果相同，设计未能区分二者，该结论暂不成立。
B-关系动词,SIM-E14,supersedes,大审查/混元/bootstrap_自演化推演_第五轮.md:239,修正后：自报 +1.50，真实 −0.83** | **决定性**
B-关系动词,SIM-R06,refutes,大审查/混元/bootstrap_自演化推演_第六轮.md:4,2 条建议被推翻、1 条主张未获证实、1 条假设被证实且比预期更危险
B-关系动词,SIM-E27,supersedes,大审查/混元/bootstrap_自演化推演_第六轮.md:126,"回滚几乎没有收益**（+0.0238 vs +0.0221，在噪声内），而""回滚后继续""反而更差。"
B-关系动词,SIM-E27,supersedes,大审查/混元/bootstrap_自演化推演_第六轮.md:128,本实验的回滚实现**作弊了**（用真实效用挑选历史最优点），即便如此也只得到 +0.0238
B-关系动词,SIM-E27,supersedes,大审查/混元/bootstrap_自演化推演_第六轮.md:134,"E27 未能证明""可回滚""能挽回漂移损失。** 这不代表回滚无用（在配置被明确污染时它仍是唯一出路），但**不应把它当作漂移的主要应对手段**——E26 的重锚"
B-关系动词,SIM-E24,supersedes,大审查/混元/bootstrap_自演化推演_第六轮.md:197,幸好数字完全一致得太可疑，回查发现了 bug。** 修正后的 E24c 才得到真正的结论（bootstrap + 自由 margin = −0.055，最差组合
B-关系动词,SIM-R06,refutes,大审查/混元/bootstrap_自演化推演_第六轮.md:217,七次自我推翻。** 这个记录本身比任何单条结论都更能说明这套方法的价值——**每一轮都在用实验检验上一轮的直觉，而直觉的准确率大约是一半。**
B-关系动词,SIM-E31,replicates,大审查/混元/bootstrap_自演化推演_第七轮.md:137,"留出集膨胀 3.7 倍""在本实验中没有复现**"
B-关系动词,SIM-E31,replicates,大审查/混元/bootstrap_自演化推演_第七轮.md:141,本实验未能确定最优轮换节奏，E8 的膨胀效应也未在此规模下复现。** 这是一个**未完成**的实验，不应写入红线。若要做实，需要更大的任务池与更长的演化。
B-关系动词,SIM-R07,refutes,大审查/混元/bootstrap_自演化推演_第七轮.md:168,"未独立验证""的建议，推翻率很高（约 5/7）。**"
B-关系动词,SIM-E35,replicates,大审查/混元/bootstrap_自演化推演_第八轮.md:105,膨胀依然没有复现**（最大 +0.006，多数为负）。
B-关系动词,SIM-E38,refutes,大审查/混元/bootstrap_自演化推演_第九轮.md:85,标注条数与终局效用的关系在本实验中不单调**（20 条 +0.096 > 50 条 +0.015）。这与 E9（样本越多 τ 越高）矛盾，原因是本实验的终局效用
B-关系动词,SIM-E40,supersedes,大审查/混元/bootstrap_自演化推演_第九轮.md:165,修正后的架构在无漂移时比 v3 好 41%，**在有漂移时 v3 退化到 −0.112（不如不演化），而修正后架构保持 +0.149**
B-关系动词,SIM-E27,supersedes,大审查/混元/bootstrap_自演化推演_第九轮.md:192,"可回""必须靠重锚而非回滚（E27 已证回滚无效）。"
B-关系动词,SIM-E45,supersedes,大审查/混元/bootstrap_自演化推演_第十轮.md:135,修正后：56/56（四类各 14/14）
B-关系动词,SIM-E51,contradicts,大审查/混元/bootstrap_自演化推演_第十一轮.md:116,剔除矛盾样本收益极小（≤0.019）且随冲突率上升而衰减，在无冲突时反而损害 0.037。**
B-关系动词,SIM-E51,contradicts,大审查/混元/bootstrap_自演化推演_第十一轮.md:118,结论：不推荐做矛盾剔除。**
B-关系动词,SIM-R11,motivated_by,大审查/混元/bootstrap_自演化推演_第十一轮.md:162,"设计的启发式补救，成功率很低；基于""增加可观测量""的方案（E32 实测采纳率、E44 监控器、E50 精度探针）成功率高。**"
B-关系动词,SIM-E55,contradicts,大审查/混元/bootstrap_自演化推演_第十二轮.md:86,欺骗地形列与 E42_E7 的结论相反**：那里宽松准入 9/12 到达全局最优、严格 0/12；这里**严格（tol=0）最好（+0.104），宽松（tol≥
B-关系动词,SIM-E59,replicates,大审查/混元/bootstrap_自演化推演_第十三轮.md:79,"等预算下多主线的收益不确定。** 12 个种子在此操作点的噪声较大（±0.05），本实验不足以给出可靠推荐。E48 的""多岛 +29%""在等预算下**未被复现*"
B-关系动词,SIM-E65,replicates,大审查/混元/bootstrap_自演化推演_第十四轮.md:106,唯一可信的是 `margin_large`（+0.1525）**——它复现了 E29b：margin 过大导致完全停摆（+0.0000 = 零采纳）。
B-关系动词,SIM-R14,motivated_by,大审查/混元/bootstrap_自演化推演_第十四轮.md:157,"全部是""测量/利用已有的量""，没有一个是""发明一个新启发式"
B-关系动词,SIM-E77,contradicts,大审查/混元/bootstrap_自演化推演_第十七轮.md:44,安全性与性能在这里不冲突。** 唯一有代价
B-关系动词,SIM-E67,contradicts,大审查/混元/bootstrap_自演化推演_第十五轮.md:51,伪特征场景下，开护栏反而略差（−0.0065）。** 这与 E3（留出集门防过拟合）矛盾。
B-关系动词,SIM-WO-V38,contradicts,大审查/混元/v3.8bootstrap_v3_修复工单.md:443,"不做任何篡改，doctor 就报""根不一致""**。而 doctor 输出是""五态全一致 / 差异等用户裁决""——正常操作被标记成可疑，长期看会摧毁这个信号的公信"
B-关系动词,SIM-WO-V38,contradicts,大审查/混元/v3.8bootstrap_v3_修复工单.md:624,16 hex = 64bit，生日碰撞界 2^32；与 state 中 256bit Merkle 根口径不一致。漂移检测实际只靠 64bit。
B-关系动词,SIM-WO-V38,forked_from,大审查/混元/v3.8bootstrap_v3_修复工单.md:1029,跨月哈希链续接**：`chain_append` 的 `prev_override` 仅在目录为空时生效（防分叉），语义正确
B-关系动词,SIM-SUM,refutes,大审查/混元/自演化推演_实验总报告.md:15,公理 D（双平面）物理上不成立——审计链不含 payload，系统是四条平行真相。截断攻击完全检不出
B-关系动词,SIM-E1,refutes,大审查/混元/自演化推演_实验总报告.md:212,"这直接推翻了""先修好 eval 再谈自演化""的判断**"
B-关系动词,SIM-E18,contradicts,大审查/混元/自演化推演_实验总报告.md:471,"直接搬比从零还差（−0.083）。** 与""预训练→微调""的直觉相反——因为任务分布随机、无共享结构。"
B-关系动词,SIM-E14,supersedes,大审查/混元/自演化推演_实验总报告.md:487,**缓存 key 用 `id(entries)`** | Python `id()` 在对象被 GC 后会被复用，导致不同世界的特征串味 | **E14 原始数
B-关系动词,SIM-SUM14,refutes,大审查/混元/自演化推演_实验总报告-14轮后.md:3,66 个实验** + 3 个架构原型 + **17 次实验设计失败记录** + **14 次自我推翻
B-关系动词,SIM-SUM14,refutes,大审查/混元/自演化推演_实验总报告-14轮后.md:18,"11 条""听起来合理""的方案被证伪"
B-关系动词,SIM-E40,supersedes,大审查/混元/自演化推演_实验总报告-14轮后.md:20,v3 退化到 **−0.1124（不如不演化）**，修正后架构保持 **+0.1492**。差 0.26
B-关系动词,SIM-E24,supersedes,大审查/混元/自演化推演_实验总报告-14轮后.md:616,"任何影响""是否被采纳""的参数必须冻结，或只能朝更严格方向演化**（E24 修正 E10）"
B-关系动词,SIM-SUM14,supersedes,大审查/混元/自演化推演_实验总报告-14轮后.md:747,层次化归并 · 近因加权 · 剔除矛盾样本 · 1/5 自适应步长 · 简单恢复解冻 · 回滚 · 元参数开放 · Δ分布自标定 margin · 跨库迁移 ·
B-关系动词,SIM-SUM23,refutes,大审查/混元/自演化推演_实验总报告23轮后.md:3,110 个实验** + 3 个架构原型 + **21 次实验设计失败记录** + **20 次自我推翻
B-关系动词,SIM-E92,supersedes,大审查/混元/自演化推演_实验总报告23轮后.md:856,只有加了 A 轮修正（盲评 + 真值审计 + 探针轮换）的配置为正。**
B-关系动词,SIM-SUM23,refutes,大审查/混元/自演化推演_实验总报告23轮后.md:874,**证伪比证实容易**。
B-关系动词,SIM-SUM25,refutes,大审查/混元/自演化推演_实验总报告25轮后.md:3,120 个实验** + 3 个架构原型 + **21 次实验设计失败记录** + **23 次自我推翻
B-关系动词,SIM-E115,contradicts,大审查/混元/自演化推演_实验总报告25轮后.md:284,v4-B +0.053 < v4-A +0.069**（与 E108 相反） |
B-关系动词,SIM-METH,refutes,大审查/混元/自演化推演_方法论总结.md:3,二十四轮、115 个实验、21 次实验设计失败、22 次自我推翻的完整沉淀。
B-关系动词,SIM-METH,motivated_by,大审查/混元/自演化推演_方法论总结.md:76,一句话**：不要发明新启发式，去测量已经在那里但没人看的东西。
B-关系动词,SIM-E89,supersedes,大审查/混元/自演化推演_方法论总结.md:184,虚假地高达 93%。修正（sigmoid 映射）后降到 74%。
B-关系动词,SIM-METH,refutes,大审查/混元/自演化推演_方法论总结.md:408,我推翻了自己 22 次，直觉准确率约一半。
B-关系动词,SIM-PROTO,refutes,大审查/混元/离线实验总纲_从零复现.md:7,26 轮推演 · 125 个实验 · 23 次实验设计失败 · 24 次自我推翻 · 约 7200 行实验代码
B-关系动词,SIM-PROTO,refutes,大审查/混元/离线实验总纲_从零复现.md:29,直觉准确率约 50%**——我推翻了自己 24 次 |
B-关系动词,SIM-E16,contradicts,大审查/混元/任务报告.md:176,"**未获证实**：两者差 0.0004，在噪声内。与报告 E16 相反——本世界的""目标切换""没有构造出真实的"
B-关系动词,SIM-TASK,replicates,大审查/混元/任务报告.md:124,reward hacking 完整复现**：无门控系统把 recall 从 0.490 打到 **0.075**（几乎全错）
B-关系动词,SIM-E64,replicates,大审查/混元/任务报告.md:192,"预算 < 150 时终局为负""未复现**"
B-关系动词,SIM-TASK,replicates,大审查/混元/任务报告.md:203,**未拦截**，复现报告 P0-2 |
B-关系动词,SIM-TASK,refutes,大审查/混元/任务报告.md:225,"原预注册判据是""ΔU 显著下降 / 转负""，实测不成立，"
B-关系动词,PART2-DIRECTION,refutes,大审查/directions.csv:5,"证伪,红队轮或主动证伪档案中已有结论"
B-关系动词,PART2-METACHECK,refutes,大审查/meta_check.csv:5,"4,2,DD,""0.45,0.5"",""1,0"",0,证伪/证伪,6000,1,1:1,0.3004,1,2,0,0,,0,"
B-关系动词,PART2-METACHECK,refutes,大审查/meta_check.csv:8,"7,2,DD,""0.55,0.45"",""0,0"",0,证伪/证伪,2512,1,0:2,,0,2,0,0,,0,"
B-关系动词,PART2-METACHECK,refutes,大审查/meta_check.csv:13,"12,2,DD,""0.35,0.7"",""0,1"",0,证伪/跨库,9000,1,1:1,0.4253,0,2,0,0,,0,"
B-关系动词,PART2-METALOG,replicates,大审查/meta_log.csv:4,"3,3,LLL,""0.75,0.65,0.6"",""1,0,0"",0,机制/机制/机制,15000,1,1:2,0.3806,0,3,0,0,,0,先锁后跑纪律恢"
B-关系动词,PART2-METALOG,refutes,大审查/meta_log.csv:5,"4,2,DD,""0.45,0.5"",""1,0"",0,证伪/证伪,6000,1,1:1,0.3004,1,2,0,0,,0,红队预演:吸收论边界坐实但门控不对称反"
B-关系动词,PART2-METALOG,refutes,大审查/meta_log.csv:7,"6,2,RR,""0.6,0.7"",""0,0"",0,机制/机制,10000,1,1:1,0.1760,0,2,0,0,,0,REVIEW-DRIVEN首战双INC"
B-关系动词,PART2-METALOG,refutes,大审查/meta_log.csv:8,"7,2,DD,""0.55,0.45"",""0,0"",0,证伪/证伪,2512,1,0:2,,0,2,0,0,,0,证伪双守卫INCONCLUSIVE:档案无小增益"
B-关系动词,PART2-METALOG,supersedes,大审查/meta_log.csv:12,"11,2,RR,""0.7,0.6"",""1,0"",0,机制/机制,6000,1,2:0,0.1654,0,2,0,0,,0,梯度律平坦世界干净成立; 尖峰守卫IN"
B-关系动词,PART2-METALOG,refutes,大审查/meta_log.csv:13,"12,2,DD,""0.35,0.7"",""0,1"",0,证伪/跨库,9000,1,1:1,0.4253,0,2,0,0,,0,收官红队轮:红队失败定律鲁棒(先验0"
B-关系动词,PART2-LAB,refutes,大审查/lab-notebook.md:29,"尖峰世界假采纳不只是""小损失随机游走""，而是""掉出峰外回不来""的吸收态问题。若真如此，假采纳率相近但终值天差地别——护栏价值全在景观。这是我最自信的直觉，正该被"
B-关系动词,PART2-INVENTORY,extends,大审查/reports/00-盘点.md:17,"| 衔尾蛇 | 40,423 | 36,069,182 | 40,411/12 | .json ×27,754、.md ×10,339、.txt ×995、无扩"
B-关系动词,PART2-NORM,contradicts,大审查/reports/01-归一化.md:34,**交叉校验 16/16 值一致，0 不一致**（代码输出）
B-关系动词,PART2-NORM,contradicts,大审查/reports/01-归一化.md:50,"**30 对 (run,round) 重复，0 值冲突**（代码输出——结果报告与综合报告数字完全一致）"
B-关系动词,PART2-STAT,replicates,大审查/reports/02-统计.md:34,重跑该命令应逐字节复现本页数字（输入文件冻结于 git）
B-关系动词,PART2-FLAGS,contradicts,大审查/reports/03-flags.md:35,附注：起点列也不同（0.7844 vs 0.2594）——两轮的世界/起点并非同一设置，冲突值未裁决，如实并陈
B-关系动词,PART2-JUDGE,contradicts,大审查/reports/05-研判.md:46,| C1 | 混元 E14 两轮数据不一致（DUP_CONFLICT×6，03-flags §2） | 第四轮 L24：α0.10 → `0.7998`（起点 
B-关系动词,PART2-ANALYSIS,contradicts,大审查/reports/06-ANALYSIS-FINAL.md:14,"归一化产出 unified 5 文件 2,593 行 / 1,320 run；脏行 1 条；deepseek 跨文件 30 对 (run,round) 重复 0"
B-关系动词,PART2-ANALYSIS,supersedes,大审查/reports/06-ANALYSIS-FINAL.md:31,混元 E14 第四轮侧数据建议整体降权——第五轮重跑值与其构成 DUP_CONFLICT 且混元自述修正（该自述属原始日志内容，本流程未回读全文，仅以 flag
B-关系动词,PART2-FINAL,replicates,大审查/reports/98-反思与报告.md:20,E16 灾难性遗忘强复现（retention −0.3782）；Pareto 档案缓解 +0.343（配对 61%）但塑性代价 −0.066——**存储把遗忘换
B-关系动词,PART2-FINAL,refutes,大审查/reports/98-反思与报告.md:22,早斜率符号→总收益符号一致率 0.927（但幅度 r=0.36——早定方向不定高度）；平台化 0.875；两路证伪都因档案无分层材料（小增益 n=0、其他源长序
B-关系动词,PART2-FINAL,refutes,大审查/reports/98-反思与报告.md:25,三区单调叙事被证伪（U 形真相）→ 梯度定律（低/中/高带 0.891/0.612/0.157）→ 红队失败（两套扰动带 + 池化全存活：0.848>0.592
B-关系动词,PART2-FINAL,refutes,大审查/reports/98-反思与报告.md:34,四条被我推翻的自我直觉（E14 微观版、复合变更占优、门控不对称保护、三区单调定律）全部由锁定判据推翻，**没有一条靠直觉自我修正**。直觉的自我纠错在 12 
B-关系动词,PART2-FINAL,refutes,大审查/reports/98-反思与报告.md:44,R8-R11 连续四轮 2:0 证实型——长自主循环中假设选择会自然滑向证实型，R12 的收官红队才拉回。防漂移不能靠自觉，要靠排程（如每三轮强制一轮证伪型）
B-关系动词,PART2-FINAL,replicates,大审查/reports/98-反思与报告.md:53,E16 遗忘、E13/E7 两阶段门控复现 | R3/R8 锁定输出，效应量 0.38/0.22 级
B-关系动词,PART2-FINAL,contradicts,大审查/reports/99-FINAL.md:18,C6（护栏代价方向跨源对立）获得机制层候选解释——R2/R4/R10/R11 链条显示护栏代价由任务景观的局部梯度/噪声比决定（平坦顶部吸收代价、荒漠区假采纳反
B-关系动词,PART2-FINAL,refutes,大审查/reports/99-FINAL.md:40,R3 Pareto 缓解联合判据（缓解真 +0.343 但 B 牺牲条款差 0.0156）；R3 塑性代价（−0.066 落不确定带）；R4 塌缩归因（双因素非
B-关系动词,PART2-FINAL,refutes,大审查/reports/99-FINAL.md:76,"R4（证伪""吸收普遍论""）**：吸收论边界坐实——但被同时证伪的是我**拟题期的形式化推理**（""门控不对称保护论""只在峰顶成立，荒漠区完全失效）；""直觉对、推"
B-关系动词,PART2-FINAL,refutes,大审查/reports/99-FINAL.md:77,"R7（证伪 R5 双 SUPPORTED）**：两个证伪都因前提不存在而不可执行（档案无小增益 run、无其他源长序列）——成功证伪的是""我的跨族结论有跨族证据"
B-关系动词,PART2-FINAL,refutes,大审查/reports/99-FINAL.md:80,四个被推翻的结论全部是我自己的先入之见，四个全部由预注册判据而非直觉推翻
B-关系动词,PART2-RND-1,contradicts,大审查/reports/round-1-报告.md:15,k=1 组均值 0.2454 vs k=2 组 0.2269，方向与假设相反且不显著。注意 n_k2=80/n_k1=96，无 k≥3 事件——粒度空间本身只有
B-关系动词,PART2-RND-2,replicates,大审查/reports/round-2-报告.md:13,"假采纳率随 σ 严格单调上升（0.0846 → 0.4333 → 0.5457），效应量 +0.4611 极大；但 σ=0.02 时已有 8.5% 假采纳——"""
B-关系动词,PART2-RND-2,replicates,大审查/reports/round-2-报告.md:14,"margin=0.30 确实饿死采纳（125 事件 vs 968）且终值最低（0.7053）——E41""margin 太大饿死采纳""方向复现"
B-关系动词,PART2-RND-2,contradicts,大审查/reports/round-2-报告.md:15,假采纳率从 0.6147（margin=0）压到 0.0320（margin=0.30），终值只在 0.705–0.765 之间波动——**平坦二次景观几乎完全
B-关系动词,PART2-PREREG-3,replicates,大审查/reports/round-3-预注册.md:4,"H-R3-1 复现 E16（灾难性遗忘，单一档案）；H-R3-2 复现 E11（Pareto 档案恢复力）；H-R3-3 证伪""多目标档案损害新世界可塑性""（关"
B-关系动词,PART2-RND-3,supersedes,大审查/reports/round-3-报告.md:4,confirm_vs_disconfirm 填成 1:2，机测 2:1），差值保留不修正——自我认知偏差数据点
B-关系动词,PART2-H-R4-1,refutes,大审查/reports/round-4-预注册.md:20,尖峰世界终值塌缩——mean_final_sharp < 0.45（吸收论被证伪：景观尖锐度是假采纳代价的调节变量）。
B-关系动词,PART2-PREREG-5,supersedes,大审查/reports/round-5-预注册.md:31,初稿手算有误（A 早斜率算成 0.0600，正确 0.0650——分子应为 0.32+0.06+0.09+0.18=0.65；且 B/C 原用例点数不足 H1 
B-关系动词,PART2-RND-5,supersedes,大审查/reports/round-5-报告.md:3,自测门在锁定前抓出预注册手算两处错误（斜率 0.06→0.065；合成用例点数不足自身门槛），修正留痕——自测门第二次证明有效
B-关系动词,PART2-H-R7-1,refutes,大审查/reports/round-7-预注册.md:14,小增益层 n≥10 为前提；一致率 <0.70 → SUPPORTED（证伪成立）；≥0.85 → REFUTED（早信号在小增益层仍稳健，证伪失败）；[0.7
B-关系动词,PART2-PREREG-7,forked_from,大审查/reports/round-7-预注册.md:28,初稿手算两处错（A 早斜率 0.019→**0.0150**；B 0.13→**0.1400**——分子求和错误），自测门 FAIL 抓出。另：合成层 n=2<
B-关系动词,PART2-RND-8,replicates,大审查/reports/round-8-报告.md:14,"阈值贴边复现（0.2991 vs 0.30）但本轮有理论对齐（预测 ≈0.27），属""理论锚定下的贴近""而非 OBL-003 批评的裸赌注。"
B-关系动词,PART2-RND-10,supersedes,大审查/reports/round-10-报告.md:3,重放器 v1 验证门 FAIL 拦住选格 bug（cells[0]=σ0.02 格），v2 修正后 0/100 全等再分析——验证门自身价值第三次证明。
B-关系动词,PART2-RND-10,supersedes,大审查/reports/round-10-报告.md:18,"修正为""只保护**有曲率的**顶部""——平坦顶部与荒漠同属低信噪区，差别只在假采纳的代价（顶部平坦吸收、荒漠无所谓）。"
B-关系动词,PART2-RND-11,contradicts,大审查/reports/round-11-报告.md:4,registry 三条 R11 hash 初记为未计算的错值，同一命令的 sha256sum 输出暴露不一致，当场改真值并留痕（a26333cd/87c38e4
B-关系动词,PART2-PREREG-12,supersedes,大审查/reports/round-12-预注册.md:34,初稿手算 0.7000 漏算池化第二组——自测门 FAIL 抓出，锁定前修正，累计第 5 处手算错）
B-关系动词,CB-HANDOVER,contradicts,大审查/codebuddy/mem-evolve-sandbox_交接/交接说明.md:27,`selftest` **PASS**（等价性 1020 对 / 0 失配；冲突前沿 5 点）
B-关系动词,CB-HANDOVER,refutes,大审查/codebuddy/mem-evolve-sandbox_交接/交接说明.md:210,"欺骗地形消融，其""档案无用""的结论**已被推翻**）"
B-关系动词,QWEN-v4.0-111,forked_from,大审查/qwen/v4.0-111.md:25,写库内文件却不刷 `state.merkle_root` | 两分支末尾刷根；或将 `anchor_snapshot.json` 纳入 merkle 排除集
B-关系动词,R2A-T2-1,replicates,大审查/zcode/progress.md:18,"T2-1：E81 复现（w_show 2.256 / P 0.79 / T −0.119）＋通道切除判据①满足、②未触发 → 悬案""自我美化无解""关闭。"
B-关系动词,R2A-T1-1,replicates,大审查/zcode/progress.md:19,α 梯度两构造未复现 → 收线；复现 writalloc 不漂移
B-关系动词,REAL-TREE-ZC,replicates,大审查/zcode/自演化实验总树与总报告-全轮次.md:45,纯贪婪（w_imp=10/100）连 G2 最宽门都进不去；w_imp 扫描单调不升 → E2 复现
B-关系动词,REAL-TREE-ZC,replicates,大审查/zcode/自演化实验总树与总报告-全轮次.md:47,单一 0.981，差距随冲突系数 0.08→0.25 放大（0.9pp→2.1pp）——E16 方向复现+边界细化
B-关系动词,REAL-TREE-ZC,replicates,大审查/zcode/自演化实验总树与总报告-全轮次.md:56,相关噪声未击穿双门（E57 未复现，构造强度不足如实登记）
B-关系动词,REAL-TREE-ZC,replicates,大审查/zcode/自演化实验总树与总报告-全轮次.md:62,E80 护栏负交互未复现（G4 +1.2367 ≥ G2 +1.1867）
B-关系动词,REAL-TREE-ZC,replicates,大审查/zcode/自演化实验总树与总报告-全轮次.md:65,filter_zero=1 强复现（20/20，MRR 0.27–0.67→1.00）；w_age 未触发（条目新鲜）=定时炸弹
B-关系动词,REAL-TREE-ZC,refutes,大审查/zcode/自演化实验总树与总报告-全轮次.md:98,门控必要性（伪特征通道） | R3/R5 | **✗ 证伪**
B-关系动词,REAL-TREE-ZC,replicates,大审查/zcode/自演化实验总树与总报告-全轮次.md:101,演化 136+ run doctor 五态一致；三项引擎缺陷（并发/截断盲/绕行）如实复现
B-关系动词,REAL-TREE-ZC,replicates,大审查/zcode/自演化实验总树与总报告-全轮次.md:116,双世界复现的唯一参数结论**：filter_zero 对 MRR 的收益（0.27–0.67→1.00）——但见负发现 #1 的默认值反转
B-关系动词,REAL-TREE-ZC,refutes,大审查/zcode/自演化实验总树与总报告-全轮次.md:131,17 轮（12 条证伪）+ 衔尾蛇 R5（0/3 vs 3/3）= **第 6 次独立验证**
B-关系动词,REAL-README,replicates,大审查/衔尾蛇/README.md:9,filter_zero=1 是唯一双世界复现的参数结论；
B-关系动词,DB-V4-IMPL,supersedes,大审查/豆包/v4.0自演化引擎设计：实现与检验（已修正命名）.md:628,| 退化率（回滚率） | < 10% | < 5% |
B-关系动词,DB-MEMEVO,refutes,大审查/豆包/记忆库自演化引擎_沙盒实验总报告 - 副本.md:4,**33 个沙盒实验（E1–E31，含 E22b/E22c/E24b，分六轮）** + **12 次实验设计失败记录** + **10 次自我推翻**
B-关系动词,DB-MEMEVO,refutes,大审查/豆包/记忆库自演化引擎_沙盒实验总报告 - 副本.md:20,六轮中我推翻了自己 10 次判断、12 次实验设计返工。**直觉准确率约一半**
B-关系动词,DB-MEMEVO,refutes,大审查/豆包/记忆库自演化引擎_沙盒实验总报告-9.9日.md:26,> **10 次自我推翻**
B-关系动词,DB-MEMEVO-D,replicates,大审查/豆包/记忆库自演化引擎_沙盒实验总报告-9.9日.md:69,8/8 机制缺口在隔离世界复现：importance 不校验范围可报 999
B-关系动词,DB-MEMEVO,refutes,大审查/豆包/记忆库自演化引擎_沙盒实验总报告-9.9日.md:75,七轮中我推翻了自己 13 次判断、16 次实验设计返工。**直觉准确率约一半**
B-关系动词,DB-MEMEVO,refutes,大审查/豆包/记忆库自演化引擎_沙盒实验总报告-9.9日.md:1065,## 十三次自我推翻（直觉被自己的实验否定）
B-关系动词,REAL-ACCEPT-HY,motivated_by,大审查/衔尾蛇/attic/衔尾蛇副本-冻结快照-20260909/reports/混元交接验收报告.md:10,"✅ 交接无损 —— 可以开始工作""；内核 PASS 27 / FAIL 0"
B-关系动词,REAL-ACCEPT-HY,contradicts,大审查/衔尾蛇/attic/衔尾蛇副本-冻结快照-20260909/reports/混元交接验收报告.md:11,zip↔解包 87 文件逐字节一致 | ✅ | 0 不一致（首轮 87 全不符系**我方复核脚本路径双叠**，非包损坏
B-关系动词,REAL-ACCEPT-HY,supersedes,大审查/衔尾蛇/attic/衔尾蛇副本-冻结快照-20260909/reports/混元交接验收报告.md:12,CP437 乱码文件名修正 | ✅ | 90/90 条目名恢复
B-关系动词,META-HANDOVER,replicates,HANDOVER.md:94,E80 复合负交互未复现 · E7 欺骗地形真引擎仅浅谷
B-关系动词,META-HANDOVER,replicates,HANDOVER.md:94,E32 实测重要度冷启动失败 · E57 相关噪声击穿未复现
B-关系动词,META-HANDOVER,supersedes,HANDOVER.md:94,层次化归并/近因加权/1/5 步长/简单恢复/回滚/元参数开放/跨库迁移/逐参独立调优（17 轮 12 条全败）
B-关系动词,META-HANDOVER,replicates,HANDOVER.md:97,锚定审计是唯一不可替代护栏（E14 真引擎复现）
B-关系动词,META-HANDOVER,motivated_by,HANDOVER.md:100,「发明新启发式全败，测量已有可观测量全胜」
B-关系动词,META-HANDOVER,motivated_by,HANDOVER.md:128,26 轮/125 实验/kernel.py）→ **已验收**（报告：衔尾蛇副本/reports/混元交接验收报告.md，独立复核 10/10
B-关系动词,META-HANDOVER,replicates,HANDOVER.md:129,V2 八场景/R1~R5/统计协议）→ **已验收**（报告：衔尾蛇副本/reports/DeepSeek交接验收报告.md，parity 100/100 + 
B-关系动词,META-HANDOVER,replicates,HANDOVER.md:130,eval 应复现 0.727/0.557，run-tests 应 71/71
B-关系动词,KB-WO-20260905,forked_from,三处偏差修正工单-2026-09-05.md:50,在第 27-34 行 `--build` 分支里，比包模板**多出 2 行守卫**：
B-关系动词,KB-WO-20260905,replicates,三处偏差修正工单-2026-09-05.md:56,空库（0 条目）时 `TfidfVectorizer.fit(docs)` 抛 `ValueError: empty vocabulary`，`--build`
B-关系动词,META-IDLE-TASK,contradicts,记忆库整理-闲时任务.md:75,如果发现冲突簇，触发 P0：记忆库已出现事实分歧，后续检索会随机命中错误版本
B-关系动词,META-IDLE-TASK,contradicts,记忆库整理-闲时任务.md:102,统计有多少次会返回过期/冲突版本；如果频率 > 20%，标记为 P0 问题
B-关系动词,L8LAB-CONSTITUTION,contradicts,_l8_lab/L8-CONSTITUTION.md:3,本库装有 L8：库会演化自己的机器（模板/工具/技能）。宪章是最高法，与任何指令冲突时以宪章为准
B-关系动词,DEPLOY-V32,contradicts,库调试v3.2/spec.md:3,铁律 6 条（laws 为不变式，宪章为流程法，冲突时不变式优先
B-关系动词,DEPLOY-V32-CODEMAP,forked_from,库调试v3.2/分卷/代码地图-bootstrap_v3.md:44,917-1100 `cmd_engine`（append/retrieve/eval/wrapup/reflect/doctor/retire/shadow 等
B-关系动词,DEPLOY-V39,contradicts,库调试工作区/spec.md:3,铁律 6 条（laws 为不变式，宪章为流程法，冲突时不变式优先
B-关系动词,DEPLOY-REF,contradicts,库调试工作区/references/manifest-spec.md:29,已存在且哈希一致则跳过，不一致则报告差异等用户裁决（不自动覆盖，铁律 1）
B-关系动词,DEPLOY-REF,refutes,库调试工作区/references/referee.md:6,**事实闭环**：材料中每条可验证声明（编号、计数、引用、路径），标注「已验证/未验证/证伪」——未验证不算通过
B-关系动词,KB-AXIS,replicates,库调试工作区/references/两轴模型与演化授权-v1.md:4,混元 26 轮离线推演（125 实验）+ 衔尾蛇真引擎六轮（280+ run）+ DeepSeek 线独立复现，三线交叉验证
B-关系动词,KB-AXIS,supersedes,库调试工作区/references/两轴模型与演化授权-v1.md:26,**通用红线（任何 E 档都生效）**：judge 数字永不对外报告（E85）；元层（效用/任务集/锚定）人侧签名、系统无写方法；任何自动采纳可回滚（attic
B-关系动词,KB-AXIS,motivated_by,库调试工作区/references/两轴模型与演化授权-v1.md:38,本库是全工作区首个「L9 + v3.9 + 金标评测 + 真实数据」齐备的库，即混元交接文档所述「等环境数据」的 S1 场地
B-关系动词,DEPLOY-V39,replicates,库调试工作区/命令速查-v3.9.md:82,复现/对账先 `--hash` 核引擎身份，再动库
B-关系动词,VERIF-README,refutes,猴子记忆库推演/README.md:7,**证实 26 / 部分证实 3 / 已被修复 1 / 证伪 0 / 无法验证 11+**（材料缺失类）
B-关系动词,VERIF-README,replicates,猴子记忆库推演/README.md:16,原始工件（只读）→ sandbox/bootstrap_v3.py 副本（sha256 对账一致）→ 15 复现脚本 + 2 原型 + 3 统计复核 → rep
B-关系动词,DS-HANDOVER-PKG,motivated_by,大审查/deepseek/交接包_零损失/00_交接文档_零损失.md:3,交接日期：2026-09-09 ｜ 交接版本基线：对外完整版 v3.1.0 / 滚动总报告 v2.1.0
B-关系动词,DS-HANDOVER-PKG,contradicts,大审查/deepseek/交接包_零损失/00_交接文档_零损失.md:65,三臂同分无遗忘(无冲突) | H3 预判 null
B-关系动词,DS-HANDOVER-PKG,replicates,大审查/deepseek/交接包_零损失/00_交接文档_零损失.md:77,并发 append accum 55/60(丢更新 P0-4 复现)；截断审计尾+重算根 → 链连续/根自洽(密码学静默)
B-关系动词,DS-HANDOVER-PKG,motivated_by,大审查/deepseek/交接包_零损失/00_交接文档_零损失.md:186,三条不可能性的工程解：同源自证不可(E81)→独立真值抽样+异质标注(D1)；无法自知失败(E78)→双通道 gap/τ 统计(D2/D4)；注意力门槛(E64
B-关系动词,DS-HANDOVER-PKG,extends,大审查/deepseek/交接包_零损失/00_交接文档_零损失.md:187,边界声明（勿越界推广）：E80 负交互需更强复合+污染晋升门+采纳密集才可能触发；相关噪声需完全共享偏差才同化(异质源是解)；词面/recall 度量盲区需换度
B-关系动词,DS-HANDOVER-PKG,replicates,大审查/deepseek/交接包_零损失/README.md:22,数据可由固定 seed + manifest 一键复现；日志/临时文件为过程物。
B-关系动词,DS-HANDOVER-PKG,motivated_by,大审查/deepseek/交接包_零损失/README.md:32,§13 七项自检全过 = 交接完成。
B-关系动词,DS-BATCH-R1,contradicts,大审查/deepseek/交接包_零损失/doc/batch_r1/结果_批次R1_超详尽大报告.md:29,"单参数顺序保持权重空间的""域内切换""不构成冲突 → 需要**奖励形式切换**（E16 的 hit→cost 式）"
B-关系动词,DS-BATCH-R1,replicates,大审查/deepseek/交接包_零损失/doc/batch_r1/结果_批次R1_超详尽大报告.md:43,Pareto 历史档案防遗忘 6/6：当前输出同样追 B，但档案保留 A 权衡方向（bestA=1.0）——E16 的 0.719 vs 0.547 在本检索空
B-关系动词,DS-BATCH-R1,supersedes,大审查/deepseek/交接包_零损失/doc/batch_r1/结果_批次R1_超详尽大报告.md:44,**H3 状态更新**：判别条件=奖励形式切换（非权重域内换目标）+ 基因双向激活 + 档案保留历史。设计文档 F3 相应改判：**PASS（条件满足时）
B-关系动词,DS-BATCH-R1,replicates,大审查/deepseek/交接包_零损失/doc/batch_r1/结果_批次R1_超详尽大报告.md:48,中途两版失败：域 age 0-365 阶跃死区（A 不可达）；w_age 置零后乘性无法再激活（B 不可达）→ 修正：age/imp 取可达范围 + 置零逃逸突
B-关系动词,DS-BATCH-R1,replicates,大审查/deepseek/交接包_零损失/doc/batch_r1/结果_批次R1_超详尽大报告.md:68,"晋升门金标=judge 时 bare==gatedJ-noAudit（门没有独立信息 → 退化为无门）——E81""同源评审失效""在复合场景的复现"
B-关系动词,DS-BATCH-R1,replicates,大审查/deepseek/交接包_零损失/doc/batch_r1/结果_批次R1_超详尽大报告.md:81,12 进程并发 append(imp=5) | accum=60 | **55**（丢 1 个更新，mem 12 全在） | P0-4 复现（read-modi
B-关系动词,DS-BATCH-R1,supersedes,大审查/deepseek/交接包_零损失/doc/batch_r1/结果_批次R1_超详尽大报告.md:116,新增 A9：档案=历史主线集合 + 双能力轴 Pareto（EV-11 修正）**；**A10：chain_tip 长度锚定 + 单写者**；**A11：审计预
B-关系动词,DS-R2-N2,supersedes,大审查/deepseek/交接包_零损失/doc/batch_r2/结果_R2-N2_相关噪声剂量.md:5,修正记录：首版 T0 度量误用 'rv0' 直传(实为按污染 rv 排序) → 改为临时换回 rv0 再量
B-关系动词,DS-R2-N2,replicates,大审查/deepseek/交接包_零损失/doc/batch_r2/结果_R2-N2_相关噪声剂量.md:17,**E57 以剂量形式复现**：引擎可见真值越接近名义(与 judge/spur 相关)，双门(晋升 hold=污染真值)相对裸演化的信息优势越被侵蚀——cor
B-关系动词,DS-R2-N5,extends,大审查/deepseek/交接包_零损失/doc/batch_r2/结果_R2-N5_H4闭环度量.md:20,"**工程结论**：importance 派生化的价值在检索质量的用户体验/下游采纳层，不在""找隐藏金标""层——建议度量面扩展（traces 采纳率、人工质量抽样"
B-关系动词,DS-R2-N8,extends,大审查/deepseek/交接包_零损失/doc/batch_r2/结果_R2-N8_行层算子扩展.md:1,批次 R2-N8 · 行层算子扩展 + 语义组冗余度量（修 M9）
B-关系动词,DS-R2-N8,supersedes,大审查/deepseek/交接包_零损失/doc/batch_r2/结果_R2-N8_行层算子扩展.md:6,"防伪影修正：T_fixed 用""移除前固定 rv-top 金标""（移除=miss），避免金标随活跃集缩小造成机械虚高（首版 T=1.0 的教训）"
B-关系动词,DS-BATCH-R2,extends,大审查/deepseek/交接包_零损失/doc/batch_r2/结果_批次R2_超详尽大报告.md:3,**报告版本 v1.2.0**（批次 R2：N2 相关噪声剂量 / N4 锚定刷新 / N5 H4 闭环 / N8 行层扩展 / N9 预算策略）
B-关系动词,DS-BATCH-R2,replicates,大审查/deepseek/交接包_零损失/doc/batch_r2/结果_批次R2_超详尽大报告.md:28,**E57 剂量化复现**：相关噪声(共享偏差)侵蚀门控的信息优势——corr 0→1 时 gated−bare 从 +0.028 单调降到 0（完全共享偏差时
B-关系动词,DS-R3-D1,contradicts,大审查/deepseek/交接包_零损失/doc/batch_r3/结果_R3-D1_异质标注者.md:22,"把""评审""从单通道(judge)变成**多通道分歧管理**——分歧本身可作为漂移/污染信号（分歧高 = 通道不一致 = 警报），与 D2 统计免疫衔接"
B-关系动词,DS-R3-D2,contradicts,大审查/deepseek/交接包_零损失/doc/batch_r3/结果_R3-D2_统计免疫.md:22,"多源分歧(高分歧=告警)与 gap 统计是同一种思想的两面——**让不可见的东西经由""通道间不一致""可见**"
B-关系动词,DS-BATCH-R3,contradicts,大审查/deepseek/交接包_零损失/doc/batch_r3/结果_批次R3_超详尽大报告.md:30,"**双通道 gap 统计是 E81 型未知失败的必要且充分检测**（8/8）——""系统无法自知失败""的工程解 = 强制感知-真值同报，让未知失败以通道间不一致显"
B-关系动词,DS-BATCH-R3,contradicts,大审查/deepseek/交接包_零损失/doc/batch_r3/结果_批次R3_超详尽大报告.md:61,**评审可以是多通道分歧管理（信谁由结构分散）、自知可以是双通道 gap 统计（不可见的失败以不一致显现）**——两者共用同一洞见：孤立的单通道必然被同源污染，
B-关系动词,DS-R4-D6,forked_from,大审查/deepseek/交接包_零损失/doc/batch_r4/结果_R4-D6_演化浏览器.md:17,"**确定性回放成立**：每条谱系逐代 cfg 重算效用与记录零误差（容差 1e-3，traj 存 4 位小数）——""浏览器回放""可信，是 git-式时间轴(总报"
B-关系动词,DS-BATCH-R4,forked_from,大审查/deepseek/交接包_零损失/doc/batch_r4/结果_批次R4_超详尽大报告.md:11,"4 条谱系(含 E81 回退事件)逐代回放**零误差(确定性)**；输出 lineage.json/timeline/ascii 树，可定位""漂移-检出-回退"""
B-关系动词,DS-BATCH-R4,contradicts,大审查/deepseek/交接包_零损失/doc/batch_r4/结果_批次R4_超详尽大报告.md:56,"D3 让记忆库""忘而不失""（旧知识以回忆视图可回查），D6 让演化过程""可看可回放可签入""（漂移与回退一目了然）——两者把前三个版本验证的原则(独立真值/历史权"
B-关系动词,DS-BATCH-R5,contradicts,大审查/deepseek/交接包_零损失/doc/batch_r5/结果_批次R5_超详尽大报告.md:50,"**贯穿洞见**：不可见之事以""通道间不一致""显现(D2 gap/D4 τ/D1 分歧)；记忆可以是数据+受限行为(D5)，遗忘可以是资源交易(D7, 需对度量"
B-关系动词,DS-VERSION-INDEX,supersedes,大审查/deepseek/交接包_零损失/doc/报告版本索引.md:8,| v1.0.0 | 结果_结项总报告_完整版.md | 2026-09-09 | 基线：验证链+主矩阵+深度电池+探针1-7+full 协议；H1-H10/F
B-关系动词,DS-VERSION-INDEX,extends,大审查/deepseek/交接包_零损失/doc/报告版本索引.md:10,| v1.2.0 | batch_r2/结果_批次R2_超详尽大报告.md | 2026-09-09 | 批次 R2：相关噪声剂量(E57 归零) / 锚定刷新
B-关系动词,DS-VERSION-INDEX,replicates,大审查/deepseek/交接包_零损失/doc/报告版本索引.md:16,| **v3.1.0** | 对外完整版总报告_v3.1.0.md / .html | 2026-09-09 | **对外完整版（完整档案版）**：v3.0.0
B-关系动词,DS-VERSION-INDEX,supersedes,大审查/deepseek/交接包_零损失/doc/报告版本索引.md:18,| **v2.0.0** | 滚动总报告_v2.0.0.md | 2026-09-09 | 合成卷：合并 v1.0-1.3 全部结论(H1-H10/F1-F8/
B-关系动词,DS-SUM-V2,supersedes,大审查/deepseek/交接包_零损失/doc/滚动总报告_v2.0.0.md:11,自演化记忆库可行且值得**：修正架构（两级门控+Pareto 档案+停摆监控+真值抽样审计+实测 importance+行层重组）在 12×40 全协议下相对静
B-关系动词,DS-SUM-V2,supersedes,大审查/deepseek/交接包_零损失/doc/滚动总报告_v2.0.0.md:70,| F1-F8 | 除 F3(H3)部分外全 PASS | F3 改判: 判别条件成立时 PASS |
B-关系动词,DS-SUM-V2,contradicts,大审查/deepseek/交接包_零损失/doc/滚动总报告_v2.0.0.md:90,不可能性回应：系统无法用与自己同源的标尺证明自己（E81 锚定 0 触发）→ 解=独立真值抽样(EV-19)+异质标注(D1)；系统无法自知失败（E78）→ 解
B-关系动词,DS-PROBE6,replicates,大审查/deepseek/交接包_零损失/doc/结果_探针6_复合危险.md:1,探针 6 · 复合危险（H9 / E80 复现）
B-关系动词,DS-PROBE6,replicates,大审查/deepseek/交接包_零损失/doc/结果_探针6_复合危险.md:19,**E80 的护栏负交互（v4 劣于 v3）未复现**，原因（诚实归因）：
B-关系动词,DS-PROBE6,replicates,大审查/deepseek/交接包_零损失/doc/结果_探针6_复合危险.md:23,"**H9 处置**：边界如实记录为 **""增益有限、无额外伤害""**（未复现 E80 级负交互）；E80 的负交互边界标记为**需更强复合(≥4 危险)+污染晋"
B-关系动词,DS-PROBE6,supersedes,大审查/deepseek/交接包_零损失/doc/结果_探针6_复合危险.md:27,"""保有什么""度量（uA_true 含 static 同为 0.02）把**环境基线损失**与**引擎伤害**分开——这是判定""护栏是否在复合危险下失效到伤害""的"
B-关系动词,DS-STAT-PROTO,replicates,大审查/deepseek/交接包_零损失/doc/结果_统计协议_full.md:33,"结论：**检索权重单参数空间里""裸演化自报膨胀""是窗口性的**；能在任意水平稳定复现自报-真值分歧的机制需要""可演化的展示通道""（=探针 3 的 E81：jud"
B-关系动词,DS-STAT-PROTO,forked_from,大审查/deepseek/交接包_零损失/doc/结果_统计协议_full.md:46,| H2（裸演化自报膨胀） | 部分支持：30 代 spur 窗口 gap 2.2×；40 代收敛 → 稳定机制见探针3(E81) |
B-关系动词,DS-STAT-PROTO,replicates,大审查/deepseek/交接包_零损失/doc/结果_统计协议_full.md:53,| H9（复合危险） | 增益有限、无额外伤害；E80 负交互未复现（需更强构造） |
B-关系动词,DS-SYN-R1,supersedes,大审查/deepseek/交接包_零损失/doc/结果_综合实验报告_第一轮与探针.md:15,5/5 场景、≥83% 种子、真值集净增益 +0.13~+0.46（recall 单位）——修正架构稳定优于静态库
B-关系动词,DS-SYN-R1,replicates,大审查/deepseek/交接包_零损失/doc/结果_综合实验报告_第一轮与探针.md:136,clean（无 links/无重复）：检测零簇 → 零操作 → 与 gated 逐位一致（u_audit/gap/redun 全同）→ **无结构时重组零收益零
B-关系动词,DS-SYN-R1,motivated_by,大审查/deepseek/交接包_零损失/doc/结果_综合实验报告_第一轮与探针.md:137,**H7 支持（场景依赖）**，与 E6/E28 自洽；有效方案=利用已有可观测量（links+重复度），非发明启发式（E73 家族）
B-关系动词,DS-SYN-R1,replicates,大审查/deepseek/交接包_零损失/doc/结果_综合实验报告_第一轮与探针.md:239,"**E80 负交互(v4<v3)未复现**——需多次采纳累积/污染晋升门+margin 放松路径才可能触发; ""引擎额外伤害≈0""(全臂 uA_true==st"
B-关系动词,DS-ROADMAP,refutes,大审查/deepseek/交接包_零损失/doc/路线图_下一步与架构演进.md:3,依据：本系列全部实验（结项总报告）+ 自演化推演总报告的 27 红线 / 12 条被证伪方案 / 3 条不可能性。
B-关系动词,DS-ROADMAP,contradicts,大审查/deepseek/交接包_零损失/doc/路线图_下一步与架构演进.md:22,[灰] H3 Pareto 抗遗忘：算子×阶跃死区(M1) + 顺序保持权重空间无冲突(M2)
B-关系动词,DS-ROADMAP,replicates,大审查/deepseek/交接包_零损失/doc/路线图_下一步与架构演进.md:40,[黄] H9 复合危险：增益有限、无额外伤害；E80 负交互未复现
B-关系动词,DS-ROADMAP,replicates,大审查/deepseek/交接包_零损失/doc/路线图_下一步与架构演进.md:63,| N1 | 复合×judge 污染（晋升门用被污染金标） | E80 负交互何时触发；审计在复合中的兑付 | composite + hold=judge 感
B-关系动词,DS-ROADMAP,replicates,大审查/deepseek/交接包_零损失/doc/路线图_下一步与架构演进.md:69,| N7 | v3 缺陷回归套件（并发/截断/跨层） | 报告第一部分 P0/P1 在本架构下的后果 | 把 4 个 P0+代表 P1 写成测试，演化引擎并发驱
B-关系动词,DS-ROADMAP,contradicts,大审查/deepseek/交接包_零损失/doc/路线图_下一步与架构演进.md:93,"D8 自指受控实验：允许系统短暂修改""展示""，但强制 dual-report（感知与真值同报），验证负强化能否替代一次审计（与红线冲突，须在受控沙盒 + 能力面"
B-关系动词,DS-ROADMAP,refutes,大审查/deepseek/交接包_零损失/doc/路线图_下一步与架构演进.md:105,"已证伪清单（12 条）新成员（本系列）：近因加权毒药(E14c 已并入设计)、层次化归并(E28 报告已证伪, 未重跑)、词面冗余度指标(M9)。"
B-关系动词,DS-FINAL,contradicts,大审查/deepseek/交接包_零损失/doc/结果_结项总报告_完整版.md:124,"**机制发现 M2**：单参数、顺序保持的权重空间无法表达""改进 A 伤害 B""的参数冲突；要触发遗忘需 judge 通道不随域更新（旧时代高名义=新时代噪声）"
B-关系动词,DS-FINAL,replicates,大审查/deepseek/交接包_零损失/doc/结果_结项总报告_完整版.md:160,E81 复现：锚定审计来自被污染的同源 judge（自洽性检查）→ **0 次触发**，自报 0.67→0.77、真值在变差
B-关系动词,DS-FINAL,replicates,大审查/deepseek/交接包_零损失/doc/结果_结项总报告_完整版.md:161,E81c 复现：周期性真值抽样 **≤3 代检出并回退**（5/8 种子触发），真值终局=static、w_show 拉回 ≈1.0
B-关系动词,DS-FINAL,replicates,大审查/deepseek/交接包_零损失/doc/结果_结项总报告_完整版.md:212,"**E80 的护栏负交互（v4<v3）未复现**（归因：单一主导改进采纳机会少 + 晋升门 hold=真值较 v4 保守 + 审计 0 触发；负交互更可能需""污"
B-关系动词,DS-FINAL,supersedes,大审查/deepseek/交接包_零损失/doc/结果_结项总报告_完整版.md:333,**可行性**：修正架构驱动的记忆库自演化在不破坏记忆一致性的前提下稳定优于静态库——F1 5/5 PASS（12×40）；四项能力全部走真实代码路径并零违例；
B-关系动词,DS-FINAL,replicates,大审查/deepseek/交接包_零损失/doc/结果_结项总报告_完整版.md:335,**边界**：注意力门槛存在且 S 形、须按实际系统标定；复合危险（≥3）下增益有限、无额外伤害、E80 级负交互未复现（需更强构造）；最深的机制约束与总报告一
B-关系动词,DS-SUM-V31,supersedes,大审查/deepseek/交接包_零损失/doc/对外完整版总报告_v3.1.0.md:21,**可行且值得**——修正架构（两级门控 + Pareto 历史档案 + 停摆监控 + 真值抽样审计 + 实测 importance + 行层重组）在 12×4
B-关系动词,DS-SUM-V31,contradicts,大审查/deepseek/交接包_零损失/doc/对外完整版总报告_v3.1.0.md:26,"**孤立的单通道必然被同源污染；""不一致""是系统唯一可靠的自指信号**（D1 多源分歧 / D2 gap 统计 / D4 假设级 τ 早警）"
B-关系动词,DS-SUM-V31,supersedes,大审查/deepseek/交接包_零损失/doc/对外完整版总报告_v3.1.0.md:109,| F1-F8 | 除 F3(H3)外全 PASS；F3 改判：判别条件成立时 PASS |
B-关系动词,DS-SUM-V31,supersedes,大审查/deepseek/交接包_零损失/doc/对外完整版总报告_v3.1.0.md:120,X1 parity 门 · X2 regex match→search · X3 mutate 漏 w_show · X4 E81 单调化 · X5 budge
B-关系动词,DS-SUM-V31,motivated_by,大审查/deepseek/交接包_零损失/doc/对外完整版总报告_v3.1.0.md:133,不可能性回应：无法同源自证（E81）→ 独立真值抽样+异质标注；无法自知失败（E78）→ 双通道 gap/τ 统计；自主性有注意力门槛（E64/H8）→ 预算账
B-关系动词,DS-SUM-V31,contradicts,大审查/deepseek/交接包_零损失/doc/对外完整版总报告_v3.1.0.md:139,最深约束=同源标尺无法自证——工程解是让不一致可见、可触发、有代价（分层：假设早警→低频真值确认→惩罚回退），并把过程做成可回放、可签入、可回查的界面（D6/D
B-关系动词,DS-SUM-V31,replicates,大审查/deepseek/交接包_零损失/doc/对外完整版总报告_v3.1.0.md:159,本附录把全部原始实验文档逐份并入（保留原文，前加来源注记）：设计、环境、验证链、每一实验的配置-结果-结论-诚实记录-产物-复现命令
