experiment_id,universe,claim_count,claim_types,status_mix,source_files
CB-HANDOVER,CB,23,hypothesis|method|parameter|result|verdict,verified:20|open:3,1
CB-MEMEVOLVE,CB,65,hypothesis|method|parameter|result|verdict,verified:48|open:10|refuted:4|superseded:2|contradicted:1,4
DB-AGORA,DB,34,hypothesis|method|result|verdict,verified:27|open:6|refuted:1,1
DB-CODEAUDIT,DB,34,hypothesis|parameter|result|verdict,open:28|verified:6,2
DB-E32,DB,1,result,verified:1,1
DB-E33,DB,1,result,verified:1,1
DB-E34,DB,1,result,verified:1,1
DB-E36,DB,1,result,verified:1,1
DB-E39,DB,1,result,verified:1,1
DB-L9PATCH,DB,16,method|parameter|result|verdict,open:14|verified:2,1
DB-MEMEVO,DB,16,method|parameter|verdict,verified:9|superseded:5|contradicted:2,2
DB-MEMEVO-D,DB,1,result,verified:1,1
DB-MEMEVO-D1,DB,1,result,verified:1,1
DB-MEMEVO-D6,DB,1,result,verified:1,1
DB-MEMEVO-E1,DB,1,result,verified:1,1
DB-MEMEVO-E13,DB,1,result,verified:1,1
DB-MEMEVO-E14,DB,1,result,verified:1,1
DB-MEMEVO-E18,DB,1,result,verified:1,1
DB-MEMEVO-E19,DB,1,result,verified:1,1
DB-MEMEVO-E2,DB,1,result,verified:1,1
DB-MEMEVO-E24b,DB,1,result,verified:1,1
DB-MEMEVO-E32,DB,2,result,verified:2,1
DB-MEMEVO-E33,DB,1,result,verified:1,1
DB-MEMEVO-E34,DB,1,result,verified:1,1
DB-MEMEVO-E35,DB,1,result,verified:1,1
DB-MEMEVO-E36,DB,1,result,verified:1,1
DB-MEMEVO-E37,DB,1,result,verified:1,1
DB-MEMEVO-E38,DB,1,verdict,verified:1,1
DB-MEMEVO-E39,DB,1,result,verified:1,1
DB-MEMEVO-E40,DB,1,result,verified:1,1
DB-MEMEVO-E41,DB,1,result,verified:1,1
DB-MEMEVO-E42,DB,1,result,verified:1,1
DB-MEMEVO-E43,DB,1,result,verified:1,1
DB-MEMEVO-E6,DB,1,result,verified:1,1
DB-PLAN,DB,1,method,open:1,1
DB-R7,DB,1,result,verified:1,1
DB-T0-1,DB,1,method,open:1,1
DB-T0-2,DB,1,method,open:1,1
DB-T1-1,DB,1,hypothesis,open:1,1
DB-T2-1,DB,1,hypothesis,open:1,1
DB-T3-1,DB,1,hypothesis,open:1,1
DB-T4-1,DB,1,hypothesis,open:1,1
DB-V4-EXPLORE,DB,14,verdict,verified:14,1
DB-V4-IMPL,DB,13,hypothesis|method|parameter,verified:9|open:4,1
DB-V4-WO,DB,11,hypothesis|method|parameter|result,verified:6|open:2|contradicted:2|superseded:1,1
DEPLOY-AX1,DEPLOY,1,result,verified:1,1
DEPLOY-REF,DEPLOY,39,method|parameter|verdict,verified:39,5
DEPLOY-S0,DEPLOY,29,method|parameter|result|verdict,verified:29,2
DEPLOY-V32,DEPLOY,33,method|parameter|verdict,verified:33,4
DEPLOY-V32-CODEMAP,DEPLOY,10,method|parameter,verified:10,1
DEPLOY-V32-LIFELOG,DEPLOY,51,parameter|result,verified:51,1
DEPLOY-V39,DEPLOY,73,hypothesis|method|parameter|result|verdict,verified:71|superseded:2,6
DEPLOY-V39-LIFELOG,DEPLOY,51,parameter|result,verified:51,1
DS-BATCH-R1,DS,30,hypothesis|method|parameter|result|verdict,verified:30,1
DS-BATCH-R2,DS,27,method|parameter|result|verdict,verified:27,1
DS-BATCH-R3,DS,11,method|parameter|result|verdict,verified:11,1
DS-BATCH-R4,DS,13,method|parameter|result|verdict,verified:13,1
DS-BATCH-R5,DS,14,method|parameter|verdict,verified:14,1
DS-D1,DS,1,verdict,verified:1,1
DS-D2,DS,1,verdict,verified:1,1
DS-D3,DS,1,verdict,verified:1,1
DS-D4,DS,1,verdict,verified:1,1
DS-D5,DS,1,verdict,verified:1,1
DS-D6,DS,1,verdict,verified:1,1
DS-D7,DS,1,verdict,verified:1,1
DS-D8,DS,1,verdict,refuted:1,1
DS-DESIGN,DS,22,hypothesis|method|parameter|result,open:21|verified:1,1
DS-FINAL,DS,23,parameter|result|verdict,verified:22|superseded:1,1
DS-H1,DS,1,hypothesis,open:1,1
DS-H10,DS,1,hypothesis,open:1,1
DS-H2,DS,1,hypothesis,open:1,1
DS-H3,DS,1,hypothesis,open:1,1
DS-H4,DS,1,hypothesis,open:1,1
DS-H5,DS,1,hypothesis,open:1,1
DS-H6,DS,1,hypothesis,open:1,1
DS-H6B,DS,1,hypothesis,open:1,1
DS-H7,DS,1,hypothesis,open:1,1
DS-H8,DS,1,hypothesis,open:1,1
DS-H9,DS,1,hypothesis,open:1,1
DS-HANDOVER-PKG,DS,48,method|parameter|result|verdict,verified:48,2
DS-P1,DS,23,hypothesis|method|parameter|result|verdict,verified:14|superseded:5|open:4,4
DS-P2,DS,22,method|result|verdict,verified:20|open:2,4
DS-P3,DS,20,method|result|verdict,verified:16|open:4,4
DS-P4,DS,8,result|verdict,verified:8,2
DS-P5,DS,7,method|result|verdict,verified:6|open:1,2
DS-P6,DS,7,result|verdict,verified:6|open:1,2
DS-PROBE4,DS,13,hypothesis|method|result|verdict,verified:13,1
DS-PROBE5,DS,9,hypothesis|method|parameter|result|verdict,verified:9,1
DS-PROBE6,DS,11,hypothesis|method|result|verdict,verified:11,1
DS-R1,DS,2,parameter|verdict,open:1|verified:1,1
DS-R1-1,DS,23,method|parameter|result|verdict,verified:17|open:6,4
DS-R1-2,DS,17,hypothesis|method|result|verdict,verified:11|open:6,3
DS-R1-3,DS,13,method|result|verdict,verified:10|open:3,3
DS-R1-4,DS,12,parameter|result|verdict,verified:9|open:3,3
DS-R2-N2,DS,9,hypothesis|method|result|verdict,verified:9,2
DS-R2-N4,DS,8,hypothesis|method|result|verdict,verified:8,2
DS-R2-N5,DS,7,hypothesis|method|result|verdict,verified:7,1
DS-R2-N8,DS,12,hypothesis|method|parameter|result|verdict,verified:12,2
DS-R2-N9,DS,7,hypothesis|method|result|verdict,verified:7,2
DS-R3-D1,DS,10,hypothesis|method|result|verdict,verified:10,1
DS-R3-D2,DS,11,hypothesis|method|parameter|result|verdict,verified:11,1
DS-R4-D3,DS,8,hypothesis|method|result|verdict,verified:8,1
DS-R4-D6,DS,7,hypothesis|method|result|verdict,verified:7,1
DS-R5-D4,DS,9,hypothesis|method|result|verdict,verified:9,1
DS-R5-D5,DS,9,hypothesis|method|result|verdict,verified:9,1
DS-R5-D7,DS,7,hypothesis|method|result|verdict,verified:7,1
DS-R5-D8,DS,7,hypothesis|method|result|verdict,verified:7,1
DS-REPORT,DS,35,hypothesis|method|parameter|result|verdict,verified:25|open:9|superseded:1,5
DS-ROADMAP,DS,20,hypothesis|parameter|result|verdict,verified:14|open:6,1
DS-STAT-PROTO,DS,22,method|parameter|result|verdict,verified:21|superseded:1,1
DS-SUM-V2,DS,39,method|parameter|result|verdict,verified:39,1
DS-SUM-V31,DS,21,method|parameter|result|verdict,verified:21,1
DS-SYN-R1,DS,36,method|parameter|result|verdict,verified:35|superseded:1,1
DS-V2,DS,31,parameter|result|verdict,verified:25|superseded:3|open:3,4
DS-VERSION-INDEX,DS,11,parameter,verified:11,1
GLM-WEB-v4.0,GLM,38,hypothesis|method|result|verdict,verified:23|open:13|contradicted:2,4
GLM-WO-v3.10,GLM,11,hypothesis|method|result|verdict,verified:7|open:3|superseded:1,1
GLM-WO-v3.8,GLM,17,hypothesis|method|parameter|result,verified:14|open:1|refuted:1|superseded:1,1
KB-AXIS,KB,19,method|parameter|result|verdict,verified:18|open:1,1
KB-D001,KB,2,verdict,verified:2,1
KB-D002,KB,2,verdict,verified:2,1
KB-D003,KB,2,parameter|verdict,verified:2,1
KB-D004,KB,2,method|verdict,verified:2,1
KB-INDEX,KB,12,method|parameter|result|verdict,verified:12,1
KB-P001,KB,1,method,verified:1,1
KB-P002,KB,1,method,verified:1,1
KB-P003,KB,1,method,verified:1,1
KB-P004,KB,1,verdict,verified:1,1
KB-P005,KB,2,result|verdict,verified:2,1
KB-P006,KB,2,result|verdict,verified:2,1
KB-P007,KB,2,result,verified:2,1
KB-P008,KB,2,result|verdict,verified:1|open:1,1
KB-P009,KB,2,method|result,verified:2,1
KB-P010,KB,2,result|verdict,verified:2,1
KB-P011,KB,2,result|verdict,verified:2,1
KB-P012,KB,2,result|verdict,verified:2,1
KB-P013,KB,2,method|result,verified:2,1
KB-P014,KB,2,result|verdict,verified:2,1
KB-PT001,KB,1,result,verified:1,1
KB-PT002,KB,1,result,verified:1,1
KB-PT003,KB,1,result,verified:1,1
KB-PT004,KB,1,result,verified:1,1
KB-PT005,KB,1,result,verified:1,1
KB-PT006,KB,3,method|verdict,verified:3,1
KB-PT007,KB,1,result,verified:1,1
KB-PT008,KB,1,result,verified:1,1
KB-PT009,KB,2,method|result,verified:2,1
KB-PT010,KB,1,result,verified:1,1
KB-PT011,KB,2,result,verified:2,1
KB-PT012,KB,2,method|result,verified:2,1
KB-PT013,KB,2,result,verified:2,1
KB-REFLECT,KB,9,result|verdict,verified:9,1
KB-TASK-001,KB,4,method|result|verdict,verified:4,1
KB-TASK-002,KB,4,method|verdict,verified:4,1
KB-TASK-003,KB,4,method|result,verified:4,1
KB-TASK-004,KB,4,method|result|verdict,verified:4,1
KB-TASK-005,KB,4,parameter|result|verdict,verified:4,1
KB-TASK-006,KB,5,method|parameter|result|verdict,verified:5,1
KB-TASK-007,KB,4,method|result,verified:4,1
KB-TASK-008,KB,8,result|verdict,verified:8,1
KB-TASK-009,KB,6,hypothesis|parameter|result|verdict,verified:5|open:1,1
KB-TASK-010,KB,5,method|result|verdict,verified:5,1
KB-TASK-011,KB,5,result|verdict,verified:5,1
KB-TASK-012,KB,6,method|parameter|result|verdict,verified:6,1
KB-TASK-013,KB,7,parameter|result|verdict,verified:7,1
KB-TASK-014,KB,5,parameter|result,verified:5,1
KB-TASK-015,KB,6,method|parameter|result|verdict,verified:6,1
KB-TASK-016,KB,6,result|verdict,verified:6,1
KB-TASK-017,KB,4,parameter|result,verified:4,1
KB-TASK-018,KB,12,method|parameter|result|verdict,verified:12,2
KB-TASK-019,KB,5,method|parameter|result,verified:5,1
KB-TASK-020,KB,8,parameter|result|verdict,verified:8,2
KB-TASK-021,KB,9,method|parameter|result|verdict,verified:8|superseded:1,2
KB-TASK-022,KB,14,method|parameter|result|verdict,verified:13|superseded:1,1
KB-TASK-023,KB,5,method|result,verified:4|open:1,1
KB-TASK-024,KB,14,method|result|verdict,verified:14,2
KB-WO-20260905,KB,22,method|parameter|result|verdict,verified:22,1
L8LAB-CONSTITUTION,L8LAB,9,method|parameter,verified:9,1
L8LAB-MUT,L8LAB,1,method,verified:1,1
META-AGENTS,META,8,method,verified:8,1
META-HANDOVER,META,44,method|parameter|result|verdict,verified:37|refuted:5|open:2,1
META-IDLE-TASK,META,11,method|parameter,verified:11,1
META-MERGE,META,8,method|result,verified:7|open:1,1
PART1-Z007,PART1,2,verdict,verified:2,2
PART1-Z012,PART1,1,verdict,verified:1,1
PART1-Z014,PART1,1,verdict,verified:1,1
PART2-ANALYSIS,PART2,21,parameter|result|verdict,verified:18|open:2|contradicted:1,2
PART2-DIFF,PART2,10,parameter|result|verdict,verified:10,1
PART2-DIRECTION,PART2,5,method,verified:5,1
PART2-FINAL,PART2,59,method|parameter|result|verdict,verified:56|open:2|refuted:1,3
PART2-FLAGS,PART2,12,method|parameter|result,verified:10|contradicted:2,1
PART2-H-R1-1,PART2,5,hypothesis|parameter|verdict,verified:3|open:2,4
PART2-H-R1-2,PART2,5,hypothesis|parameter|result|verdict,refuted:2|open:2|verified:1,4
PART2-H-R1-3,PART2,5,hypothesis|parameter|verdict,verified:3|open:2,4
PART2-H-R10-1,PART2,3,hypothesis|verdict,open:3,3
PART2-H-R10-2,PART2,4,hypothesis|result|verdict,refuted:2|verified:1|open:1,4
PART2-H-R11-1,PART2,5,hypothesis|parameter|verdict,verified:3|open:2,4
PART2-H-R11-2,PART2,3,hypothesis|verdict,open:3,3
PART2-H-R12-1,PART2,5,hypothesis|parameter|verdict,open:3|refuted:2,3
PART2-H-R12-2,PART2,4,hypothesis|verdict,verified:3|open:1,4
PART2-H-R2-1,PART2,5,hypothesis|parameter|result|verdict,refuted:2|open:2|verified:1,4
PART2-H-R2-2,PART2,4,hypothesis|parameter|verdict,open:4,3
PART2-H-R3-1,PART2,5,hypothesis|parameter|verdict,verified:3|open:2,4
PART2-H-R3-2,PART2,3,hypothesis|verdict,open:3,3
PART2-H-R3-3,PART2,3,hypothesis|verdict,open:3,3
PART2-H-R4-1,PART2,5,hypothesis|parameter|verdict,verified:3|open:2,4
PART2-H-R4-2,PART2,3,hypothesis|verdict,open:3,3
PART2-H-R5-1,PART2,5,hypothesis|parameter|verdict,verified:3|open:2,4
PART2-H-R5-2,PART2,5,hypothesis|parameter|verdict,verified:3|open:2,4
PART2-H-R6-1,PART2,4,hypothesis|parameter|verdict,open:4,3
PART2-H-R6-2,PART2,3,hypothesis|verdict,open:3,3
PART2-H-R7-1,PART2,4,hypothesis|parameter|verdict,open:4,3
PART2-H-R7-2,PART2,3,hypothesis|verdict,open:3,3
PART2-H-R8-1,PART2,5,hypothesis|parameter|verdict,verified:3|open:2,4
PART2-H-R8-2,PART2,4,hypothesis|verdict,verified:3|open:1,4
PART2-H-R9-1,PART2,5,hypothesis|parameter|verdict,verified:3|open:2,4
PART2-H-R9-2,PART2,5,hypothesis|parameter|verdict,verified:3|open:2,4
PART2-INVENTORY,PART2,16,method|parameter,verified:16,2
PART2-JUDGE,PART2,22,method|result,verified:17|contradicted:5,1
PART2-LAB,PART2,15,hypothesis|method|result,open:8|verified:7,2
PART2-METACHECK,PART2,12,result,verified:12,1
PART2-METALOG,PART2,13,method|result,verified:11|contradicted:2,2
PART2-NORM,PART2,14,method|parameter|result,verified:13|contradicted:1,2
PART2-OBL-001,PART2,4,method|parameter,verified:3|open:1,1
PART2-OBL-002,PART2,2,method,verified:2,1
PART2-OBL-003,PART2,2,method|parameter,verified:1|open:1,1
PART2-PREREG-1,PART2,2,method|parameter,open:2,1
PART2-PREREG-10,PART2,3,method|parameter,open:3,1
PART2-PREREG-11,PART2,3,method|parameter,open:3,1
PART2-PREREG-12,PART2,2,method|parameter,open:1|verified:1,1
PART2-PREREG-2,PART2,3,method|parameter,open:3,1
PART2-PREREG-3,PART2,3,method|parameter,open:3,1
PART2-PREREG-4,PART2,2,method|parameter,open:2,1
PART2-PREREG-5,PART2,2,method,verified:1|open:1,1
PART2-PREREG-6,PART2,2,method|parameter,open:2,1
PART2-PREREG-7,PART2,1,method,verified:1,1
PART2-PREREG-8,PART2,3,method|parameter,open:3,1
PART2-PREREG-9,PART2,1,method,open:1,1
PART2-R10REVIEW,PART2,6,method|parameter|result,verified:6,1
PART2-R5REVIEW,PART2,6,method|parameter|result,verified:6,1
PART2-RND-1,PART2,6,method|result,verified:6,2
PART2-RND-10,PART2,6,method|result,verified:6,2
PART2-RND-11,PART2,5,method|result|verdict,verified:5,1
PART2-RND-12,PART2,6,method|result|verdict,verified:6,2
PART2-RND-2,PART2,6,method|result,verified:6,2
PART2-RND-3,PART2,4,method|result,verified:4,1
PART2-RND-4,PART2,4,method|result,verified:4,1
PART2-RND-5,PART2,4,method|result,verified:4,1
PART2-RND-6,PART2,4,method|result,verified:4,1
PART2-RND-7,PART2,5,method|result,verified:5,2
PART2-RND-8,PART2,3,method|result,verified:3,1
PART2-RND-9,PART2,4,method|result|verdict,verified:4,1
PART2-STAT,PART2,15,method|parameter|result,verified:15,1
PLAN-BUDGET,PLAN,1,method,open:1,1
PLAN-C,PLAN,1,hypothesis,open:1,1
PLAN-D1,PLAN,1,method,open:1,1
PLAN-D5,PLAN,1,method,open:1,1
PLAN-H3,PLAN,1,result,verified:1,1
PLAN-HY1,PLAN,1,result,verified:1,1
PLAN-HY2,PLAN,1,result,verified:1,1
PLAN-R1A,PLAN,1,result,verified:1,1
PLAN-R1B,PLAN,1,result,verified:1,1
PLAN-T1-1,PLAN,1,hypothesis,open:1,1
PLAN-T2-1,PLAN,1,hypothesis,open:1,1
PLAN-T3-1,PLAN,1,hypothesis,open:1,1
QWEN-EVO,QWEN,4,method,verified:3|open:1,1
QWEN-POSS,QWEN,11,hypothesis|method|result,verified:8|open:3,1
QWEN-v3.10-AR,QWEN,9,method|result,verified:9,1
QWEN-v3.8,QWEN,11,method|result,verified:9|refuted:1|superseded:1,1
QWEN-v4.0-111,QWEN,12,hypothesis|method|parameter|result,verified:7|open:5,1
QWEN-v4.0-RF,QWEN,10,method|result,verified:8|open:2,1
QWEN-探讨-2,QWEN,8,hypothesis|method|result,verified:8,1
R2-ANCH-1,R2,1,result,open:1,1
R2-ANCH-2,R2,1,result,verified:1,1
R2-BATCH,R2,4,parameter|result|verdict,verified:4,1
R2-CONCL,R2,1,verdict,verified:1,1
R2-M1,R2,1,result,verified:1,1
R2-M2,R2,1,result,verified:1,1
R2-M4,R2,1,result,verified:1,1
R2-M5,R2,1,result,verified:1,1
R2-SUM-T1,R2,1,result,verified:1,1
R2-SUM-T1B,R2,1,result,verified:1,1
R2-SUM-T2,R2,1,result,verified:1,1
R2-SUM-T3,R2,1,result,verified:1,1
R2-SUM-T4,R2,1,result,verified:1,1
R2-SUM-T5,R2,1,result,verified:1,1
R2-T1-1a,R2,1,result,open:1,1
R2-T1-1b,R2,1,result,verified:1,1
R2-T1-1c,R2,1,result,verified:1,1
R2-T1-2a,R2,1,hypothesis,refuted:1,1
R2-T1-2b,R2,1,hypothesis,refuted:1,1
R2-T1-2c,R2,1,result,verified:1,1
R2-T1-3,R2,1,hypothesis,refuted:1,1
R2-T1-4,R2,1,result,verified:1,1
R2-T1-5,R2,1,result,verified:1,1
R2-T2-1,R2,1,result,verified:1,1
R2-T2-2,R2,1,hypothesis,refuted:1,1
R2-T3-1,R2,1,result,verified:1,1
R2-T3-2a,R2,1,result,verified:1,1
R2-T3-2b,R2,1,hypothesis,refuted:1,1
R2-T3-3,R2,1,result,verified:1,1
R2-T4-1,R2,1,result,verified:1,1
R2-T4-2,R2,1,result,verified:1,1
R2-T4-3,R2,1,result,verified:1,1
R2-T4-4,R2,1,result,verified:1,1
R2-T4-5,R2,1,result,verified:1,1
R2-T5-1,R2,1,result,verified:1,1
R2-T5-2,R2,1,result,verified:1,1
R2-T5-3,R2,1,result,open:1,1
R2A-C6,R2A,1,verdict,verified:1,1
R2A-SELFTEST,R2A,1,result,verified:1,1
R2A-T1-1,R2A,2,result|verdict,open:1|verified:1,2
R2A-T1-1c2,R2A,1,result,verified:1,1
R2A-T1-1r,R2A,1,result,verified:1,1
R2A-T1-1w,R2A,1,result,verified:1,1
R2A-T2-1,R2A,2,result|verdict,verified:2,2
R2A-T2-1b,R2A,1,result,verified:1,1
R2A-T2-1c,R2A,1,result,verified:1,1
R2A-T3-1,R2A,2,result|verdict,verified:2,2
R2A-T3-1b,R2A,1,result,verified:1,1
R2A-T4-4,R2A,2,result,verified:2,2
R2A-T4-4a,R2A,1,result,verified:1,1
R2A-X1,R2A,1,verdict,verified:1,1
RADAR,RADAR,10,hypothesis|parameter|verdict,open:10,1
REAL-ACCEPT-HY,REAL,11,hypothesis|parameter|result|verdict,verified:10|open:1,1
REAL-ALL,REAL,13,method|parameter|result|verdict,verified:9|open:4,2
REAL-G0,REAL,4,result,verified:4,2
REAL-G1,REAL,4,parameter|result,verified:4,2
REAL-PLAN,REAL,12,hypothesis|method|parameter,open:8|superseded:4,2
REAL-README,REAL,8,method|parameter|result|verdict,verified:6|contradicted:1|superseded:1,1
REAL-SNAP-README,REAL,3,parameter|result|verdict,verified:3,1
REAL-SNAPSHOT,REAL,3,method|parameter|verdict,open:3,1
REAL-TREE-SNAP,REAL,4,result|verdict,verified:4,1
REAL-TREE-ZC,REAL,35,parameter|result|verdict,verified:31|superseded:4,1
REAL-W1,REAL,15,method|parameter|verdict,open:12|verified:2|superseded:1,4
REAL-W2,REAL,2,method|verdict,open:2,1
REAL-W3,REAL,3,method|result,verified:2|open:1,2
REAL-W4,REAL,5,method|result,verified:4|open:1,2
REAL-W5,REAL,5,method|result,verified:4|open:1,3
REAL-W6,REAL,4,method|result,open:2|verified:2,2
REAL-WO-V39-SNAP,REAL,4,result,verified:4,1
REAL-WO-V39-ZC,REAL,9,parameter|result|verdict,verified:8|superseded:1,1
REAL-X0,REAL,15,hypothesis|parameter|result|verdict,verified:14|open:1,2
REAL-X1,REAL,23,hypothesis|method|result|verdict,verified:18|open:5,2
REAL-X11,REAL,3,result,verified:3,1
REAL-X24,REAL,4,result|verdict,verified:4,1
REAL-X2a,REAL,26,method|parameter|result|verdict,verified:21|open:4|superseded:1,2
REAL-X2b,REAL,5,method|result|verdict,verified:4|open:1,1
REAL-X2c,REAL,9,method|result|verdict,verified:7|refuted:1|open:1,2
REAL-X2d,REAL,12,method|parameter|result|verdict,verified:9|open:3,2
REAL-X3,REAL,34,hypothesis|method|result|verdict,verified:27|refuted:4|open:3,2
REAL-X3b,REAL,5,result|verdict,contradicted:3|verified:2,2
REAL-X3c,REAL,16,hypothesis|result|verdict,verified:11|refuted:3|superseded:1|open:1,3
REAL-X4,REAL,8,result|verdict,verified:7|open:1,2
REAL-X5,REAL,20,method|result|verdict,verified:13|open:3|refuted:2|superseded:2,3
REAL-X6,REAL,3,verdict,verified:3,2
REAL-X6a,REAL,9,hypothesis|method|result|verdict,verified:8|open:1,3
REAL-X6b,REAL,9,method|result|verdict,verified:7|open:2,3
REAL-X6c,REAL,9,hypothesis|result|verdict,verified:5|refuted:3|open:1,3
REAL-X7,REAL,1,result,verified:1,1
REAL-X8,REAL,2,result,verified:2,1
REAL-总树,REAL,3,result|verdict,verified:3,1
REVIEW-GLM,REVIEW,11,verdict,verified:11,1
REVIEW-Qwen,REVIEW,8,verdict,verified:8,1
REVIEW-混元,REVIEW,11,parameter|result|verdict,verified:10|refuted:1,1
REVIEW-豆包,REVIEW,10,result|verdict,verified:10,1
SIM-A,SIM,1,verdict,open:1,1
SIM-ARCH,SIM,27,hypothesis|method|parameter|result|verdict,open:19|verified:8,2
SIM-CODEAUDIT,SIM,3,verdict,open:3,1
SIM-E1,SIM,6,result|verdict,verified:5|open:1,3
SIM-E10,SIM,5,method|result|verdict,verified:4|superseded:1,2
SIM-E100,SIM,7,hypothesis|method|result|verdict,open:5|superseded:1|verified:1,3
SIM-E101,SIM,2,result|verdict,open:1|verified:1,1
SIM-E102,SIM,3,result|verdict,verified:1|open:1|superseded:1,1
SIM-E103,SIM,5,hypothesis|method|result|verdict,open:4|verified:1,1
SIM-E104,SIM,15,method|parameter|result|verdict,verified:10|open:3|superseded:2,6
SIM-E104c,SIM,3,hypothesis|method|result,open:2|verified:1,1
SIM-E105,SIM,6,result|verdict,open:3|verified:2|refuted:1,1
SIM-E106,SIM,4,parameter|result,verified:2|open:2,2
SIM-E107,SIM,1,result,verified:1,1
SIM-E108,SIM,10,hypothesis|parameter|result|verdict,verified:5|open:4|refuted:1,2
SIM-E109,SIM,3,hypothesis|result|verdict,verified:1|refuted:1|superseded:1,1
SIM-E11,SIM,2,result,verified:2,2
SIM-E110,SIM,17,method|parameter|result|verdict,verified:14|open:3,5
SIM-E111,SIM,15,hypothesis|method|result|verdict,verified:10|open:5,4
SIM-E112,SIM,11,hypothesis|method|result|verdict,verified:6|open:5,3
SIM-E113,SIM,5,method|parameter|result,verified:3|open:2,2
SIM-E114,SIM,5,parameter|result|verdict,verified:3|open:2,2
SIM-E115,SIM,14,hypothesis|method|parameter|result|verdict,verified:8|open:6,5
SIM-E116,SIM,3,method|result,verified:2|open:1,2
SIM-E117,SIM,1,result,verified:1,1
SIM-E118,SIM,1,result,open:1,1
SIM-E119,SIM,21,hypothesis|method|result|verdict,verified:17|open:4,5
SIM-E12,SIM,2,result,verified:2,1
SIM-E120,SIM,10,method|result|verdict,verified:7|open:3,4
SIM-E121,SIM,9,hypothesis|result|verdict,open:7|verified:2,3
SIM-E121b,SIM,1,result,verified:1,1
SIM-E122,SIM,8,hypothesis|method|result|verdict,open:4|verified:4,4
SIM-E123,SIM,6,hypothesis|result|verdict,open:4|verified:2,2
SIM-E124,SIM,3,hypothesis|result|verdict,open:2|verified:1,2
SIM-E125,SIM,7,hypothesis|result|verdict,verified:4|open:3,3
SIM-E127,SIM,11,hypothesis|method|result,verified:6|open:4|refuted:1,1
SIM-E128,SIM,12,hypothesis|method|result|verdict,verified:9|open:3,1
SIM-E129,SIM,3,result|verdict,verified:3,1
SIM-E13,SIM,5,method|result,verified:5,2
SIM-E130,SIM,1,result,verified:1,1
SIM-E131,SIM,4,result,verified:4,2
SIM-E133,SIM,3,hypothesis|result,verified:2|open:1,2
SIM-E134,SIM,1,result,verified:1,1
SIM-E14,SIM,26,hypothesis|method|parameter|result|verdict,verified:13|open:8|superseded:5,7
SIM-E14C,SIM,5,method|result|verdict,verified:4|superseded:1,3
SIM-E15,SIM,1,result,verified:1,1
SIM-E16,SIM,8,method|result,verified:5|open:3,4
SIM-E17,SIM,7,method|result|verdict,verified:4|superseded:2|open:1,4
SIM-E18,SIM,3,result|verdict,verified:3,2
SIM-E18b,SIM,3,result|verdict,superseded:2|verified:1,3
SIM-E19,SIM,3,result|verdict,verified:3,1
SIM-E2,SIM,2,result|verdict,verified:2,1
SIM-E20,SIM,4,method|result,open:2|verified:2,2
SIM-E21,SIM,2,result,verified:1|open:1,1
SIM-E22,SIM,3,result|verdict,verified:3,1
SIM-E23,SIM,2,method|result,verified:2,1
SIM-E24,SIM,13,hypothesis|method|result|verdict,verified:11|open:2,4
SIM-E25,SIM,3,result|verdict,verified:2|open:1,2
SIM-E26,SIM,5,method|result|verdict,verified:5,2
SIM-E27,SIM,7,method|result|verdict,verified:4|refuted:3,4
SIM-E28,SIM,5,method|result|verdict,verified:4|open:1,3
SIM-E29,SIM,7,result,verified:7,2
SIM-E29b,SIM,1,parameter,open:1,1
SIM-E3,SIM,1,result,verified:1,1
SIM-E30,SIM,3,method|result,verified:3,2
SIM-E31,SIM,3,result,open:2|verified:1,2
SIM-E32,SIM,7,method|result|verdict,verified:7,5
SIM-E33,SIM,2,result|verdict,verified:2,1
SIM-E34,SIM,10,method|parameter|result|verdict,verified:8|open:2,6
SIM-E35,SIM,2,result|verdict,verified:2,1
SIM-E36,SIM,4,method|result|verdict,verified:4,1
SIM-E37,SIM,4,method|result|verdict,verified:3|open:1,2
SIM-E38,SIM,3,result|verdict,verified:3,1
SIM-E39,SIM,2,result,verified:2,2
SIM-E40,SIM,11,parameter|result|verdict,verified:7|open:4,5
SIM-E41,SIM,5,method|result|verdict,verified:5,2
SIM-E42,SIM,6,result|verdict,verified:6,2
SIM-E43,SIM,2,result|verdict,verified:2,1
SIM-E44,SIM,6,method|parameter|result,verified:4|open:2,4
SIM-E45,SIM,4,method|result,verified:4,2
SIM-E46,SIM,3,hypothesis|method|result,open:2|verified:1,2
SIM-E47,SIM,4,hypothesis|result|verdict,verified:3|open:1,1
SIM-E48,SIM,2,method|result,verified:2,1
SIM-E49,SIM,3,result|verdict,verified:3,2
SIM-E5,SIM,3,result,verified:3,2
SIM-E50,SIM,2,method|result,verified:2,1
SIM-E51,SIM,2,result|verdict,verified:2,1
SIM-E52,SIM,5,hypothesis|result|verdict,verified:3|open:2,2
SIM-E53,SIM,2,result|verdict,verified:2,1
SIM-E54,SIM,2,result|verdict,verified:2,1
SIM-E55,SIM,2,method|result,verified:2,1
SIM-E56,SIM,1,result,verified:1,1
SIM-E57,SIM,4,result|verdict,verified:4,2
SIM-E58,SIM,2,result|verdict,verified:2,1
SIM-E59,SIM,1,result,verified:1,1
SIM-E6,SIM,1,result,verified:1,1
SIM-E60,SIM,3,result|verdict,verified:3,1
SIM-E61,SIM,2,result|verdict,verified:2,1
SIM-E63,SIM,6,result|verdict,verified:6,2
SIM-E64,SIM,10,method|result|verdict,verified:8|superseded:1|open:1,6
SIM-E65,SIM,4,result|verdict,verified:4,2
SIM-E66,SIM,7,method|result,verified:6|superseded:1,2
SIM-E67,SIM,6,method|result,verified:6,2
SIM-E68,SIM,2,result|verdict,verified:2,1
SIM-E69,SIM,4,method|result|verdict,verified:4,2
SIM-E7,SIM,16,method|result|verdict,verified:14|open:2,7
SIM-E70,SIM,3,result|verdict,verified:3,1
SIM-E71,SIM,6,method|result|verdict,verified:6,2
SIM-E72,SIM,4,method|parameter|result,open:2|verified:2,2
SIM-E73,SIM,1,result,verified:1,1
SIM-E74,SIM,2,method|result,verified:2,1
SIM-E75,SIM,4,result|verdict,verified:4,2
SIM-E76,SIM,6,method|result|verdict,verified:6,3
SIM-E77,SIM,3,result|verdict,verified:3,2
SIM-E78,SIM,5,result|verdict,verified:5,2
SIM-E79,SIM,2,result|verdict,verified:2,1
SIM-E8,SIM,4,result,contradicted:2|verified:2,3
SIM-E80,SIM,8,method|result|verdict,open:4|verified:4,4
SIM-E81,SIM,21,hypothesis|method|parameter|result|verdict,verified:13|open:8,6
SIM-E81C,SIM,1,result,verified:1,1
SIM-E81c,SIM,16,hypothesis|method|parameter|result|verdict,open:14|verified:2,3
SIM-E82,SIM,3,hypothesis|method|result,open:2|verified:1,1
SIM-E83,SIM,4,hypothesis|result,verified:2|open:2,1
SIM-E84,SIM,9,hypothesis|method|parameter|result|verdict,open:5|verified:4,3
SIM-E85,SIM,13,method|result|verdict,verified:7|open:6,7
SIM-E86,SIM,4,hypothesis|result,refuted:2|open:2,1
SIM-E87,SIM,12,hypothesis|method|result|verdict,verified:7|open:5,4
SIM-E88,SIM,9,hypothesis|method|result|verdict,verified:5|open:4,3
SIM-E89,SIM,8,result|verdict,open:4|verified:3|refuted:1,4
SIM-E9,SIM,5,method|result,verified:5,2
SIM-E90,SIM,6,method|result|verdict,open:4|verified:2,2
SIM-E91,SIM,8,hypothesis|method|result|verdict,open:7|verified:1,1
SIM-E92,SIM,8,parameter|result|verdict,open:5|verified:3,2
SIM-E93,SIM,9,method|parameter|result|verdict,verified:5|open:4,3
SIM-E94,SIM,4,hypothesis|result|verdict,verified:2|open:2,2
SIM-E95,SIM,5,result|verdict,verified:2|open:2|superseded:1,1
SIM-E95b,SIM,1,verdict,refuted:1,1
SIM-E96,SIM,12,method|parameter|result|verdict,verified:7|open:5,5
SIM-E97,SIM,3,parameter|result|verdict,open:2|verified:1,2
SIM-E97B,SIM,2,result,verified:2,2
SIM-E97b,SIM,4,method|parameter|result,open:3|superseded:1,2
SIM-E98,SIM,4,hypothesis|result|verdict,verified:2|open:2,1
SIM-E99B,SIM,1,result,verified:1,1
SIM-E99b,SIM,3,result|verdict,verified:3,1
SIM-FAILLOG,SIM,1,verdict,open:1,1
SIM-HANDOVER,SIM,14,hypothesis|method|parameter|result|verdict,verified:9|open:5,1
SIM-HANDOVER-ACCEPT,SIM,16,method|parameter|result|verdict,verified:16,1
SIM-HANDOVER-ZC,SIM,9,hypothesis|method|parameter|result|verdict,verified:6|open:2|superseded:1,1
SIM-KERNEL,SIM,12,hypothesis|method|parameter|result|verdict,open:8|verified:4,1
SIM-METH,SIM,8,method|parameter|result|verdict,verified:8,1
SIM-P0,SIM,4,parameter|result|verdict,verified:2|open:2,1
SIM-PROTO,SIM,13,hypothesis|method|parameter|result|verdict,verified:12|open:1,1
SIM-R03,SIM,1,method,verified:1,1
SIM-R04,SIM,1,verdict,verified:1,1
SIM-R05,SIM,1,result,verified:1,1
SIM-R06,SIM,4,method|verdict,verified:4,1
SIM-R07,SIM,2,method|verdict,verified:2,1
SIM-R08,SIM,1,verdict,verified:1,1
SIM-R09,SIM,2,parameter|verdict,verified:2,1
SIM-R10,SIM,1,verdict,verified:1,1
SIM-R11,SIM,1,verdict,verified:1,1
SIM-R13,SIM,2,method|verdict,verified:2,1
SIM-R14,SIM,3,parameter|verdict,verified:3,1
SIM-R15,SIM,1,verdict,verified:1,1
SIM-R16,SIM,2,verdict,verified:2,1
SIM-R17,SIM,1,verdict,verified:1,1
SIM-R18,SIM,3,method|result|verdict,open:2|verified:1,1
SIM-R19,SIM,2,result|verdict,verified:1|open:1,1
SIM-R20,SIM,4,method|parameter|result|verdict,open:3|verified:1,1
SIM-R21,SIM,1,result,verified:1,1
SIM-R22,SIM,1,result,verified:1,1
SIM-R23,SIM,4,result|verdict,open:3|verified:1,1
SIM-R24,SIM,2,method|result,verified:1|open:1,1
SIM-R25,SIM,13,parameter|verdict,open:8|verified:5,1
SIM-R26,SIM,4,method|result|verdict,open:3|verified:1,1
SIM-R27,SIM,20,hypothesis|method|parameter|result|verdict,open:12|verified:8,3
SIM-R28,SIM,8,hypothesis|method|result|verdict,verified:4|open:4,1
SIM-REPORT,SIM,4,hypothesis|parameter|result|verdict,open:4,1
SIM-SUM,SIM,17,method|parameter|result|verdict,verified:17,1
SIM-SUM14,SIM,4,parameter|verdict,verified:4,1
SIM-SUM23,SIM,6,parameter|verdict,verified:6,1
SIM-SUM25,SIM,4,method|parameter|result|verdict,verified:4,2
SIM-TASK,SIM,23,method|result|verdict,verified:23,1
SIM-TICKET,SIM,5,parameter|verdict,open:5,1
SIM-V4ARCH,SIM,13,method|parameter|result|verdict,verified:13,1
SIM-V4EXPLORE,SIM,20,hypothesis|method|parameter|result|verdict,verified:19|open:1,1
SIM-WEB-E131,SIM,5,hypothesis|result|verdict,open:3|verified:2,1
SIM-WEB-E132,SIM,5,result|verdict,verified:4|open:1,2
SIM-WEB-E133,SIM,11,result|verdict,verified:10|open:1,3
SIM-WEB-E134,SIM,13,hypothesis|method|parameter|result,verified:7|open:6,3
SIM-WEB-R28,SIM,5,method|result|verdict,verified:3|open:2,2
SIM-WO-V38,SIM,23,method|parameter|result|verdict,verified:23,1
SIM-WO-V39,SIM,14,method|parameter|result|verdict,verified:14,1
SYN-README,SYN,3,method|result,open:2|verified:1,1
SYN-报告一,SYN,12,result|verdict,verified:12,1
SYN-报告三,SYN,15,method|result|verdict,verified:15,1
SYN-报告二,SYN,11,method|verdict,verified:11,1
VERIF-A1,VERIF,2,result|verdict,verified:2,2
VERIF-A2,VERIF,3,parameter|result|verdict,verified:3,2
VERIF-A3,VERIF,2,method|verdict,verified:2,2
VERIF-A4,VERIF,2,result|verdict,verified:2,2
VERIF-A5,VERIF,2,result|verdict,verified:2,2
VERIF-A6,VERIF,2,result|verdict,verified:2,2
VERIF-A7,VERIF,2,result|verdict,verified:2,2
VERIF-B1a,VERIF,1,verdict,verified:1,1
VERIF-B1b,VERIF,1,verdict,superseded:1,1
VERIF-B2,VERIF,1,verdict,verified:1,1
VERIF-B3,VERIF,1,verdict,verified:1,1
VERIF-B4,VERIF,1,verdict,verified:1,1
VERIF-C1,VERIF,1,verdict,verified:1,1
VERIF-C2,VERIF,1,verdict,verified:1,1
VERIF-C3,VERIF,1,verdict,verified:1,1
VERIF-C4,VERIF,1,verdict,verified:1,1
VERIF-C5,VERIF,1,verdict,verified:1,1
VERIF-C6,VERIF,1,verdict,open:1,1
VERIF-D1,VERIF,1,verdict,verified:1,1
VERIF-D2,VERIF,1,verdict,verified:1,1
VERIF-D3,VERIF,1,verdict,verified:1,1
VERIF-D4,VERIF,1,verdict,verified:1,1
VERIF-D5,VERIF,1,verdict,verified:1,1
VERIF-D6,VERIF,1,verdict,open:1,1
VERIF-E1,VERIF,1,verdict,verified:1,1
VERIF-E2,VERIF,1,verdict,verified:1,1
VERIF-E3,VERIF,1,verdict,verified:1,1
VERIF-F1,VERIF,1,verdict,verified:1,1
VERIF-F2,VERIF,1,verdict,verified:1,1
VERIF-F3,VERIF,1,verdict,verified:1,1
VERIF-F4,VERIF,1,verdict,verified:1,1
VERIF-FINAL,VERIF,1,result,verified:1,1
VERIF-G1,VERIF,1,verdict,verified:1,1
VERIF-G2,VERIF,1,verdict,verified:1,1
VERIF-G3,VERIF,1,verdict,verified:1,1
VERIF-P1,VERIF,1,result,verified:1,1
VERIF-P2,VERIF,1,result,verified:1,1
VERIF-P3,VERIF,1,result,verified:1,1
VERIF-P4,VERIF,1,verdict,verified:1,1
VERIF-README,VERIF,11,method|parameter|result|verdict,verified:11,1
VERIF-S1-01,VERIF,1,verdict,open:1,1
VERIF-S1-02,VERIF,1,verdict,verified:1,1
VERIF-S1-03,VERIF,1,verdict,verified:1,1
VERIF-S1-04,VERIF,1,verdict,superseded:1,1
VERIF-S1-05,VERIF,1,verdict,verified:1,1
VERIF-S1-06,VERIF,1,verdict,verified:1,1
VERIF-S1-07,VERIF,1,verdict,verified:1,1
VERIF-S1-08,VERIF,1,verdict,verified:1,1
VERIF-S2-01,VERIF,1,verdict,verified:1,1
VERIF-S2-02,VERIF,1,result,verified:1,1
VERIF-S2-03,VERIF,1,verdict,superseded:1,1
VERIF-S2-04,VERIF,1,result,verified:1,1
VERIF-S2-05,VERIF,1,result,verified:1,1
VERIF-S2-06,VERIF,1,result,verified:1,1
VERIF-S2-07,VERIF,1,result,verified:1,1
VERIF-S2-08,VERIF,1,result,verified:1,1
VERIF-S3-01,VERIF,1,verdict,verified:1,1
VERIF-S3-02,VERIF,1,result,verified:1,1
VERIF-S3-03,VERIF,1,result,verified:1,1
VERIF-S3-04,VERIF,1,verdict,verified:1,1
VERIF-S3-05,VERIF,1,verdict,verified:1,1
VERIF-S3-06,VERIF,1,result,verified:1,1
VERIF-S3-07,VERIF,1,verdict,verified:1,1
VERIF-S4-01,VERIF,1,verdict,verified:1,1
VERIF-S4-02,VERIF,1,verdict,verified:1,1
VERIF-S4-03,VERIF,1,result,verified:1,1
VERIF-S4-04,VERIF,1,result,verified:1,1
VERIF-S4-05,VERIF,1,result,verified:1,1
VERIF-S4-06,VERIF,1,result,verified:1,1
VERIF-S5-01,VERIF,1,verdict,verified:1,1
VERIF-S5-02,VERIF,1,verdict,verified:1,1
VERIF-S5-03,VERIF,1,verdict,verified:1,1
VERIF-S5-04,VERIF,1,verdict,verified:1,1
VERIF-TOTAL,VERIF,2,verdict,verified:2,1
VERIF-X1,VERIF,1,result,superseded:1,1
VERIF-X2,VERIF,1,result,verified:1,1
VERIF-X3,VERIF,1,verdict,verified:1,1
VERIF-X4,VERIF,1,result,verified:1,1
VERIF-X5,VERIF,1,result,open:1,1
VERIF-X6,VERIF,1,result,open:1,1
