T3-0439	诺瓦露被血魔法魔人化驱使旁观	incantation_Gravity	话:第357话 置身幕后 / block_id md-0047
T3-0440	弗茨亚茨门厅拉丝缇娅拉独战三理贼	incantation_Impulse | incantation_Blood_Arrow	话:第358话 时间的交叉点 / block_id md-0050
T3-0443	缇达背后捅刀师父	incantation_燃烧吧断炎 | incantation_Flame	话:第367话 缇达此人 / block_id md-0068
T3-0445	涡波觉醒次元之理盗窃者	incantation_LevelUp | incantation_燃烧吧炎剑 | incantation_FlameFlamberge	话:第369话 最初的背叛 / block_id md-0072
T3-0446	缇达反戈背刺罗密斯	incantation_Dark	话:第369话 最初的背叛 / block_id md-0072
T3-0452	涡波以光神称名离法尼亚	incantation_LevelUp	话:第371话 读书 / block_id md-0076
T3-0453	过去视毕裂缝相会缇亚拉	incantation_次元决战演算前日谭(过去视) | incantation_di·vibration	话:第374话 最终章来到后半 / block_id md-0089
T3-0462	涡波咏唱《冬之异世界》自省	incantation_冬之异世界	话:第375话 冬之异世界 / block_id md-0101
T3-0465	红线束缚逼迫发动前日谭	incantation_distance_mute | incantation_dimension	话:第376话 最后的缇亚拉 / block_id md-0108
T3-0466	涡波阅缇娅拉手记觉真相，莱纳唤醒	incantation_过去视	话:第388话 兄与妹 / md-0168, md-0169, md-0170
T3-0467	莱纳对答案后涡波呐喊告白为真	incantation_次元魔法	话:第388话 兄与妹 / md-0171
T3-0468	拉斯缇亚拉在迷宫初遇见等级1涡波	incantation_Cure Full | incantation_Lave Up	话:第389话 当这封信交付至你的手中 / block_id md-0180
T3-0471	暴洪奇袭水母战中落水接吻	incantation_大洪水(伽鲁夫纳多杰里)	话:第390话 走马灯 / block_id md-0188
T3-0473	涡波选择拉斯缇亚拉丶圣人缇亚拉咏唱再诞	incantation_再诞(revive)	话:第392话 『告白』之日 / block_id md-0196
T3-0474	芙茨亚茨城攻略战丶诺斯菲决斗刺伤拉斯缇亚拉	incantation_赫尔米娜的心脏	话:第393话 『命运』之日 / block_id md-0201
T3-0475	涡波战死丶拉古涅成为月之理的盗窃者	incantation_赫尔米娜的心脏	话:第393话 『命运』之日 / block_id md-0204
T3-0477	拉斯缇亚拉救诺斯菲战黄金狮	incantation_sehr_Wind | incantation_FlameArrow	话:第394话 赫尔米娜‧涅夏的悲愿 / block_id md-0208 md-0210
T3-0478	解除格连魔人返还与嘱托	incantation_Blood | incantation_Dragoon_Ardour	话:第395话 代理 / block_id md-0212 md-0213
T3-0482	阳滝冬之魔法笼罩大陆	incantation_冬之异世界 | incantation_Default	话:第396话 冬 / block_id md-0221 md-0222
T3-0483	一楼三足鼎立混战	incantation_Freeze | incantation_Impulse_Break | incantation_Dragoon_Arder | incantation_FlameArrow	话:第397话 『被造物』 / block_id md-0225 md-0226
T3-0484	星魔法Reevan掌控全场	incantation_星魔法Reevan | incantation_Relief_Northfield	话:第397话 『被造物』 / block_id md-0228 md-0229 md-0230
T3-0486	阳滝清算挚爱诅咒	incantation_赫尔米娜涅夏 | incantation_星魔法Reevan	话:第398话 『我们』 / block_id md-0232
T3-0487	拉斯缇亚拉降灵英雄魂灵	魔石线 | 降灵	话:第398话『我们』 / block_id md-0233
T3-0488	星魔法《Line》人化完成	Line | Reevan	话:第398话『我们』 / block_id md-0234
T3-0489	共鸣魔法《Flame》对抗三盗窃者	Flame | Growth·Extended | Magic Arrow | Dragoon·Arder	话:第398话『我们』 / block_id md-0235
T3-0490	拉斯缇亚拉临终炽爱告白	咏唱	话:第399话持续窜逃不断奔逃 / block_id md-0240
T3-0493	涡波见证晖之死完成盗窃者	过去视 | Dimension	话:第400话『相川涡波』的最后一役 / block_id md-0249
T3-0494	缘滝提议《冬之异世界》遭拒	冬季之异世界Wintory·dimension | Dimension	话:第400话『相川涡波』的最后一役 / block_id md-0252
T3-0495	涡波取五魔石化生星之魔力	星之魔力 | 心异·无貌 | 阿雷伊斯家的宝剑诺文	话:第401话『始祖』 / block_id md-0255
T3-0496	涡波承认系影慕死神制作者	Torsion·Field | Dimension | 影慕死神	话:第401话『始祖』 / block_id md-0258
T3-0497	部波×缘滝兄妹最终决斗	阿雷伊斯流的剑术	话:第402话『身高相较』 / block_id md-0259
T3-0498	莱纳双剑奇袭助阵	风之腕 | 未来视	话:第402话『身高相较』 / block_id md-0260
T3-0499	涡波以剑术向妹妹发起最终挑战	incantation_次元决战演算_先谭Realize | incantation_感应	话:第402话 身高相较 / block_id md-0263、md-0264
T3-0500	阳滝揭示召唤真相=她是异世界执笔者	incantation_次元决战演算_先谭Realize	话:第402话 身高相较 / block_id md-0265
T3-0501	阳滝宣告拖涡波回冬之异世界	incantation_Distance_mute | incantation_Default | incantation_次元决战演算_前日谭Recall | incantation_冬之异世界Wintory	话:第402话 身高相较 / block_id md-0266、md-0267
T3-0502	过去视重现『命运之日』与拉斯缇亚拉之死	incantation_次元决战演算_前日谭Recall | incantation_Distance_mute | incantation_冬之异世界Wintory	话:第403话 将死 / block_id md-0268、md-0269、md-0270
T3-0503	涡波被冻结,缇亚拉奇袭血之人偶刺穿阳滝	incantation_次元决战演算_先谭Realize | incantation_Distance_mute | incantation_冬之异世界Wintory	话:第403话 将死 / block_id md-0270、md-0271、md-0272
T3-0504	缇亚拉魔石被粉碎,阳滝称支配世界	incantation_Distance_mute	话:第403话 将死 / block_id md-0273
T3-0505	拉斯缇亚拉遗体现身,神圣魔法Reevan启动	incantation_Reevan | incantation_Line | incantation_Tiara	话:第403话 将死 / block_id md-0274、md-0275
T3-0506	涡波咏唱艾德与诺文真正魔法	incantation_王落土LostViEitheA | incantation_致亲爱的一闪DiAWraith | incantation_Line | incantation_Replace_connection | incantation_Default	话:第404话 感想战 / block_id md-0280、md-0281
T3-0507	缇亚拉揭露女儿手下留情真相	incantation_Line | incantation_Reevan	话:第404话 感想战 / block_id md-0282
T3-0508	缇亚拉最终魔法《我的世界的物语》	incantation_我的世界的物语TalesLasttiara | incantation_Reevan | incantation_Line | incantation_Tiara	话:第404话 感想战 / block_id md-0283、md-0284、md-0286、md-0287
T3-0509	反转:『我并非相川阳滝』身体交换	incantation_我的世界的物语TalesLasttiara | incantation_冬之异世界Wintory	话:第405话 神圣之理 / block_id md-0288
T3-0510	涡波抓住阳滝之手,魔法成型封印其技能	incantation_Distance_mute | incantation_我的世界的物语TalesLasttiara	话:第405话 神圣之理 / block_id md-0289
T3-0512	缇亚拉血之腕辅助反被污染	incantation_Reevan | incantation_Line魔石线	话:第405话神圣之理 / block_id md-0290,md-0291
T3-0513	共鸣魔法抵达真相之底	incantation_次元决战演算_前日谭(Recall)	话:第405话神圣之理 / block_id md-0291
T3-0515	行间最后对答案，兄妹真相揭露	tales_lasttiara	第409话 真正的兄妹 / block_id md-0319
T3-0516	涡波拒绝阳滝，誓与拉斯缇亚拉同行	tales_lasttiara	第409话 真正的兄妹 / block_id md-0321
T3-0519	阳滝咏唱真正魔法《雪底坚冰》	heavenfall_niflheim | guardian_100_阳滝	第411话 第百之试炼『冻狱』 / block_id md-0330~0331
T3-0520	缇亚拉咏唱《愈阳之虹冠》治愈阳滝	whose_yards_tiara | tales_lasttiara | heavenfall_niflheim	第412话 冻狱百层，女子闭心 / block_id md-0332~0333
T3-0521	第百之试炼落幕，阳滝紧紧拥抱	guardian_100_阳滝	第412话 冻狱百层，女子闭心 / block_id md-0335
T3-0522	阳滝与缇亚拉化为魔石，涡波获深漂者	guardian_100_阳滝	第413话 后记 / block_id md-0336~0340
T3-0523	涡波苏醒，兄妹道别，故事不终止	wintry_dimension	第413话 后记 / block_id md-0337~0341
T3-0533	涡波咏唱《Connection》连接曲空之间	incantation_connection	话:第414话始笔 / block_id md-0008
T3-0535	使徒希丝以信仰为代价显现	incantation_缇亚拉 | incantation_雷梵	话:第415话异世界的宗教 / block_id md-0012
T3-0538	法夫纳・赫尔米娜确保计划确认	incantation_前日谭 | incantation_次元决战演算	话:第416话异世界的元老院 / block_id md-0022
T3-0542	古奈尔劝涡波勿见双亲	incantation_先谭	话:第420话异世界的战鬥 / block_id md-0036
T3-0547	大圣堂地下咖啡魔法早茶	magic_water_Water | magic_lightning_Lightning	第422话异世界的舒适早晨 / block_id md-0050、md-0051
T3-0551	涡波与缇亚立下新契约	magic_default	第423话异世界的回忆 / block_id md-0059、md-0060
T3-0553	赠缇亚异界之服与围巾	magic_default_armorbreak	第423话异世界的回忆 / block_id md-0063、md-0064
T3-0557	探访玛利亚山丘之家	magic_connection	第424话异世界的伙伴们 / block_id md-0074
T3-0563	BlackShift抹消对话	次元魔法《BlackShift》	话:第427话 欢乐的异世界 / block_id md-0096~0101
T3-0566	魔法TalesLasttiara续持	魔法《我的世界的物语(Tales・Lasttiara)》 | 次元魔法《BlackShift》	话:第428话 生活于异世界 / block_id md-0106~0107
T3-0571	涡波以DistanceMute为血之人偶送行	incantation_DistanceMute	话:第430话 / block_id md-0121
T3-0573	血之魔兽在小屋袭来	incantation_诺文 | incantation_龙之风	话:第431-432话 / block_id md-0129~md-0131
T3-0574	涡波紫线与DistanceMute连破血之魔兽	incantation_阳滝丝线 | incantation_DistanceMute	话:第432话 / block_id md-0132~md-0134
T3-0575	格连·沃克登场黑线尽灭血之魔兽	incantation_黑线/魔石线	话:第432话 / block_id md-0135~md-0136
T3-0576	赛尔德拉《Genoscythe》放射线剿敌	incantation_Nuclear主锁断裂/Genoscythe | incantation_龙之风	话:第433话 / block_id md-0140~md-0142
T3-0588	格连成为血之理盗窃者代行者	bloodland_transform	话436格连 / block_id md-0161
T3-0589	涡波咏唱《blood》劈开血海降落	incantation_blood	话436格连 / block_id md-0162
T3-0598	御神体保管室·血之人偶战	incantation_LostFaniaLabourJail | incantation_Default	话439次元的再上升 / block_id md-0184
T3-0599	血之怪异咒术压制涡波	incantation_旧历百年百怪妖异谈 | incantation_旧人类史	话439次元的再上升 / block_id md-0185
T3-0600	涡波挣脱血之怪异·吸力成纸	incantation_DISTANCE_MUTE	话439次元的再上升 / block_id md-0187
T3-0602	涡波迷宫化地底·共鸣魔法转换场景	incantation_ReadingShift	话440『次元之理的盗窃者』之试炼 / block_id md-0190
T3-0603	涡波试炼·揭示法夫纳留恋	incantation_Reading·Shift	话:第440话『次元之理的盗窃者』之试炼 / block_id md-0191、md-0192
T3-0604	涡波咏唱再谭·架起时空之桥	incantation_次元决战演算·再谭 | incantation_Reading·Shift | incantation_New·Reading	话:第442话『血之理的盗窃者』之试练 / block_id md-0204、md-0205
T3-0608	法夫纳探查涡波·发现真相	incantation_DistanceMute	话:第443话 真正的始笔 / block_id md-0214、md-0215、md-0216
T3-0612	异世界之旅约定·攻略自制迷宫	incantation_Replace·Connection	话:第444话-第445话 真正的地狱/真正的宗教 / block_id md-0224、md-0226、md-0227
T3-0613	大圣堂地底·魔石人类悼念拉斯缇亚拉	incantation_Connection	话:第445话 真正的宗教 / block_id md-0227
T3-0615	涡波镇压特种部队反制	incantation_DiOverWinter | incantation_Default武装破坏 | incantation_DistanceMute | incantation_Infate	话:第446话 / block_id md-0232
T3-0616	识破赛尔德拉并穿越魔法门	incantation_WoodQuake创造	话:第446话 / block_id md-0234
T3-0618	赛尔德拉现身宣告试炼	incantation_DefaultField	话:第446话 / block_id md-0236
T3-0619	深海冰蛇对龙化决战	incantation_MidgardFrezze | incantation_EXWind | incantation_WintryDimension	话:第447话 / block_id md-0241
T3-0623	赛尔德拉揭穿涡波演员本质	incantation_ReadingShift	话:第448-449话 / block_id md-0251
T3-0624	涡波双重咏唱践约星之理	incantation_次元咏唱罪孽的命运 | incantation_咒术LevelUp | incantation_次元咏唱直至回朔到尽头	话:第448话 / block_id md-0252
T3-0625	紫线淹没星球显星之理	incantation_Spotlight | incantation_Simension多重展开 | incantation_LightIlaia	话:第449话 / block_id md-0254
T3-0626	书页逆转捕获恶龙	incantation_ReadingShift | incantation_DimensionGradient先谭	话:第449话 / block_id md-0259
T3-0627	涡波咏唱阅读赛尔德拉	魔法_ReadingShift	话:第449话 恶龙讨伐 / block_id md-0262
T3-0628	试炼终结返回原世界沙滩	魔法_ReadingShift	话:第451话 爱的告白 / block_id md-0271~0272
T3-0630	涡波向拉丝缇娅拉告白	魔法_星属性咏唱_告白	话:第451话 爱的告白 / block_id md-0275~0276、md-0278
T3-0632	涡波立誓成为魔法涡波	魔法_DistanceMute	话:第452话 梦 / block_id md-0282~0283、md-0286
T3-0634	魔石沉入持有物诀别	魔法_TalesLasttiara	话:第452话 梦 / block_id md-0286
T3-0636	《WoodQuake》覆写原世界	魔法_WoodQuake创造	话:第453话 灵梦 / block_id md-0288
T3-0637	涡波与诺伊订立契约	魔法_BlackShift	话:第453话 灵梦 / block_id md-0289~0290
T3-0642	尼尔拒绝契约·以血剑一战	incantation_Blood(鲜血魔法)	话:第454话 亡灵的梦、梦的亡灵 / block_id md-0297
T3-0644	格连断后·深渊次元的真夜	incantation_深渊次元的真夜(Di·ReverentNight)	话:第454话 亡灵的梦、梦的亡灵 / block_id md-0300
T3-0646	格连伤重·菲里翁一族真相	incantation_CureFull(神圣魔法)	话:第455话 Epilogue / block_id md-0304
T3-0659	百十层宣言与百十之试炼	百十之试炼	话:第458话 百一十『恋』 / block_id md-0330~0331
T3-0661	世界炎蛇与世界冰蛇	incantation_世界炎蛇 | incantation_世界冰蛇	话:第458话 百一十『恋』 / block_id md-0334
T3-0663	玛莉亚的人生总决算	incantation_焦热世界的骸炎 | incantation_炽天之纤炎 | incantation_FlameFlamberge | incantation_世界炎蛇	话:第459话 第百十之试练『恋』 / block_id md-0336~0338
T3-0664	灰姑娘的遗失之炎	incantation_灰姑娘的遗失之炎Altymate_Liar	话:第459话 第百十之试练『恋』 / block_id md-0339~0340
T3-0665	诺伊亲合与BlackShift	incantation_BlackShift | incantation_BlackShift_Overwrite	话:第460话 『玛莉亚』・迪斯特拉斯的终点 / block_id md-0342~0343
T3-0667	为挚友阿尔缇的试炼	incantation_灰姑娘的遗失之炎Altymate_Liar	话:第460话 『玛莉亚』・迪斯特拉斯的终点 / block_id md-0346
T3-0668	第90层最后的对决	incantation_BlackShift_Overwrite | incantation_灰姑娘的遗失之炎Altymate_Liar	话:第460话 『玛莉亚』・迪斯特拉斯的终点 / block_id md-0348~0349
T3-0671	次元之门《Connection》·涅夏受命	次元之门《Connection》 | 《Dimension》	话:第461话 于是、前往100层 / block_id md-0353~0354
T3-0678	魔法涡波构筑·最后的咏唱	次元魔法《Dimension》系列 | 魔法涡波	话:第462话 『最深处』 / block_id md-0366~0368
T3-0693	缇亚战前剑圣希丝援护	SION	话:第466话 缇亚・阿雷亚斯 / block_id md-0045
T3-0697	斯诺赛拉冲关胜侯普斯	impulse	话:第467话 兽人 / block_id md-0051
T3-0698	魔石人类冰室结界封锁	Inviolable・Iceroom	话:第467话 兽人 / block_id md-0051
T3-0703	斯诺龙化《Fly Sofia》对拳	Fly Sofia	话:第468话 迪普拉库拉 / block_id md-0058
T3-0704	对龙人封印阵发动	bloodline・lockfield	话:第468话 迪普拉库拉 / block_id md-0059
T3-0705	艾尔米拉德白箭破巨人	flame arrow	话:第468话 迪普拉库拉 / block_id md-0060
T3-0707	百魔之王征收荣誉税	magic arrow	话:第469话 青鸟 / block_id md-0063
T3-0708	斯诺完全龙化飞向青空	Fly Sophia	话:第469话 青鸟 / block_id md-0064
T3-0709	斯诺储振宣言助涡波	impulsebreak | dragon・impulsebreak	话:第469话 青鸟 / block_id md-0065
T3-0710	龙之咆啸空挥碾碎木巨人	dragon・impulsebreak	话:第469话 青鸟 / block_id md-0066
T3-0711	缇缇遗讯化翠绿魔法阵	向流星奉上心愿(brave・fluorite) | Fly Sophia	话:第469话 青鸟 / block_id md-0067
T3-0718	血海歌魔法呼名死者之声	血海歌魔法(未知名,含组咒)	话:第470话 开战 / block_id md-0072~0073
T3-0720	斯诺抵99层见蓝发龙人	Fly Sofia	话:第470话 开战 / block_id md-0073~0074
T3-0724	赛尔德拉八十之试炼败北	reading shift	话:第471话 赛尔德拉 / block_id md-0082
T3-0727	屠龙魔法解除斯诺龙化	屠龙的龙刃(dragongenosize・Arder)	话:第471话 赛尔德拉 / block_id md-0084~0085
T3-0728	屠龙魔法实为基因恢复术	屠龙的龙刃(dragongenosize・Arder) | 血脉稀释(Changelock)	话:第472话 骗小孩的 / block_id md-0085
T3-0730	次元魔法现于神之座前	default | connection	话:第472话 骗小孩的 / block_id md-0087
T3-0802	咏唱弑神的恶龙	弑神的恶龙(sin・Fáfnir)	话:第482话 边狱八十,邪龙翔天。恶必遭伐,君泪将止。 / block_id md-0158
T3-0804	恶龙噬神·次元裂缝决战	《弑神的恶龙》	话:第483话 第八十之试炼『边狱』 / block_id md-0161
T3-0807	决斗首回合·魔法银河花海	《Torsion・field》 | 《Vibration・field》 | 《Torsio》	话:第483话 第八十之试炼『边狱』 / block_id md-0164
T3-0808	涡波洞悉本质·屠龙魔剑	《blackshift》	话:第483话 第八十之试炼『边狱』 / block_id md-0165
T3-0809	blackshift覆写人生·化无物	《blackshift・over write・life》	话:第483话 第八十之试炼『边狱』 / block_id md-0166
T3-0814	涡波拔魂·魔之毒未化	《distance mute》	话:第484话 诅咒的心臟 / block_id md-0171
T3-0815	夺缇达诺文魔石·咏唱遗言	咏唱『幼龙贪念日久难消』	话:第484话 诅咒的心臟 / block_id md-0172
T3-0818	缇达魔石化黑甲·真骑士诞生	咏唱『无名无姓、皆尽忘舍、故而为无』	话:第485话 那些骑士名为 / block_id md-0175
T3-0821	三重奏剑·丝线连接论	《Iceflamberge》 | 《Flame・flamberge》 | 《distance mute》 | 《赫勒比勒夏因・三重奏剑》	话:第486话 地狱七十，亡灵引路。愿君亦能，破梦而醒。 / block_id md-0178
T3-0823	血之怪异与万魔皆灭	《阿雷亚斯剑出，万魔皆灭》 | 《flame》 | 《旧人类史》	话:第486话 地狱七十，亡灵引路。愿君亦能，破梦而醒。 / block_id md-0180
T3-0824	旧人类史英雄谭·我成法尼亚	《纤指一划，云散海裂》 | 《冲天巨木亦可斩断》 | 《旧人类史的英雄谭》	话:第486话 地狱七十，亡灵引路。愿君亦能，破梦而醒。 / block_id md-0181
T3-0825	旧历至新历·涡波救世逸闻	《旧历之终结…》 | 《新历0年光神…》 | 《新历3年始祖…》 | 《新历1013英雄…》 | 《剑与剑相连之际，真正的英雄现身》	话:第486话 地狱七十，亡灵引路。愿君亦能，破梦而醒。 / block_id md-0182
T3-0828	众生之赤光·第七十之试炼终局	《众生之赤光》(Hell・Vilmillion・Shine)	话:第487话 第七十之试炼『地狱』 / block_id md-0185
T3-0911	即兴《DistanceMute・Exorcis》反杀	《DistanceMute・Exorcis》(即兴新魔法)	话:第499话 百二十『绊』,众魂相聚。身毁躯灭,亦当列席。 / block_id md-0267
T3-0913	血术《Line》召唤罗密斯与勒迦希	血术《Line》 | 《众生赤光之歌》	话:第499话 百二十『绊』,众魂相聚。身毁躯灭,亦当列席。 / block_id md-0269
T3-0915	罗密斯宣言释放缇达真魔法	缇达・兰斯真正魔法(咏唱起始)	话:第500话 第百二十之试炼『绊』 / block_id md-0271
T3-0917	《迷失之雾与夜之终焉》发动	《迷失之雾与夜之终焉》(Mistrust・Splitlands)	话:第500话 第百二十之试炼『绊』 / block_id md-0272
T3-0919	《BlackShift・Overwrite》镜化冻结	《BlackShift・Overwrite》 | 《过密次元的真冬・镜化》	话:第500话 第百二十之试炼『绊』 / block_id md-0273
T3-0923	莱纳宣战并继承暗之咏唱	《迷失之雾与夜之终焉》(莱纳继承咏唱)	话:第500话 第百二十之试炼『绊』 / block_id md-0276
T3-0926	《灰姑娘的遗失之炎》惊揭阿尔缇	《灰姑娘的遗失之炎(Altymate・Liar)》 | 《不死杀的红莲龙》	话:第501话 『真正的丝线』 / block_id md-0278
T3-0927	诺文《亡灵一闪》斩断魔兽之腕	《亡灵一闪(Von・A・Wraith)》	话:第501话 『真正的丝线』 / block_id md-0278
T3-0928	地之理归还魔法《王■落土》	《王■落土(Lost・Vi・EithéA)》	话:第501话 『真正的丝线』 / block_id md-0278
T3-0929	木之姊弟《■道落土》风隧道	《■道落土(Lord・Of・Lord)》	话:第501话 『真正的丝线』 / block_id md-0279
T3-0930	赛尔德拉法夫纳暴露与风龙接力	《众生之赤光(Hell・Vilmillion・Shine)》 | 《弑神的恶龙(Sin・Fáfnir)》	话:第501话 『真正的丝线』 / block_id md-0279
T3-0931	阳滝静止右手《HeavenFall・Niflheim》	《冻结逝水流年的雪底坚冰(HeavenFall・Niflheim)》	话:第501话 『真正的丝线』 / block_id md-0280
T3-0932	诺瓦露夺双魔石点破持有物	咒术《Magic Bag》	话:第501话 『真正的丝线』 / block_id md-0280
T3-0933	诺斯菲《代而亡逝之光》守护	《代而亡逝之光(NoLife・Nosfy)》	话:第501话 『真正的丝线』 / block_id md-0281
T3-0934	莱纳诺瓦露夹击弹出魔石	《■道落土(Lord・Of・Lord)》 | 血术/咒术《Line》	话:第501话 『真正的丝线』 / block_id md-0282
T3-0940	《Gravity・Greed》压胜基督认败	《Gravity・Greed》 | 《Revan》 | 《Line》	话:第502话 『败北』 / block_id md-0287
T3-1030	魔法《soul・road craft》	soul-road-craft	话:第513话 ——Prologue—— / block_id md-0358
T3-1034	帕林库洛契约魔法身体	基里斯督莱纳 | 帕林库洛	话:第513话 ——Prologue—— / block_id md-0360
T3-1048	莱纳执行收集圣人血液密令	incantation_TauzSchuss·Wind	话:第265话 收集血液 / block_id 7171md-0002~0006
T3-1053	圣人式濒死特训习得技能恶感	incantation_风疾走SkyRunner | incantation_Light·Cuffs	话:第268话 圣人式特训 / block_id 7171md-0021~0030
T3-1056	再诞仪式遭艾米丽与斐勒卢托劫持	incantation_再诞 | incantation_SleepMist	话:第271话 仪式开始 / block_id 7171md-0044~0054
T3-1057	莱纳携缇娅拉身体突围大圣堂	incantation_风疾走SkyRunner | incantation_Wind	话:第272话 妨碍 / block_id 7171md-0055~0063
T3-1058	十一区十字路口决战逆转取胜	incantation_Inviolable·冰Room | incantation_Line·React | incantation_WindMadness	话:第275话 将军 / block_id 7171md-0066~0076
T3-1059	涡波以次元魔术赶回救场	incantation_Default	话:第275话 将军 / block_id 7171md-0078~0080
T3-1061	拉丝缇娅拉当众向涡波告白定情	incantation_再诞	话:第277话 「再诞」 / block_id 7171md-0090~0102
T3-1062	缇娅拉小姐消逝并托付记忆给莱纳	incantation_再诞	话:第277话 「再诞」 / block_id 7171md-0093~0096
T3-1065	追忆缇娅拉再诞与诺斯菲身世之谜	incantation_再诞	话:第282话《拉丝缇娅拉的野望》 / block_id 7272md-0012~0013
T3-1068	三人牵手探索与斯诺指挥	incantation_Flame(火焰) | incantation_紫苑 | incantation_Default(行路渐歧) | incantation_Divine Arrow・Spear(神圣之箭・矛)	话:第285话 等级提升 / block_id 7272md-0025~0030
T3-1070	诺斯菲攻陷大圣都与玛利亚追击	incantation_魅惑	话:第286话《与生倶来的挑战者》 / block_id 7272md-0042~0045
T3-1077	地下街重逢玛利亚与莉帕	incantation_冻结	话:第290话 地下街 / block_id 7272md-0066~0069
T3-1078	穿越不燃之炎封锁区	incantation_冻结	话:290 / block_id 7272md-0066, 7272md-0067
T3-1079	玛利亚擒获诺斯菲后重逢	incantation_阿雷亚斯家的宝剑诺文(剑技)	话:290 / block_id 7272md-0068, 7272md-0070
T3-1080	诺斯菲被俘与投降陈述	incantation_代替	话:第291话 圣女 / block_id 7272md-0070~0071
T3-1083	玛利亚与拉丝缇娅拉终和解	incantation_世界炎蛇(昔日玛利亚戒打法)	话:291 / block_id 7272md-0072, 7272md-0073, 7272md-0074
T3-1086	法芙纳死斗·众生之赤	incantation_两百一十四年西南解放战线 | incantation_BloodField | incantation_DistanceMute | incantation_维度决战演算 | incantation_众生之赤 | incantation_赫尔米娜涅西亚	话:293~294 / block_id 7272md-0088, 7272md-0090, 7272md-0093, 7272md-0094
T3-1087	血之理「永不痊愈」之伤	incantation_艾尔梅斯米娅琉克	话:294 / block_id 7272md-0097, 7272md-0098, 7272md-0099
T3-1095	魔人三人组夺魔石逃亡	incantation_light_mind	话:298 / 7272md-0124
T3-1096	再战诺瓦露与赌石决斗	incantation_gravity_field	话:299 / 7272md-0128
T3-1097	诺斯菲突破束缚登场	incantation_light_brionac	话:300 / 7272md-0135
T3-1098	诺斯菲代价咏唱后的告白	relife_northfield | incantation_light_mind	话:300 / 7272md-0139
T3-1099	缇亚魔力暴走化为太阳	incantation_fire_arrow	话:301 / 7272md-0143
T3-1100	涡波大战阻拦的莱纳	incantation_helberan_duetist	话:301 / 7272md-0148
T3-1103	地下街之战尘埃落定	incantation_remove | incantation_full_cure	话:303 / 7272md-0158
T3-1105	涡波冻结全国封印结界	次元之冬 | Distance Mute	话:第304话 友人 / block_id 7272md-0164、0165、0166
T3-1106	涡波施展过去视窥百年记忆	次元决战演算·前日谭	话:第304话 友人 / 第305话 圣女的始点 / block_id 7272md-0166、0167
T3-1108	作战会议与未来视进化	次元决战演算·先谭	话:第308话 章节之始 / block_id 7272md-0195、0196、0197、0198
T3-1109	群袭弗茨亚茨城夜袭开始	Sehr·Wind	话:第309话 狂信徒们 / 第310话 第一回合 / block_id 7272md-0198、0199、0202、0203、0204、0205、0206
T3-1110	艾尔米拉德道破元老院黑幕	元老院blood_economy	话:第309话 狂信徒们 / block_id 7272md-0199、0200、0201
T3-1111	涡波二十层连擒四骑士	Distance Mute	话:第310话 第一回合 / block_id 7272md-0207、0208、0209
T3-1112	法芙纳血瀑战与地下决战	Tauz Schuss·Wind | 深渊次元的真夜 | Sehr·Wind	话:第310话 第一回合 / 第311话 地之底 / block_id 7272md-0209、0210、0211、0213、0214
T3-1120	诺斯菲代价咏唱·生而为代替之光	relife_northfield	话:第312话 ■■六十，盈满■■ / block_id 7272md-0224
T3-1123	涡波发动技能·最深部之誓约者	skill_最深部之誓约者	话:第313话 第■十■■练『■■』 / block_id 7272md-0228
T3-1125	Distance Mute联结·诺斯菲归心	incantation_距离默唘(Distance Mute)	话:第314话 ■■■、■■■■■—— / block_id 7272md-0235
T3-1134	诺斯菲重拾意志·守护拉丝缇娅拉	relife_northfield | relife_northfield_final	话:318 / block_id 7272md-0250
T3-1138	弗茨亚茨城地下血火死战	Tauz Schuss·Wind	话:第320话 血之源泉 / block_id 7373md-0002
T3-1140	白色太阳对四魔石共鸣	Teana·Blaze(自魂焦热之骸炎) | Quartz Shield | Field(共鸣魔法)	话:第320-321话 / block_id 7373md-0005~0008
T3-1141	莉帕携玛利亚撤离莱纳断后	Dark | Blood·Warez	话:第321话 暗杀的失格 / block_id 7373md-0009~0010
T3-1144	诺斯菲决意不老不死魔法	光之理(不老不死魔法·第一次尝试)	话:第322话 千年之阶的前方 / block_id 7373md-0015~0016
T3-1147	诺斯菲咏唱安抚光之御旗宣言	光之理(腐朽之暗/腐朽之光·齐化非白之白) | 光之理(梦境之暗/梦境之光·皆作非黑之黑)	话:第323话 认识死亡 / block_id 7373md-0019~0020
T3-1148	唤醒魔人骑士法芙纳掳人	Light/Full Cure/Remove | Blood Arrow | Ice Battering Ram | Invisible·Field	话:第323话 认识死亡 / block_id 7373md-0020~0024
T3-1152	拉古涅魔石黑色魔力失控显现	incantation_星之理	话:324 镜之魔力 / block_id 7373md-0029
T3-1153	弗茨亚茨城沦陷血战各线交锋	incantation_光枪Brionac	话:325 逃脱 / block_id 7373md-0031
T3-1155	诺斯菲拒绝交出『不老不死』	incantation_我于此弃旗 | incantation_Light Arrow	话:325 逃脱 / block_id 7373md-0036
T3-1156	斯诺龙化奇袭+拉古涅星之理逆转	incantation_Impulse Break | incantation_Flame Arrow | incantation_星之理	话:325 逃脱 / block_id 7373md-0037
T3-1157	大圣都地下街为伤者疗治	incantation_我于此弃旗	话:326 再次 / block_id 7373md-0039
T3-1159	诺斯菲完成两节真正魔法咏唱	incantation_我于此弃旗 | incantation_世界(你)的祝福已然无关紧要	话:326 再次 / block_id 7373md-0045
T3-1160	次元魔法Distance Mute抽取涡波魔石	incantation_Distance Mute	话:327 错识(认贼作母) / block_id 7373md-0050
T3-1164	涡波技能《???》真面目	incantation_异邦人(???)/素体(???)	话:第327话 错识 / block_id 7373md-0053
T3-1165	涡波示以人生咏唱唤起拉古涅初心	incantation_逐幻之幻	话:第328话 自那日以来一直 / block_id 7373md-0055
T3-1174	星之理与水之理之理开战	incantation_我为逐幻之幻 | incantation_甚而无法存在于世界之中	话:332 / block_id 7373md-0079
T3-1177	诺斯菲以奉代之力达不老不死	incantation_诺斯菲第三节咏唱	话:333 / block_id 7373md-0090-0092
T3-1180	光之御旗集结群雄反转对血之理	incantation_Light | incantation_Light Field | incantation_光之御旗Nosfy·Flag | incantation_Light Mind | incantation_Flame Light | incantation_Sehr·Wind | incantation_Tauz Schuss·Wind	话:334 / block_id 7373md-0093-0099
T3-1181	诺斯菲光之御旗现身救场	incantation_LightRod | incantation_LightArrow | incantation_光之御旗(NosfyFlag)	话:第334话 旗手 / block_id 7373md-0093
T3-1184	共鸣魔法Flame Light焚血河	incantation_共鸣魔法FlameLight	话:第334话 旗手 / block_id 7373md-0099
T3-1186	光矢破城门前大桥斩城门	incantation_光矢布里欧纳克(Light Arrow·Brionac)	话:334-335 旗手/第二回合 / block_id 7373md-0100, 7373md-0101
T3-1188	共鸣守护炎围困法芙纳突围	incantation_共鸣魔法Flame Arrow·守护炎	话:335 第二回合 / block_id 7373md-0106, 7373md-0107
T3-1189	斯诺全力龙化迎战怪物格连	incantation_龙之咆哮/龙之风(Dragon·Ardor)	话:335-336 第二回合/阶梯 / block_id 7373md-0107, 7373md-0108
T3-1194	真正魔法代而亡逝光使涡波复活	incantation_代而亡逝之光(NoLife·Nosfy) | incantation_次元魔法Distance Mute	话:341-342 光/反狱六十 / block_id 7373md-0135, 7373md-0136
T3-1195	诺斯菲化光成第六十试练守护者	incantation_第六十之试练(光)	话:342 反狱六十 / block_id 7373md-0144, 7373md-0145, 7373md-0146
T3-1204	镜之穹顶与许博之变革	dimension_次元决战演算(先谭) | celestial_garden_幻转大天体	话:第345话 第六十之试炼『反狱』 / block_id 7373md-0159~0163
T3-1205	萤唱对峙映月流光互代	inverted_lagunequalia_逆映湖月梦之咒 | nolife_nosfy_代而亡逝之光	话:第345话 第六十之试炼『反狱』 / block_id 7373md-0165~0166
